{"Signal_600_300": {"b": [{"eta_min": 0.0, "eta_max": 0.6, "pt_min": 20.0, "pt_max": 25.0, "eff": 0.7916078871635418}, {"eta_min": 0.6, "eta_max": 1.2, "pt_min": 20.0, "pt_max": 25.0, "eff": 0.8086712145551334}, {"eta_min": 1.2, "eta_max": 2.4, "pt_min": 20.0, "pt_max": 25.0, "eff": 0.7981549088356992}, {"eta_min": 0.0, "eta_max": 0.6, "pt_min": 25.0, "pt_max": 30.0, "eff": 0.8307662459294787}, {"eta_min": 0.6, "eta_max": 1.2, "pt_min": 25.0, "pt_max": 30.0, "eff": 0.8354529498208123}, {"eta_min": 1.2, "eta_max": 2.4, "pt_min": 25.0, "pt_max": 30.0, "eff": 0.8264896340755654}, {"eta_min": 0.0, "eta_max": 0.6, "pt_min": 30.0, "pt_max": 35.0, "eff": 0.8639940316300543}, {"eta_min": 0.6, "eta_max": 1.2, "pt_min": 30.0, "pt_max": 35.0, "eff": 0.8609252694162475}, {"eta_min": 1.2, "eta_max": 2.4, "pt_min": 30.0, "pt_max": 35.0, "eff": 0.8439366832047939}, {"eta_min": 0.0, "eta_max": 0.6, "pt_min": 35.0, "pt_max": 40.0, "eff": 0.8637599633332897}, {"eta_min": 0.6, "eta_max": 1.2, "pt_min": 35.0, "pt_max": 40.0, "eff": 0.8751445948727389}, {"eta_min": 1.2, "eta_max": 2.4, "pt_min": 35.0, "pt_max": 40.0, "eff": 0.8611996132559021}, {"eta_min": 0.0, "eta_max": 0.6, "pt_min": 40.0, "pt_max": 1300.0, "eff": 0.9025684895196473}, {"eta_min": 0.6, "eta_max": 1.2, "pt_min": 40.0, "pt_max": 1300.0, "eff": 0.8960592735453426}, {"eta_min": 1.2, "eta_max": 2.4, "pt_min": 40.0, "pt_max": 1300.0, "eff": 0.8781674954971945}], "c": [{"eta_min": 0.0, "eta_max": 0.6, "pt_min": 20.0, "pt_max": 25.0, "eff": 0.34051060310890335}, {"eta_min": 0.6, "eta_max": 1.2, "pt_min": 20.0, "pt_max": 25.0, "eff": 0.399161634704727}, {"eta_min": 1.2, "eta_max": 2.4, "pt_min": 20.0, "pt_max": 25.0, "eff": 0.42084299825227606}, {"eta_min": 0.0, "eta_max": 0.6, "pt_min": 25.0, "pt_max": 1300.0, "eff": 0.37051067555572187}, {"eta_min": 0.6, "eta_max": 1.2, "pt_min": 25.0, "pt_max": 1300.0, "eff": 0.38697379467944876}, {"eta_min": 1.2, "eta_max": 2.4, "pt_min": 25.0, "pt_max": 1300.0, "eff": 0.40785559275761146}], "udsg": [{"eta_min": 0.0, "eta_max": 0.6, "pt_min": 20.0, "pt_max": 25.0, "eff": 0.09325401241873367}, {"eta_min": 0.6, "eta_max": 1.2, "pt_min": 20.0, "pt_max": 25.0, "eff": 0.12050184703133465}, {"eta_min": 1.2, "eta_max": 2.4, "pt_min": 20.0, "pt_max": 25.0, "eff": 0.1989645894564483}, {"eta_min": 0.0, "eta_max": 0.6, "pt_min": 25.0, "pt_max": 1300.0, "eff": 0.07758404373224095}, {"eta_min": 0.6, "eta_max": 1.2, "pt_min": 25.0, "pt_max": 1300.0, "eff": 0.09766776902869978}, {"eta_min": 1.2, "eta_max": 2.4, "pt_min": 25.0, "pt_max": 1300.0, "eff": 0.15350196752376358}]}, "ZGToLLG": {"b": [{"eta_min": 0.0, "eta_max": 0.6, "pt_min": 20.0, "pt_max": 25.0, "eff": 0.7278911564625851}, {"eta_min": 0.6, "eta_max": 1.2, "pt_min": 20.0, "pt_max": 25.0, "eff": 0.7835051546391752}, {"eta_min": 1.2, "eta_max": 2.4, "pt_min": 20.0, "pt_max": 25.0, "eff": 0.7945690672963492}, {"eta_min": 0.0, "eta_max": 0.6, "pt_min": 25.0, "pt_max": 30.0, "eff": 0.8169934640522876}, {"eta_min": 0.6, "eta_max": 1.2, "pt_min": 25.0, "pt_max": 30.0, "eff": 0.8293736501079914}, {"eta_min": 1.2, "eta_max": 2.4, "pt_min": 25.0, "pt_max": 30.0, "eff": 0.8020378457059679}, {"eta_min": 0.0, "eta_max": 0.6, "pt_min": 30.0, "pt_max": 1300.0, "eff": 0.8766751484308555}, {"eta_min": 0.6, "eta_max": 1.2, "pt_min": 30.0, "pt_max": 1300.0, "eff": 0.8896400511602236}, {"eta_min": 1.2, "eta_max": 2.4, "pt_min": 30.0, "pt_max": 1300.0, "eff": 0.8528398021879023}], "c": [{"eta_min": 0.0, "eta_max": 0.6, "pt_min": 20.0, "pt_max": 25.0, "eff": 0.3637670740474619}, {"eta_min": 0.6, "eta_max": 1.2, "pt_min": 20.0, "pt_max": 25.0, "eff": 0.38124519600308815}, {"eta_min": 1.2, "eta_max": 2.4, "pt_min": 20.0, "pt_max": 25.0, "eff": 0.41060197663972786}, {"eta_min": 0.0, "eta_max": 0.6, "pt_min": 25.0, "pt_max": 1300.0, "eff": 0.4246082886793393}, {"eta_min": 0.6, "eta_max": 1.2, "pt_min": 25.0, "pt_max": 1300.0, "eff": 0.44647500185718136}, {"eta_min": 1.2, "eta_max": 2.4, "pt_min": 25.0, "pt_max": 1300.0, "eff": 0.462799043062173}], "udsg": [{"eta_min": 0.0, "eta_max": 0.6, "pt_min": 20.0, "pt_max": 25.0, "eff": 0.09410968178743391}, {"eta_min": 0.6, "eta_max": 1.2, "pt_min": 20.0, "pt_max": 25.0, "eff": 0.12244383640555512}, {"eta_min": 1.2, "eta_max": 2.4, "pt_min": 20.0, "pt_max": 25.0, "eff": 0.19798516270468017}, {"eta_min": 0.0, "eta_max": 0.6, "pt_min": 25.0, "pt_max": 1300.0, "eff": 0.09688024908856158}, {"eta_min": 0.6, "eta_max": 1.2, "pt_min": 25.0, "pt_max": 1300.0, "eff": 0.11759252536899183}, {"eta_min": 1.2, "eta_max": 2.4, "pt_min": 25.0, "pt_max": 1300.0, "eff": 0.17783689015100887}]}, "ZZZ": {"b": [{"eta_min": 0.0, "eta_max": 0.6, "pt_min": 20.0, "pt_max": 25.0, "eff": 0.8571428544441992}, {"eta_min": 0.6, "eta_max": 1.2, "pt_min": 20.0, "pt_max": 25.0, "eff": 0.7864077699356171}, {"eta_min": 1.2, "eta_max": 2.4, "pt_min": 20.0, "pt_max": 25.0, "eff": 0.8263888900705534}, {"eta_min": 0.0, "eta_max": 0.6, "pt_min": 25.0, "pt_max": 1300.0, "eff": 0.8854166658268846}, {"eta_min": 0.6, "eta_max": 1.2, "pt_min": 25.0, "pt_max": 1300.0, "eff": 0.8897180760957591}, {"eta_min": 1.2, "eta_max": 2.4, "pt_min": 25.0, "pt_max": 1300.0, "eff": 0.8666666668440846}], "c": [{"eta_min": 0.0, "eta_max": 0.6, "pt_min": 20.0, "pt_max": 25.0, "eff": 0.38679244948902675}, {"eta_min": 0.6, "eta_max": 1.2, "pt_min": 20.0, "pt_max": 25.0, "eff": 0.48421052855754537}, {"eta_min": 1.2, "eta_max": 2.4, "pt_min": 20.0, "pt_max": 25.0, "eff": 0.38028169189115907}, {"eta_min": 0.0, "eta_max": 0.6, "pt_min": 25.0, "pt_max": 1300.0, "eff": 0.45959183664444375}, {"eta_min": 0.6, "eta_max": 1.2, "pt_min": 25.0, "pt_max": 1300.0, "eff": 0.48236331592023457}, {"eta_min": 1.2, "eta_max": 2.4, "pt_min": 25.0, "pt_max": 1300.0, "eff": 0.4728522334109379}], "udsg": [{"eta_min": 0.0, "eta_max": 0.6, "pt_min": 20.0, "pt_max": 25.0, "eff": 0.08960915080204716}, {"eta_min": 0.6, "eta_max": 1.2, "pt_min": 20.0, "pt_max": 25.0, "eff": 0.14653465463241902}, {"eta_min": 1.2, "eta_max": 2.4, "pt_min": 20.0, "pt_max": 25.0, "eff": 0.19418758252421073}, {"eta_min": 0.0, "eta_max": 0.6, "pt_min": 25.0, "pt_max": 1300.0, "eff": 0.08724832197066876}, {"eta_min": 0.6, "eta_max": 1.2, "pt_min": 25.0, "pt_max": 1300.0, "eff": 0.10561518127654158}, {"eta_min": 1.2, "eta_max": 2.4, "pt_min": 25.0, "pt_max": 1300.0, "eff": 0.16626311528446658}]}, "ZZ": {"b": [{"eta_min": 0.0, "eta_max": 0.6, "pt_min": 20.0, "pt_max": 25.0, "eff": 0.7994428969359346}, {"eta_min": 0.6, "eta_max": 1.2, "pt_min": 20.0, "pt_max": 25.0, "eff": 0.8277945619335361}, {"eta_min": 1.2, "eta_max": 2.4, "pt_min": 20.0, "pt_max": 25.0, "eff": 0.8040404040404051}, {"eta_min": 0.0, "eta_max": 0.6, "pt_min": 25.0, "pt_max": 30.0, "eff": 0.8259587020648981}, {"eta_min": 0.6, "eta_max": 1.2, "pt_min": 25.0, "pt_max": 30.0, "eff": 0.8707692307692319}, {"eta_min": 1.2, "eta_max": 2.4, "pt_min": 25.0, "pt_max": 30.0, "eff": 0.8100436681222718}, {"eta_min": 0.0, "eta_max": 0.6, "pt_min": 30.0, "pt_max": 35.0, "eff": 0.8291925465838523}, {"eta_min": 0.6, "eta_max": 1.2, "pt_min": 30.0, "pt_max": 35.0, "eff": 0.8688524590163945}, {"eta_min": 1.2, "eta_max": 2.4, "pt_min": 30.0, "pt_max": 35.0, "eff": 0.8351893095768383}, {"eta_min": 0.0, "eta_max": 0.6, "pt_min": 35.0, "pt_max": 1300.0, "eff": 0.8906567366282988}, {"eta_min": 0.6, "eta_max": 1.2, "pt_min": 35.0, "pt_max": 1300.0, "eff": 0.9092841956059518}, {"eta_min": 1.2, "eta_max": 2.4, "pt_min": 35.0, "pt_max": 1300.0, "eff": 0.8703407880724158}], "c": [{"eta_min": 0.0, "eta_max": 0.6, "pt_min": 20.0, "pt_max": 25.0, "eff": 0.41831683168317196}, {"eta_min": 0.6, "eta_max": 1.2, "pt_min": 20.0, "pt_max": 25.0, "eff": 0.4463276836158226}, {"eta_min": 1.2, "eta_max": 2.4, "pt_min": 20.0, "pt_max": 25.0, "eff": 0.4525252525252554}, {"eta_min": 0.0, "eta_max": 0.6, "pt_min": 25.0, "pt_max": 1300.0, "eff": 0.4374088123723292}, {"eta_min": 0.6, "eta_max": 1.2, "pt_min": 25.0, "pt_max": 1300.0, "eff": 0.4574102964118481}, {"eta_min": 1.2, "eta_max": 2.4, "pt_min": 25.0, "pt_max": 1300.0, "eff": 0.4577314705185823}], "udsg": [{"eta_min": 0.0, "eta_max": 0.6, "pt_min": 20.0, "pt_max": 25.0, "eff": 0.09359296482411499}, {"eta_min": 0.6, "eta_max": 1.2, "pt_min": 20.0, "pt_max": 25.0, "eff": 0.13039686000871425}, {"eta_min": 1.2, "eta_max": 2.4, "pt_min": 20.0, "pt_max": 25.0, "eff": 0.20298433838947888}, {"eta_min": 0.0, "eta_max": 0.6, "pt_min": 25.0, "pt_max": 1300.0, "eff": 0.07802292156643341}, {"eta_min": 0.6, "eta_max": 1.2, "pt_min": 25.0, "pt_max": 1300.0, "eff": 0.10289652908839496}, {"eta_min": 1.2, "eta_max": 2.4, "pt_min": 25.0, "pt_max": 1300.0, "eff": 0.16420797367122855}]}, "WW": {"b": [{"eta_min": 0.0, "eta_max": 0.6, "pt_min": 20.0, "pt_max": 25.0, "eff": 0.6923076923076923}, {"eta_min": 0.6, "eta_max": 1.2, "pt_min": 20.0, "pt_max": 25.0, "eff": 0.7916666666666666}, {"eta_min": 1.2, "eta_max": 2.4, "pt_min": 20.0, "pt_max": 25.0, "eff": 0.7727272727272727}, {"eta_min": 0.0, "eta_max": 0.6, "pt_min": 25.0, "pt_max": 1300.0, "eff": 0.873737373737373}, {"eta_min": 0.6, "eta_max": 1.2, "pt_min": 25.0, "pt_max": 1300.0, "eff": 0.9039548022598864}, {"eta_min": 1.2, "eta_max": 2.4, "pt_min": 25.0, "pt_max": 1300.0, "eff": 0.8576388888888884}], "c": [{"eta_min": 0.0, "eta_max": 0.6, "pt_min": 20.0, "pt_max": 25.0, "eff": 0.3246753246753252}, {"eta_min": 0.6, "eta_max": 1.2, "pt_min": 20.0, "pt_max": 25.0, "eff": 0.3376623376623382}, {"eta_min": 1.2, "eta_max": 2.4, "pt_min": 20.0, "pt_max": 25.0, "eff": 0.3772455089820356}, {"eta_min": 0.0, "eta_max": 0.6, "pt_min": 25.0, "pt_max": 1300.0, "eff": 0.41643059490084905}, {"eta_min": 0.6, "eta_max": 1.2, "pt_min": 25.0, "pt_max": 1300.0, "eff": 0.4137931034482749}, {"eta_min": 1.2, "eta_max": 2.4, "pt_min": 25.0, "pt_max": 1300.0, "eff": 0.4101941747572808}], "udsg": [{"eta_min": 0.0, "eta_max": 0.6, "pt_min": 20.0, "pt_max": 25.0, "eff": 0.10470964791953016}, {"eta_min": 0.6, "eta_max": 1.2, "pt_min": 20.0, "pt_max": 25.0, "eff": 0.12110552763819711}, {"eta_min": 1.2, "eta_max": 2.4, "pt_min": 20.0, "pt_max": 25.0, "eff": 0.19868995633189226}, {"eta_min": 0.0, "eta_max": 0.6, "pt_min": 25.0, "pt_max": 1300.0, "eff": 0.07842529448233794}, {"eta_min": 0.6, "eta_max": 1.2, "pt_min": 25.0, "pt_max": 1300.0, "eff": 0.10498747437942113}, {"eta_min": 1.2, "eta_max": 2.4, "pt_min": 25.0, "pt_max": 1300.0, "eff": 0.16841125843219903}]}, "TTGJets": {"b": [{"eta_min": 0.0, "eta_max": 0.6, "pt_min": 20.0, "pt_max": 25.0, "eff": 0.8627450980392163}, {"eta_min": 0.6, "eta_max": 1.2, "pt_min": 20.0, "pt_max": 25.0, "eff": 0.8170212765957456}, {"eta_min": 1.2, "eta_max": 2.4, "pt_min": 20.0, "pt_max": 25.0, "eff": 0.833333333333334}, {"eta_min": 0.0, "eta_max": 0.6, "pt_min": 25.0, "pt_max": 30.0, "eff": 0.8648648648648655}, {"eta_min": 0.6, "eta_max": 1.2, "pt_min": 25.0, "pt_max": 30.0, "eff": 0.8449612403100782}, {"eta_min": 1.2, "eta_max": 2.4, "pt_min": 25.0, "pt_max": 30.0, "eff": 0.8367952522255199}, {"eta_min": 0.0, "eta_max": 0.6, "pt_min": 30.0, "pt_max": 1300.0, "eff": 0.8961820851688742}, {"eta_min": 0.6, "eta_max": 1.2, "pt_min": 30.0, "pt_max": 1300.0, "eff": 0.9011710432931213}, {"eta_min": 1.2, "eta_max": 2.4, "pt_min": 30.0, "pt_max": 1300.0, "eff": 0.8815083895519872}], "c": [{"eta_min": 0.0, "eta_max": 0.6, "pt_min": 20.0, "pt_max": 25.0, "eff": 0.597014925373134}, {"eta_min": 0.6, "eta_max": 1.2, "pt_min": 20.0, "pt_max": 25.0, "eff": 0.42105263157894757}, {"eta_min": 1.2, "eta_max": 2.4, "pt_min": 20.0, "pt_max": 25.0, "eff": 0.3983739837398362}, {"eta_min": 0.0, "eta_max": 0.6, "pt_min": 25.0, "pt_max": 1300.0, "eff": 0.4562043795620447}, {"eta_min": 0.6, "eta_max": 1.2, "pt_min": 25.0, "pt_max": 1300.0, "eff": 0.4145299145299156}, {"eta_min": 1.2, "eta_max": 2.4, "pt_min": 25.0, "pt_max": 1300.0, "eff": 0.4821634062140399}], "udsg": [{"eta_min": 0.0, "eta_max": 0.6, "pt_min": 20.0, "pt_max": 25.0, "eff": 0.10347826086956445}, {"eta_min": 0.6, "eta_max": 1.2, "pt_min": 20.0, "pt_max": 25.0, "eff": 0.0992907801418434}, {"eta_min": 1.2, "eta_max": 2.4, "pt_min": 20.0, "pt_max": 25.0, "eff": 0.1848450057405199}, {"eta_min": 0.0, "eta_max": 0.6, "pt_min": 25.0, "pt_max": 30.0, "eff": 0.09740932642487125}, {"eta_min": 0.6, "eta_max": 1.2, "pt_min": 25.0, "pt_max": 30.0, "eff": 0.13675213675213793}, {"eta_min": 1.2, "eta_max": 2.4, "pt_min": 25.0, "pt_max": 30.0, "eff": 0.17811501597443744}, {"eta_min": 0.0, "eta_max": 0.6, "pt_min": 30.0, "pt_max": 35.0, "eff": 0.10326086956521809}, {"eta_min": 0.6, "eta_max": 1.2, "pt_min": 30.0, "pt_max": 35.0, "eff": 0.12872841444270103}, {"eta_min": 1.2, "eta_max": 2.4, "pt_min": 30.0, "pt_max": 35.0, "eff": 0.23424657534246707}, {"eta_min": 0.0, "eta_max": 0.6, "pt_min": 35.0, "pt_max": 1300.0, "eff": 0.12128816394814419}, {"eta_min": 0.6, "eta_max": 1.2, "pt_min": 35.0, "pt_max": 1300.0, "eff": 0.11548494190183005}, {"eta_min": 1.2, "eta_max": 2.4, "pt_min": 35.0, "pt_max": 1300.0, "eff": 0.17773115540238216}]}, "TTToSemiLeptonic": {"b": [{"eta_min": 0.0, "eta_max": 0.6, "pt_min": 20.0, "pt_max": 25.0, "eff": 0.8096049046321497}, {"eta_min": 0.6, "eta_max": 1.2, "pt_min": 20.0, "pt_max": 25.0, "eff": 0.8069846038302635}, {"eta_min": 1.2, "eta_max": 2.4, "pt_min": 20.0, "pt_max": 25.0, "eff": 0.8033627814192053}, {"eta_min": 0.0, "eta_max": 0.6, "pt_min": 25.0, "pt_max": 30.0, "eff": 0.8396892655367212}, {"eta_min": 0.6, "eta_max": 1.2, "pt_min": 25.0, "pt_max": 30.0, "eff": 0.8342893562778817}, {"eta_min": 1.2, "eta_max": 2.4, "pt_min": 25.0, "pt_max": 30.0, "eff": 0.8369926813040917}, {"eta_min": 0.0, "eta_max": 0.6, "pt_min": 30.0, "pt_max": 35.0, "eff": 0.8428603452141751}, {"eta_min": 0.6, "eta_max": 1.2, "pt_min": 30.0, "pt_max": 35.0, "eff": 0.8575891694871609}, {"eta_min": 1.2, "eta_max": 2.4, "pt_min": 30.0, "pt_max": 35.0, "eff": 0.8358122240298523}, {"eta_min": 0.0, "eta_max": 0.6, "pt_min": 35.0, "pt_max": 40.0, "eff": 0.8565322430775687}, {"eta_min": 0.6, "eta_max": 1.2, "pt_min": 35.0, "pt_max": 40.0, "eff": 0.8671417934263095}, {"eta_min": 1.2, "eta_max": 2.4, "pt_min": 35.0, "pt_max": 40.0, "eff": 0.8490951546994392}, {"eta_min": 0.0, "eta_max": 0.6, "pt_min": 40.0, "pt_max": 45.0, "eff": 0.8701779817992042}, {"eta_min": 0.6, "eta_max": 1.2, "pt_min": 40.0, "pt_max": 45.0, "eff": 0.8712006079028033}, {"eta_min": 1.2, "eta_max": 2.4, "pt_min": 40.0, "pt_max": 45.0, "eff": 0.8495174651977823}, {"eta_min": 0.0, "eta_max": 0.6, "pt_min": 45.0, "pt_max": 50.0, "eff": 0.8812317811496119}, {"eta_min": 0.6, "eta_max": 1.2, "pt_min": 45.0, "pt_max": 50.0, "eff": 0.8840604901790928}, {"eta_min": 1.2, "eta_max": 2.4, "pt_min": 45.0, "pt_max": 50.0, "eff": 0.8601708320152462}, {"eta_min": 0.0, "eta_max": 0.6, "pt_min": 50.0, "pt_max": 55.0, "eff": 0.8869409660107782}, {"eta_min": 0.6, "eta_max": 1.2, "pt_min": 50.0, "pt_max": 55.0, "eff": 0.8944667749936359}, {"eta_min": 1.2, "eta_max": 2.4, "pt_min": 50.0, "pt_max": 55.0, "eff": 0.8665409101627556}, {"eta_min": 0.0, "eta_max": 0.6, "pt_min": 55.0, "pt_max": 60.0, "eff": 0.8920124628240049}, {"eta_min": 0.6, "eta_max": 1.2, "pt_min": 55.0, "pt_max": 60.0, "eff": 0.8995761612317754}, {"eta_min": 1.2, "eta_max": 2.4, "pt_min": 55.0, "pt_max": 60.0, "eff": 0.8708950418545327}, {"eta_min": 0.0, "eta_max": 0.6, "pt_min": 60.0, "pt_max": 65.0, "eff": 0.9008137233341067}, {"eta_min": 0.6, "eta_max": 1.2, "pt_min": 60.0, "pt_max": 65.0, "eff": 0.8946292014939163}, {"eta_min": 1.2, "eta_max": 2.4, "pt_min": 60.0, "pt_max": 65.0, "eff": 0.8743819659767615}, {"eta_min": 0.0, "eta_max": 0.6, "pt_min": 65.0, "pt_max": 70.0, "eff": 0.8980012206286668}, {"eta_min": 0.6, "eta_max": 1.2, "pt_min": 65.0, "pt_max": 70.0, "eff": 0.9025280642512129}, {"eta_min": 1.2, "eta_max": 2.4, "pt_min": 65.0, "pt_max": 70.0, "eff": 0.8748662147699512}, {"eta_min": 0.0, "eta_max": 0.6, "pt_min": 70.0, "pt_max": 75.0, "eff": 0.9030010293768737}, {"eta_min": 0.6, "eta_max": 1.2, "pt_min": 70.0, "pt_max": 75.0, "eff": 0.9054688248252585}, {"eta_min": 1.2, "eta_max": 2.4, "pt_min": 70.0, "pt_max": 75.0, "eff": 0.8776937074993465}, {"eta_min": 0.0, "eta_max": 0.6, "pt_min": 75.0, "pt_max": 80.0, "eff": 0.9031127073713474}, {"eta_min": 0.6, "eta_max": 1.2, "pt_min": 75.0, "pt_max": 80.0, "eff": 0.9038918137710883}, {"eta_min": 1.2, "eta_max": 2.4, "pt_min": 75.0, "pt_max": 80.0, "eff": 0.8816918675930379}, {"eta_min": 0.0, "eta_max": 0.6, "pt_min": 80.0, "pt_max": 85.0, "eff": 0.9030325040857579}, {"eta_min": 0.6, "eta_max": 1.2, "pt_min": 80.0, "pt_max": 85.0, "eff": 0.90358218948784}, {"eta_min": 1.2, "eta_max": 2.4, "pt_min": 80.0, "pt_max": 85.0, "eff": 0.8811312417146109}, {"eta_min": 0.0, "eta_max": 0.6, "pt_min": 85.0, "pt_max": 90.0, "eff": 0.8994955374466974}, {"eta_min": 0.6, "eta_max": 1.2, "pt_min": 85.0, "pt_max": 90.0, "eff": 0.9077327596510709}, {"eta_min": 1.2, "eta_max": 2.4, "pt_min": 85.0, "pt_max": 90.0, "eff": 0.8840738043215152}, {"eta_min": 0.0, "eta_max": 0.6, "pt_min": 90.0, "pt_max": 95.0, "eff": 0.9046080066722819}, {"eta_min": 0.6, "eta_max": 1.2, "pt_min": 90.0, "pt_max": 95.0, "eff": 0.905553456743549}, {"eta_min": 1.2, "eta_max": 2.4, "pt_min": 90.0, "pt_max": 95.0, "eff": 0.8831099195710763}, {"eta_min": 0.0, "eta_max": 0.6, "pt_min": 95.0, "pt_max": 100.0, "eff": 0.9117180417044978}, {"eta_min": 0.6, "eta_max": 1.2, "pt_min": 95.0, "pt_max": 100.0, "eff": 0.9079146593255469}, {"eta_min": 1.2, "eta_max": 2.4, "pt_min": 95.0, "pt_max": 100.0, "eff": 0.8817638266068744}, {"eta_min": 0.0, "eta_max": 0.6, "pt_min": 100.0, "pt_max": 105.0, "eff": 0.9080659150043996}, {"eta_min": 0.6, "eta_max": 1.2, "pt_min": 100.0, "pt_max": 105.0, "eff": 0.9118975903614446}, {"eta_min": 1.2, "eta_max": 2.4, "pt_min": 100.0, "pt_max": 105.0, "eff": 0.8863031914893601}, {"eta_min": 0.0, "eta_max": 0.6, "pt_min": 105.0, "pt_max": 110.0, "eff": 0.9125526995784254}, {"eta_min": 0.6, "eta_max": 1.2, "pt_min": 105.0, "pt_max": 110.0, "eff": 0.9070737404070723}, {"eta_min": 1.2, "eta_max": 2.4, "pt_min": 105.0, "pt_max": 110.0, "eff": 0.8850186600319868}, {"eta_min": 0.0, "eta_max": 0.6, "pt_min": 110.0, "pt_max": 115.0, "eff": 0.9141531322505789}, {"eta_min": 0.6, "eta_max": 1.2, "pt_min": 110.0, "pt_max": 115.0, "eff": 0.9101454612410222}, {"eta_min": 1.2, "eta_max": 2.4, "pt_min": 110.0, "pt_max": 115.0, "eff": 0.891812291380324}, {"eta_min": 0.0, "eta_max": 0.6, "pt_min": 115.0, "pt_max": 120.0, "eff": 0.9102941176470576}, {"eta_min": 0.6, "eta_max": 1.2, "pt_min": 115.0, "pt_max": 120.0, "eff": 0.9018181818181801}, {"eta_min": 1.2, "eta_max": 2.4, "pt_min": 115.0, "pt_max": 120.0, "eff": 0.8935512367491145}, {"eta_min": 0.0, "eta_max": 0.6, "pt_min": 120.0, "pt_max": 125.0, "eff": 0.910476865803934}, {"eta_min": 0.6, "eta_max": 1.2, "pt_min": 120.0, "pt_max": 125.0, "eff": 0.9144373203625895}, {"eta_min": 1.2, "eta_max": 2.4, "pt_min": 120.0, "pt_max": 125.0, "eff": 0.891785538612885}, {"eta_min": 0.0, "eta_max": 0.6, "pt_min": 125.0, "pt_max": 130.0, "eff": 0.912308610061641}, {"eta_min": 0.6, "eta_max": 1.2, "pt_min": 125.0, "pt_max": 130.0, "eff": 0.9163526752072325}, {"eta_min": 1.2, "eta_max": 2.4, "pt_min": 125.0, "pt_max": 130.0, "eff": 0.888794806661019}, {"eta_min": 0.0, "eta_max": 0.6, "pt_min": 130.0, "pt_max": 135.0, "eff": 0.9072905331882464}, {"eta_min": 0.6, "eta_max": 1.2, "pt_min": 130.0, "pt_max": 135.0, "eff": 0.9173466701763603}, {"eta_min": 1.2, "eta_max": 2.4, "pt_min": 130.0, "pt_max": 135.0, "eff": 0.8890559230306645}, {"eta_min": 0.0, "eta_max": 0.6, "pt_min": 135.0, "pt_max": 1300.0, "eff": 0.904214125585741}, {"eta_min": 0.6, "eta_max": 1.2, "pt_min": 135.0, "pt_max": 1300.0, "eff": 0.9062737309419967}, {"eta_min": 1.2, "eta_max": 2.4, "pt_min": 135.0, "pt_max": 1300.0, "eff": 0.8826971102390528}], "c": [{"eta_min": 0.0, "eta_max": 0.6, "pt_min": 20.0, "pt_max": 25.0, "eff": 0.43123793177428665}, {"eta_min": 0.6, "eta_max": 1.2, "pt_min": 20.0, "pt_max": 25.0, "eff": 0.43077293522753435}, {"eta_min": 1.2, "eta_max": 2.4, "pt_min": 20.0, "pt_max": 25.0, "eff": 0.44057815845823534}, {"eta_min": 0.0, "eta_max": 0.6, "pt_min": 25.0, "pt_max": 30.0, "eff": 0.43122765196661506}, {"eta_min": 0.6, "eta_max": 1.2, "pt_min": 25.0, "pt_max": 30.0, "eff": 0.459082847732443}, {"eta_min": 1.2, "eta_max": 2.4, "pt_min": 25.0, "pt_max": 30.0, "eff": 0.46114309210525345}, {"eta_min": 0.0, "eta_max": 0.6, "pt_min": 30.0, "pt_max": 35.0, "eff": 0.4544361625390604}, {"eta_min": 0.6, "eta_max": 1.2, "pt_min": 30.0, "pt_max": 35.0, "eff": 0.44902328070643616}, {"eta_min": 1.2, "eta_max": 2.4, "pt_min": 30.0, "pt_max": 35.0, "eff": 0.46744612563043403}, {"eta_min": 0.0, "eta_max": 0.6, "pt_min": 35.0, "pt_max": 40.0, "eff": 0.44060370009735905}, {"eta_min": 0.6, "eta_max": 1.2, "pt_min": 35.0, "pt_max": 40.0, "eff": 0.45757575757574454}, {"eta_min": 1.2, "eta_max": 2.4, "pt_min": 35.0, "pt_max": 40.0, "eff": 0.45784267545924456}, {"eta_min": 0.0, "eta_max": 0.6, "pt_min": 40.0, "pt_max": 45.0, "eff": 0.43807855891917713}, {"eta_min": 0.6, "eta_max": 1.2, "pt_min": 40.0, "pt_max": 45.0, "eff": 0.4670996893532769}, {"eta_min": 1.2, "eta_max": 2.4, "pt_min": 40.0, "pt_max": 45.0, "eff": 0.47103465722235105}, {"eta_min": 0.0, "eta_max": 0.6, "pt_min": 45.0, "pt_max": 50.0, "eff": 0.4393122915062743}, {"eta_min": 0.6, "eta_max": 1.2, "pt_min": 45.0, "pt_max": 50.0, "eff": 0.4644578313252871}, {"eta_min": 1.2, "eta_max": 2.4, "pt_min": 45.0, "pt_max": 50.0, "eff": 0.46396761133601977}, {"eta_min": 0.0, "eta_max": 0.6, "pt_min": 50.0, "pt_max": 55.0, "eff": 0.4370466321243396}, {"eta_min": 0.6, "eta_max": 1.2, "pt_min": 50.0, "pt_max": 55.0, "eff": 0.47177296307597005}, {"eta_min": 1.2, "eta_max": 2.4, "pt_min": 50.0, "pt_max": 55.0, "eff": 0.47404645827357444}, {"eta_min": 0.0, "eta_max": 0.6, "pt_min": 55.0, "pt_max": 60.0, "eff": 0.4325917984454437}, {"eta_min": 0.6, "eta_max": 1.2, "pt_min": 55.0, "pt_max": 60.0, "eff": 0.473104342190523}, {"eta_min": 1.2, "eta_max": 2.4, "pt_min": 55.0, "pt_max": 60.0, "eff": 0.4716117216117075}, {"eta_min": 0.0, "eta_max": 0.6, "pt_min": 60.0, "pt_max": 1300.0, "eff": 0.4582648072629361}, {"eta_min": 0.6, "eta_max": 1.2, "pt_min": 60.0, "pt_max": 1300.0, "eff": 0.4823235786179942}, {"eta_min": 1.2, "eta_max": 2.4, "pt_min": 60.0, "pt_max": 1300.0, "eff": 0.4798724028904792}], "udsg": [{"eta_min": 0.0, "eta_max": 0.6, "pt_min": 20.0, "pt_max": 25.0, "eff": 0.09799465867024955}, {"eta_min": 0.6, "eta_max": 1.2, "pt_min": 20.0, "pt_max": 25.0, "eff": 0.1305590373526847}, {"eta_min": 1.2, "eta_max": 2.4, "pt_min": 20.0, "pt_max": 25.0, "eff": 0.1975595759458285}, {"eta_min": 0.0, "eta_max": 0.6, "pt_min": 25.0, "pt_max": 1300.0, "eff": 0.07551150200881006}, {"eta_min": 0.6, "eta_max": 1.2, "pt_min": 25.0, "pt_max": 1300.0, "eff": 0.0978770224832397}, {"eta_min": 1.2, "eta_max": 2.4, "pt_min": 25.0, "pt_max": 1300.0, "eff": 0.154827535079994}]}, "TTTo2L2Nu": {"b": [{"eta_min": 0.0, "eta_max": 0.6, "pt_min": 20.0, "pt_max": 25.0, "eff": 0.8180300406034269}, {"eta_min": 0.6, "eta_max": 1.2, "pt_min": 20.0, "pt_max": 25.0, "eff": 0.8235941729269706}, {"eta_min": 1.2, "eta_max": 2.4, "pt_min": 20.0, "pt_max": 25.0, "eff": 0.8046427253449805}, {"eta_min": 0.0, "eta_max": 0.6, "pt_min": 25.0, "pt_max": 30.0, "eff": 0.8483174837158957}, {"eta_min": 0.6, "eta_max": 1.2, "pt_min": 25.0, "pt_max": 30.0, "eff": 0.8534164114481397}, {"eta_min": 1.2, "eta_max": 2.4, "pt_min": 25.0, "pt_max": 30.0, "eff": 0.8330600945477674}, {"eta_min": 0.0, "eta_max": 0.6, "pt_min": 30.0, "pt_max": 35.0, "eff": 0.8630541418722185}, {"eta_min": 0.6, "eta_max": 1.2, "pt_min": 30.0, "pt_max": 35.0, "eff": 0.8685037685158643}, {"eta_min": 1.2, "eta_max": 2.4, "pt_min": 30.0, "pt_max": 35.0, "eff": 0.8493345819017786}, {"eta_min": 0.0, "eta_max": 0.6, "pt_min": 35.0, "pt_max": 40.0, "eff": 0.8752294630566064}, {"eta_min": 0.6, "eta_max": 1.2, "pt_min": 35.0, "pt_max": 40.0, "eff": 0.8777046346168433}, {"eta_min": 1.2, "eta_max": 2.4, "pt_min": 35.0, "pt_max": 40.0, "eff": 0.8597724126131581}, {"eta_min": 0.0, "eta_max": 0.6, "pt_min": 40.0, "pt_max": 45.0, "eff": 0.88417925283317}, {"eta_min": 0.6, "eta_max": 1.2, "pt_min": 40.0, "pt_max": 45.0, "eff": 0.8876397739571158}, {"eta_min": 1.2, "eta_max": 2.4, "pt_min": 40.0, "pt_max": 45.0, "eff": 0.866505833467317}, {"eta_min": 0.0, "eta_max": 0.6, "pt_min": 45.0, "pt_max": 50.0, "eff": 0.8903525279138177}, {"eta_min": 0.6, "eta_max": 1.2, "pt_min": 45.0, "pt_max": 50.0, "eff": 0.8936333778931478}, {"eta_min": 1.2, "eta_max": 2.4, "pt_min": 45.0, "pt_max": 50.0, "eff": 0.8726178008355835}, {"eta_min": 0.0, "eta_max": 0.6, "pt_min": 50.0, "pt_max": 55.0, "eff": 0.8951762387799563}, {"eta_min": 0.6, "eta_max": 1.2, "pt_min": 50.0, "pt_max": 55.0, "eff": 0.8970912711817579}, {"eta_min": 1.2, "eta_max": 2.4, "pt_min": 50.0, "pt_max": 55.0, "eff": 0.8752810045218923}, {"eta_min": 0.0, "eta_max": 0.6, "pt_min": 55.0, "pt_max": 60.0, "eff": 0.9005688807471264}, {"eta_min": 0.6, "eta_max": 1.2, "pt_min": 55.0, "pt_max": 60.0, "eff": 0.9009812545292799}, {"eta_min": 1.2, "eta_max": 2.4, "pt_min": 55.0, "pt_max": 60.0, "eff": 0.8790521085953305}, {"eta_min": 0.0, "eta_max": 0.6, "pt_min": 60.0, "pt_max": 65.0, "eff": 0.9031362742210371}, {"eta_min": 0.6, "eta_max": 1.2, "pt_min": 60.0, "pt_max": 65.0, "eff": 0.9048256917246964}, {"eta_min": 1.2, "eta_max": 2.4, "pt_min": 60.0, "pt_max": 65.0, "eff": 0.8817555529162177}, {"eta_min": 0.0, "eta_max": 0.6, "pt_min": 65.0, "pt_max": 70.0, "eff": 0.9055996393915212}, {"eta_min": 0.6, "eta_max": 1.2, "pt_min": 65.0, "pt_max": 70.0, "eff": 0.907430674667675}, {"eta_min": 1.2, "eta_max": 2.4, "pt_min": 65.0, "pt_max": 70.0, "eff": 0.8838112418782837}, {"eta_min": 0.0, "eta_max": 0.6, "pt_min": 70.0, "pt_max": 75.0, "eff": 0.9080459770116347}, {"eta_min": 0.6, "eta_max": 1.2, "pt_min": 70.0, "pt_max": 75.0, "eff": 0.9092720824186801}, {"eta_min": 1.2, "eta_max": 2.4, "pt_min": 70.0, "pt_max": 75.0, "eff": 0.8857713767323317}, {"eta_min": 0.0, "eta_max": 0.6, "pt_min": 75.0, "pt_max": 80.0, "eff": 0.9091891891893394}, {"eta_min": 0.6, "eta_max": 1.2, "pt_min": 75.0, "pt_max": 80.0, "eff": 0.9120179984142538}, {"eta_min": 1.2, "eta_max": 2.4, "pt_min": 75.0, "pt_max": 80.0, "eff": 0.8870006140196984}, {"eta_min": 0.0, "eta_max": 0.6, "pt_min": 80.0, "pt_max": 85.0, "eff": 0.9113016410454057}, {"eta_min": 0.6, "eta_max": 1.2, "pt_min": 80.0, "pt_max": 85.0, "eff": 0.9134577052239488}, {"eta_min": 1.2, "eta_max": 2.4, "pt_min": 80.0, "pt_max": 85.0, "eff": 0.8912971089029527}, {"eta_min": 0.0, "eta_max": 0.6, "pt_min": 85.0, "pt_max": 90.0, "eff": 0.9120536063376574}, {"eta_min": 0.6, "eta_max": 1.2, "pt_min": 85.0, "pt_max": 90.0, "eff": 0.9143179003598011}, {"eta_min": 1.2, "eta_max": 2.4, "pt_min": 85.0, "pt_max": 90.0, "eff": 0.891920019667589}, {"eta_min": 0.0, "eta_max": 0.6, "pt_min": 90.0, "pt_max": 95.0, "eff": 0.9152337858222099}, {"eta_min": 0.6, "eta_max": 1.2, "pt_min": 90.0, "pt_max": 95.0, "eff": 0.914708102771952}, {"eta_min": 1.2, "eta_max": 2.4, "pt_min": 90.0, "pt_max": 95.0, "eff": 0.8947451813745196}, {"eta_min": 0.0, "eta_max": 0.6, "pt_min": 95.0, "pt_max": 100.0, "eff": 0.9147671550419649}, {"eta_min": 0.6, "eta_max": 1.2, "pt_min": 95.0, "pt_max": 100.0, "eff": 0.9166341563100531}, {"eta_min": 1.2, "eta_max": 2.4, "pt_min": 95.0, "pt_max": 100.0, "eff": 0.8947925509063513}, {"eta_min": 0.0, "eta_max": 0.6, "pt_min": 100.0, "pt_max": 105.0, "eff": 0.9161624461544603}, {"eta_min": 0.6, "eta_max": 1.2, "pt_min": 100.0, "pt_max": 105.0, "eff": 0.9187716845324114}, {"eta_min": 1.2, "eta_max": 2.4, "pt_min": 100.0, "pt_max": 105.0, "eff": 0.8962018978593591}, {"eta_min": 0.0, "eta_max": 0.6, "pt_min": 105.0, "pt_max": 110.0, "eff": 0.9174482138055773}, {"eta_min": 0.6, "eta_max": 1.2, "pt_min": 105.0, "pt_max": 110.0, "eff": 0.9188196614282863}, {"eta_min": 1.2, "eta_max": 2.4, "pt_min": 105.0, "pt_max": 110.0, "eff": 0.8960518198647445}, {"eta_min": 0.0, "eta_max": 0.6, "pt_min": 110.0, "pt_max": 115.0, "eff": 0.9170308873044978}, {"eta_min": 0.6, "eta_max": 1.2, "pt_min": 110.0, "pt_max": 115.0, "eff": 0.9203778145611841}, {"eta_min": 1.2, "eta_max": 2.4, "pt_min": 110.0, "pt_max": 115.0, "eff": 0.89651417792621}, {"eta_min": 0.0, "eta_max": 0.6, "pt_min": 115.0, "pt_max": 120.0, "eff": 0.9174799836365778}, {"eta_min": 0.6, "eta_max": 1.2, "pt_min": 115.0, "pt_max": 120.0, "eff": 0.9200706787240197}, {"eta_min": 1.2, "eta_max": 2.4, "pt_min": 115.0, "pt_max": 120.0, "eff": 0.8964667645209098}, {"eta_min": 0.0, "eta_max": 0.6, "pt_min": 120.0, "pt_max": 125.0, "eff": 0.9182576533670443}, {"eta_min": 0.6, "eta_max": 1.2, "pt_min": 120.0, "pt_max": 125.0, "eff": 0.9208650030271099}, {"eta_min": 1.2, "eta_max": 2.4, "pt_min": 120.0, "pt_max": 125.0, "eff": 0.8965593339351562}, {"eta_min": 0.0, "eta_max": 0.6, "pt_min": 125.0, "pt_max": 1300.0, "eff": 0.9187097102100398}, {"eta_min": 0.6, "eta_max": 1.2, "pt_min": 125.0, "pt_max": 1300.0, "eff": 0.917844228309695}, {"eta_min": 1.2, "eta_max": 2.4, "pt_min": 125.0, "pt_max": 1300.0, "eff": 0.8940694142920824}], "c": [{"eta_min": 0.0, "eta_max": 0.6, "pt_min": 20.0, "pt_max": 25.0, "eff": 0.3762786166582784}, {"eta_min": 0.6, "eta_max": 1.2, "pt_min": 20.0, "pt_max": 25.0, "eff": 0.39782228993990315}, {"eta_min": 1.2, "eta_max": 2.4, "pt_min": 20.0, "pt_max": 25.0, "eff": 0.41806718024971623}, {"eta_min": 0.0, "eta_max": 0.6, "pt_min": 25.0, "pt_max": 30.0, "eff": 0.3739865705047175}, {"eta_min": 0.6, "eta_max": 1.2, "pt_min": 25.0, "pt_max": 30.0, "eff": 0.3953785539345082}, {"eta_min": 1.2, "eta_max": 2.4, "pt_min": 25.0, "pt_max": 30.0, "eff": 0.4218457027917615}, {"eta_min": 0.0, "eta_max": 0.6, "pt_min": 30.0, "pt_max": 1300.0, "eff": 0.371585482691965}, {"eta_min": 0.6, "eta_max": 1.2, "pt_min": 30.0, "pt_max": 1300.0, "eff": 0.3958663497106775}, {"eta_min": 1.2, "eta_max": 2.4, "pt_min": 30.0, "pt_max": 1300.0, "eff": 0.41709626295531005}], "udsg": [{"eta_min": 0.0, "eta_max": 0.6, "pt_min": 20.0, "pt_max": 25.0, "eff": 0.1024659244620715}, {"eta_min": 0.6, "eta_max": 1.2, "pt_min": 20.0, "pt_max": 25.0, "eff": 0.13256665459639294}, {"eta_min": 1.2, "eta_max": 2.4, "pt_min": 20.0, "pt_max": 25.0, "eff": 0.20135310232327353}, {"eta_min": 0.0, "eta_max": 0.6, "pt_min": 25.0, "pt_max": 30.0, "eff": 0.09490832559510756}, {"eta_min": 0.6, "eta_max": 1.2, "pt_min": 25.0, "pt_max": 30.0, "eff": 0.11923915552992498}, {"eta_min": 1.2, "eta_max": 2.4, "pt_min": 25.0, "pt_max": 30.0, "eff": 0.1782515106636678}, {"eta_min": 0.0, "eta_max": 0.6, "pt_min": 30.0, "pt_max": 35.0, "eff": 0.08991027438119706}, {"eta_min": 0.6, "eta_max": 1.2, "pt_min": 30.0, "pt_max": 35.0, "eff": 0.1118610455567223}, {"eta_min": 1.2, "eta_max": 2.4, "pt_min": 30.0, "pt_max": 35.0, "eff": 0.16393198503270287}, {"eta_min": 0.0, "eta_max": 0.6, "pt_min": 35.0, "pt_max": 40.0, "eff": 0.08589319714367732}, {"eta_min": 0.6, "eta_max": 1.2, "pt_min": 35.0, "pt_max": 40.0, "eff": 0.10819275929227956}, {"eta_min": 1.2, "eta_max": 2.4, "pt_min": 35.0, "pt_max": 40.0, "eff": 0.15827413562683063}, {"eta_min": 0.0, "eta_max": 0.6, "pt_min": 40.0, "pt_max": 1300.0, "eff": 0.0878054132171567}, {"eta_min": 0.6, "eta_max": 1.2, "pt_min": 40.0, "pt_max": 1300.0, "eff": 0.10824527694463726}, {"eta_min": 1.2, "eta_max": 2.4, "pt_min": 40.0, "pt_max": 1300.0, "eff": 0.1601033302092202}]}, "ST_tW_antitop": {"b": [{"eta_min": 0.0, "eta_max": 0.6, "pt_min": 20.0, "pt_max": 25.0, "eff": 0.8055440628878733}, {"eta_min": 0.6, "eta_max": 1.2, "pt_min": 20.0, "pt_max": 25.0, "eff": 0.818659127625198}, {"eta_min": 1.2, "eta_max": 2.4, "pt_min": 20.0, "pt_max": 25.0, "eff": 0.7921182266009825}, {"eta_min": 0.0, "eta_max": 0.6, "pt_min": 25.0, "pt_max": 30.0, "eff": 0.8449725776965235}, {"eta_min": 0.6, "eta_max": 1.2, "pt_min": 25.0, "pt_max": 30.0, "eff": 0.8438473520249189}, {"eta_min": 1.2, "eta_max": 2.4, "pt_min": 25.0, "pt_max": 30.0, "eff": 0.828716036228021}, {"eta_min": 0.0, "eta_max": 0.6, "pt_min": 30.0, "pt_max": 35.0, "eff": 0.8681431005110709}, {"eta_min": 0.6, "eta_max": 1.2, "pt_min": 30.0, "pt_max": 35.0, "eff": 0.8588665447897595}, {"eta_min": 1.2, "eta_max": 2.4, "pt_min": 30.0, "pt_max": 35.0, "eff": 0.8484930032292766}, {"eta_min": 0.0, "eta_max": 0.6, "pt_min": 35.0, "pt_max": 40.0, "eff": 0.8662718204488756}, {"eta_min": 0.6, "eta_max": 1.2, "pt_min": 35.0, "pt_max": 40.0, "eff": 0.883299110198492}, {"eta_min": 1.2, "eta_max": 2.4, "pt_min": 35.0, "pt_max": 40.0, "eff": 0.8479001135073757}, {"eta_min": 0.0, "eta_max": 0.6, "pt_min": 40.0, "pt_max": 45.0, "eff": 0.8850904912381482}, {"eta_min": 0.6, "eta_max": 1.2, "pt_min": 40.0, "pt_max": 45.0, "eff": 0.8805309734513252}, {"eta_min": 1.2, "eta_max": 2.4, "pt_min": 40.0, "pt_max": 45.0, "eff": 0.873125720876584}, {"eta_min": 0.0, "eta_max": 0.6, "pt_min": 45.0, "pt_max": 50.0, "eff": 0.8818503241013534}, {"eta_min": 0.6, "eta_max": 1.2, "pt_min": 45.0, "pt_max": 50.0, "eff": 0.8794206803637566}, {"eta_min": 1.2, "eta_max": 2.4, "pt_min": 45.0, "pt_max": 50.0, "eff": 0.8626865671641769}, {"eta_min": 0.0, "eta_max": 0.6, "pt_min": 50.0, "pt_max": 55.0, "eff": 0.8937129968987861}, {"eta_min": 0.6, "eta_max": 1.2, "pt_min": 50.0, "pt_max": 55.0, "eff": 0.894002789400277}, {"eta_min": 1.2, "eta_max": 2.4, "pt_min": 50.0, "pt_max": 55.0, "eff": 0.8799243618027084}, {"eta_min": 0.0, "eta_max": 0.6, "pt_min": 55.0, "pt_max": 60.0, "eff": 0.8954911914004163}, {"eta_min": 0.6, "eta_max": 1.2, "pt_min": 55.0, "pt_max": 60.0, "eff": 0.8947178002894336}, {"eta_min": 1.2, "eta_max": 2.4, "pt_min": 55.0, "pt_max": 60.0, "eff": 0.8807079646017677}, {"eta_min": 0.0, "eta_max": 0.6, "pt_min": 60.0, "pt_max": 65.0, "eff": 0.8973228346456675}, {"eta_min": 0.6, "eta_max": 1.2, "pt_min": 60.0, "pt_max": 65.0, "eff": 0.8981552651806282}, {"eta_min": 1.2, "eta_max": 2.4, "pt_min": 60.0, "pt_max": 65.0, "eff": 0.875332573166094}, {"eta_min": 0.0, "eta_max": 0.6, "pt_min": 65.0, "pt_max": 70.0, "eff": 0.906448379552287}, {"eta_min": 0.6, "eta_max": 1.2, "pt_min": 65.0, "pt_max": 70.0, "eff": 0.9118261596322588}, {"eta_min": 1.2, "eta_max": 2.4, "pt_min": 65.0, "pt_max": 70.0, "eff": 0.8799999999999975}, {"eta_min": 0.0, "eta_max": 0.6, "pt_min": 70.0, "pt_max": 75.0, "eff": 0.8985771616198448}, {"eta_min": 0.6, "eta_max": 1.2, "pt_min": 70.0, "pt_max": 75.0, "eff": 0.9101580135440159}, {"eta_min": 1.2, "eta_max": 2.4, "pt_min": 70.0, "pt_max": 75.0, "eff": 0.8954248366013046}, {"eta_min": 0.0, "eta_max": 0.6, "pt_min": 75.0, "pt_max": 80.0, "eff": 0.9056827150749783}, {"eta_min": 0.6, "eta_max": 1.2, "pt_min": 75.0, "pt_max": 80.0, "eff": 0.912663755458513}, {"eta_min": 1.2, "eta_max": 2.4, "pt_min": 75.0, "pt_max": 80.0, "eff": 0.8890005022601678}, {"eta_min": 0.0, "eta_max": 0.6, "pt_min": 80.0, "pt_max": 1300.0, "eff": 0.9145893113342896}, {"eta_min": 0.6, "eta_max": 1.2, "pt_min": 80.0, "pt_max": 1300.0, "eff": 0.9149108122149741}, {"eta_min": 1.2, "eta_max": 2.4, "pt_min": 80.0, "pt_max": 1300.0, "eff": 0.8908972267536701}], "c": [{"eta_min": 0.0, "eta_max": 0.6, "pt_min": 20.0, "pt_max": 25.0, "eff": 0.3740310077519371}, {"eta_min": 0.6, "eta_max": 1.2, "pt_min": 20.0, "pt_max": 25.0, "eff": 0.3586065573770479}, {"eta_min": 1.2, "eta_max": 2.4, "pt_min": 20.0, "pt_max": 25.0, "eff": 0.4060913705583806}, {"eta_min": 0.0, "eta_max": 0.6, "pt_min": 25.0, "pt_max": 1300.0, "eff": 0.4153543307086553}, {"eta_min": 0.6, "eta_max": 1.2, "pt_min": 25.0, "pt_max": 1300.0, "eff": 0.4420775490665319}, {"eta_min": 1.2, "eta_max": 2.4, "pt_min": 25.0, "pt_max": 1300.0, "eff": 0.43356934610578296}], "udsg": [{"eta_min": 0.0, "eta_max": 0.6, "pt_min": 20.0, "pt_max": 25.0, "eff": 0.09784841604497263}, {"eta_min": 0.6, "eta_max": 1.2, "pt_min": 20.0, "pt_max": 25.0, "eff": 0.12878532027467673}, {"eta_min": 1.2, "eta_max": 2.4, "pt_min": 20.0, "pt_max": 25.0, "eff": 0.1988108039724181}, {"eta_min": 0.0, "eta_max": 0.6, "pt_min": 25.0, "pt_max": 1300.0, "eff": 0.08418367346948886}, {"eta_min": 0.6, "eta_max": 1.2, "pt_min": 25.0, "pt_max": 1300.0, "eff": 0.10901361404940511}, {"eta_min": 1.2, "eta_max": 2.4, "pt_min": 25.0, "pt_max": 1300.0, "eff": 0.15968515335217734}]}, "ST_tW_top": {"b": [{"eta_min": 0.0, "eta_max": 0.6, "pt_min": 20.0, "pt_max": 25.0, "eff": 0.8125506072874676}, {"eta_min": 0.6, "eta_max": 1.2, "pt_min": 20.0, "pt_max": 25.0, "eff": 0.8215169002473384}, {"eta_min": 1.2, "eta_max": 2.4, "pt_min": 20.0, "pt_max": 25.0, "eff": 0.8000496770988185}, {"eta_min": 0.0, "eta_max": 0.6, "pt_min": 25.0, "pt_max": 30.0, "eff": 0.8445595854922417}, {"eta_min": 0.6, "eta_max": 1.2, "pt_min": 25.0, "pt_max": 30.0, "eff": 0.852952993169962}, {"eta_min": 1.2, "eta_max": 2.4, "pt_min": 25.0, "pt_max": 30.0, "eff": 0.8398576512455197}, {"eta_min": 0.0, "eta_max": 0.6, "pt_min": 30.0, "pt_max": 35.0, "eff": 0.8608959245537331}, {"eta_min": 0.6, "eta_max": 1.2, "pt_min": 30.0, "pt_max": 35.0, "eff": 0.8616495629038514}, {"eta_min": 1.2, "eta_max": 2.4, "pt_min": 30.0, "pt_max": 35.0, "eff": 0.8478627671540744}, {"eta_min": 0.0, "eta_max": 0.6, "pt_min": 35.0, "pt_max": 40.0, "eff": 0.8680555555555536}, {"eta_min": 0.6, "eta_max": 1.2, "pt_min": 35.0, "pt_max": 40.0, "eff": 0.8740072202166174}, {"eta_min": 1.2, "eta_max": 2.4, "pt_min": 35.0, "pt_max": 40.0, "eff": 0.8621375781693842}, {"eta_min": 0.0, "eta_max": 0.6, "pt_min": 40.0, "pt_max": 45.0, "eff": 0.876550680786672}, {"eta_min": 0.6, "eta_max": 1.2, "pt_min": 40.0, "pt_max": 45.0, "eff": 0.8926964347525185}, {"eta_min": 1.2, "eta_max": 2.4, "pt_min": 40.0, "pt_max": 45.0, "eff": 0.8607080673244095}, {"eta_min": 0.0, "eta_max": 0.6, "pt_min": 45.0, "pt_max": 50.0, "eff": 0.8844993968636745}, {"eta_min": 0.6, "eta_max": 1.2, "pt_min": 45.0, "pt_max": 50.0, "eff": 0.8935091277890553}, {"eta_min": 1.2, "eta_max": 2.4, "pt_min": 45.0, "pt_max": 50.0, "eff": 0.8704948075748203}, {"eta_min": 0.0, "eta_max": 0.6, "pt_min": 50.0, "pt_max": 55.0, "eff": 0.8945783132529941}, {"eta_min": 0.6, "eta_max": 1.2, "pt_min": 50.0, "pt_max": 55.0, "eff": 0.8985404058383853}, {"eta_min": 1.2, "eta_max": 2.4, "pt_min": 50.0, "pt_max": 55.0, "eff": 0.8685968819599111}, {"eta_min": 0.0, "eta_max": 0.6, "pt_min": 55.0, "pt_max": 60.0, "eff": 0.9013040901007476}, {"eta_min": 0.6, "eta_max": 1.2, "pt_min": 55.0, "pt_max": 60.0, "eff": 0.8926991150442573}, {"eta_min": 1.2, "eta_max": 2.4, "pt_min": 55.0, "pt_max": 60.0, "eff": 0.8765133171912936}, {"eta_min": 0.0, "eta_max": 0.6, "pt_min": 60.0, "pt_max": 65.0, "eff": 0.9004554326610322}, {"eta_min": 0.6, "eta_max": 1.2, "pt_min": 60.0, "pt_max": 65.0, "eff": 0.9008199921905599}, {"eta_min": 1.2, "eta_max": 2.4, "pt_min": 60.0, "pt_max": 65.0, "eff": 0.8776735459662399}, {"eta_min": 0.0, "eta_max": 0.6, "pt_min": 65.0, "pt_max": 70.0, "eff": 0.9040080835298158}, {"eta_min": 0.6, "eta_max": 1.2, "pt_min": 65.0, "pt_max": 70.0, "eff": 0.9054170249355213}, {"eta_min": 1.2, "eta_max": 2.4, "pt_min": 65.0, "pt_max": 70.0, "eff": 0.8767180341524489}, {"eta_min": 0.0, "eta_max": 0.6, "pt_min": 70.0, "pt_max": 75.0, "eff": 0.9048882152330515}, {"eta_min": 0.6, "eta_max": 1.2, "pt_min": 70.0, "pt_max": 75.0, "eff": 0.9008498583569517}, {"eta_min": 1.2, "eta_max": 2.4, "pt_min": 70.0, "pt_max": 75.0, "eff": 0.8812154696132728}, {"eta_min": 0.0, "eta_max": 0.6, "pt_min": 75.0, "pt_max": 80.0, "eff": 0.9149940968122867}, {"eta_min": 0.6, "eta_max": 1.2, "pt_min": 75.0, "pt_max": 80.0, "eff": 0.9118852459016502}, {"eta_min": 1.2, "eta_max": 2.4, "pt_min": 75.0, "pt_max": 80.0, "eff": 0.8955680081508024}, {"eta_min": 0.0, "eta_max": 0.6, "pt_min": 80.0, "pt_max": 1300.0, "eff": 0.9119580708933555}, {"eta_min": 0.6, "eta_max": 1.2, "pt_min": 80.0, "pt_max": 1300.0, "eff": 0.9106222865413253}, {"eta_min": 1.2, "eta_max": 2.4, "pt_min": 80.0, "pt_max": 1300.0, "eff": 0.8928523980338562}], "c": [{"eta_min": 0.0, "eta_max": 0.6, "pt_min": 20.0, "pt_max": 25.0, "eff": 0.3752380952380911}, {"eta_min": 0.6, "eta_max": 1.2, "pt_min": 20.0, "pt_max": 25.0, "eff": 0.40239043824700804}, {"eta_min": 1.2, "eta_max": 2.4, "pt_min": 20.0, "pt_max": 25.0, "eff": 0.4630303030302928}, {"eta_min": 0.0, "eta_max": 0.6, "pt_min": 25.0, "pt_max": 1300.0, "eff": 0.4296951819075399}, {"eta_min": 0.6, "eta_max": 1.2, "pt_min": 25.0, "pt_max": 1300.0, "eff": 0.4352049277422322}, {"eta_min": 1.2, "eta_max": 2.4, "pt_min": 25.0, "pt_max": 1300.0, "eff": 0.44611099207197086}], "udsg": [{"eta_min": 0.0, "eta_max": 0.6, "pt_min": 20.0, "pt_max": 25.0, "eff": 0.10243638332429941}, {"eta_min": 0.6, "eta_max": 1.2, "pt_min": 20.0, "pt_max": 25.0, "eff": 0.13230279609000817}, {"eta_min": 1.2, "eta_max": 2.4, "pt_min": 20.0, "pt_max": 25.0, "eff": 0.20467572615446053}, {"eta_min": 0.0, "eta_max": 0.6, "pt_min": 25.0, "pt_max": 1300.0, "eff": 0.08306657762012065}, {"eta_min": 0.6, "eta_max": 1.2, "pt_min": 25.0, "pt_max": 1300.0, "eff": 0.10649833278180801}, {"eta_min": 1.2, "eta_max": 2.4, "pt_min": 25.0, "pt_max": 1300.0, "eff": 0.1613437034584632}]}, "Signal_1000_100": {"b": [{"eta_min": 0.0, "eta_max": 0.6, "pt_min": 20.0, "pt_max": 25.0, "eff": 0.7968617379097571}, {"eta_min": 0.6, "eta_max": 1.2, "pt_min": 20.0, "pt_max": 25.0, "eff": 0.8216194313395259}, {"eta_min": 1.2, "eta_max": 2.4, "pt_min": 20.0, "pt_max": 25.0, "eff": 0.7923821903325353}, {"eta_min": 0.0, "eta_max": 0.6, "pt_min": 25.0, "pt_max": 30.0, "eff": 0.8401827032506669}, {"eta_min": 0.6, "eta_max": 1.2, "pt_min": 25.0, "pt_max": 30.0, "eff": 0.8479000437609316}, {"eta_min": 1.2, "eta_max": 2.4, "pt_min": 25.0, "pt_max": 30.0, "eff": 0.828355924103746}, {"eta_min": 0.0, "eta_max": 0.6, "pt_min": 30.0, "pt_max": 35.0, "eff": 0.8577042834013411}, {"eta_min": 0.6, "eta_max": 1.2, "pt_min": 30.0, "pt_max": 35.0, "eff": 0.8590416538404597}, {"eta_min": 1.2, "eta_max": 2.4, "pt_min": 30.0, "pt_max": 35.0, "eff": 0.8504512664382883}, {"eta_min": 0.0, "eta_max": 0.6, "pt_min": 35.0, "pt_max": 40.0, "eff": 0.8769094639436614}, {"eta_min": 0.6, "eta_max": 1.2, "pt_min": 35.0, "pt_max": 40.0, "eff": 0.8781984312436331}, {"eta_min": 1.2, "eta_max": 2.4, "pt_min": 35.0, "pt_max": 40.0, "eff": 0.8574361970278743}, {"eta_min": 0.0, "eta_max": 0.6, "pt_min": 40.0, "pt_max": 1300.0, "eff": 0.8991136941690969}, {"eta_min": 0.6, "eta_max": 1.2, "pt_min": 40.0, "pt_max": 1300.0, "eff": 0.90207761334954}, {"eta_min": 1.2, "eta_max": 2.4, "pt_min": 40.0, "pt_max": 1300.0, "eff": 0.8814132797555425}], "c": [{"eta_min": 0.0, "eta_max": 0.6, "pt_min": 20.0, "pt_max": 25.0, "eff": 0.34175700310647317}, {"eta_min": 0.6, "eta_max": 1.2, "pt_min": 20.0, "pt_max": 25.0, "eff": 0.4036822951735711}, {"eta_min": 1.2, "eta_max": 2.4, "pt_min": 20.0, "pt_max": 25.0, "eff": 0.4151410774844915}, {"eta_min": 0.0, "eta_max": 0.6, "pt_min": 25.0, "pt_max": 1300.0, "eff": 0.39472128753356445}, {"eta_min": 0.6, "eta_max": 1.2, "pt_min": 25.0, "pt_max": 1300.0, "eff": 0.40754201696366216}, {"eta_min": 1.2, "eta_max": 2.4, "pt_min": 25.0, "pt_max": 1300.0, "eff": 0.42434269392667484}], "udsg": [{"eta_min": 0.0, "eta_max": 0.6, "pt_min": 20.0, "pt_max": 25.0, "eff": 0.09766544878195355}, {"eta_min": 0.6, "eta_max": 1.2, "pt_min": 20.0, "pt_max": 25.0, "eff": 0.12463590415826646}, {"eta_min": 1.2, "eta_max": 2.4, "pt_min": 20.0, "pt_max": 25.0, "eff": 0.19790221887419462}, {"eta_min": 0.0, "eta_max": 0.6, "pt_min": 25.0, "pt_max": 1300.0, "eff": 0.08216131298147457}, {"eta_min": 0.6, "eta_max": 1.2, "pt_min": 25.0, "pt_max": 1300.0, "eff": 0.09917115385488377}, {"eta_min": 1.2, "eta_max": 2.4, "pt_min": 25.0, "pt_max": 1300.0, "eff": 0.15689709869399984}]}, "WZ": {"b": [{"eta_min": 0.0, "eta_max": 0.6, "pt_min": 20.0, "pt_max": 25.0, "eff": 0.7567567567567565}, {"eta_min": 0.6, "eta_max": 1.2, "pt_min": 20.0, "pt_max": 25.0, "eff": 0.8157894736842103}, {"eta_min": 1.2, "eta_max": 2.4, "pt_min": 20.0, "pt_max": 25.0, "eff": 0.8295454545454554}, {"eta_min": 0.0, "eta_max": 0.6, "pt_min": 25.0, "pt_max": 1300.0, "eff": 0.8124999999999989}, {"eta_min": 0.6, "eta_max": 1.2, "pt_min": 25.0, "pt_max": 1300.0, "eff": 0.8339100346020749}, {"eta_min": 1.2, "eta_max": 2.4, "pt_min": 25.0, "pt_max": 1300.0, "eff": 0.8055555555555546}], "c": [{"eta_min": 0.0, "eta_max": 0.6, "pt_min": 20.0, "pt_max": 25.0, "eff": 0.4263261296660095}, {"eta_min": 0.6, "eta_max": 1.2, "pt_min": 20.0, "pt_max": 25.0, "eff": 0.4292237442922348}, {"eta_min": 1.2, "eta_max": 2.4, "pt_min": 20.0, "pt_max": 25.0, "eff": 0.4438775510204067}, {"eta_min": 0.0, "eta_max": 0.6, "pt_min": 25.0, "pt_max": 1300.0, "eff": 0.4385887541345639}, {"eta_min": 0.6, "eta_max": 1.2, "pt_min": 25.0, "pt_max": 1300.0, "eff": 0.4686093342810291}, {"eta_min": 1.2, "eta_max": 2.4, "pt_min": 25.0, "pt_max": 1300.0, "eff": 0.4820458660229191}], "udsg": [{"eta_min": 0.0, "eta_max": 0.6, "pt_min": 20.0, "pt_max": 25.0, "eff": 0.10319742852309953}, {"eta_min": 0.6, "eta_max": 1.2, "pt_min": 20.0, "pt_max": 25.0, "eff": 0.1376113433921235}, {"eta_min": 1.2, "eta_max": 2.4, "pt_min": 20.0, "pt_max": 25.0, "eff": 0.20018207566253926}, {"eta_min": 0.0, "eta_max": 0.6, "pt_min": 25.0, "pt_max": 1300.0, "eff": 0.08178535411045995}, {"eta_min": 0.6, "eta_max": 1.2, "pt_min": 25.0, "pt_max": 1300.0, "eff": 0.10809762291039164}, {"eta_min": 1.2, "eta_max": 2.4, "pt_min": 25.0, "pt_max": 1300.0, "eff": 0.16626639571418078}]}, "WWW": {"b": [{"eta_min": 0.0, "eta_max": 0.6, "pt_min": 20.0, "pt_max": 1300.0, "eff": 0.8571428571428572}, {"eta_min": 0.6, "eta_max": 1.2, "pt_min": 20.0, "pt_max": 1300.0, "eff": 1.0}, {"eta_min": 1.2, "eta_max": 2.4, "pt_min": 20.0, "pt_max": 1300.0, "eff": 0.9}], "c": [{"eta_min": 0.0, "eta_max": 0.6, "pt_min": 20.0, "pt_max": 1300.0, "eff": 0.45410628019323773}, {"eta_min": 0.6, "eta_max": 1.2, "pt_min": 20.0, "pt_max": 1300.0, "eff": 0.48437500000000105}, {"eta_min": 1.2, "eta_max": 2.4, "pt_min": 20.0, "pt_max": 1300.0, "eff": 0.43478260869565266}], "udsg": [{"eta_min": 0.0, "eta_max": 0.6, "pt_min": 20.0, "pt_max": 25.0, "eff": 0.11111111111111127}, {"eta_min": 0.6, "eta_max": 1.2, "pt_min": 20.0, "pt_max": 25.0, "eff": 0.14204545454545478}, {"eta_min": 1.2, "eta_max": 2.4, "pt_min": 20.0, "pt_max": 25.0, "eff": 0.20216606498195008}, {"eta_min": 0.0, "eta_max": 0.6, "pt_min": 25.0, "pt_max": 1300.0, "eff": 0.0819366852886391}, {"eta_min": 0.6, "eta_max": 1.2, "pt_min": 25.0, "pt_max": 1300.0, "eff": 0.10657370517928089}, {"eta_min": 1.2, "eta_max": 2.4, "pt_min": 25.0, "pt_max": 1300.0, "eff": 0.14797297297296957}]}, "WWZ": {"b": [{"eta_min": 0.0, "eta_max": 0.6, "pt_min": 20.0, "pt_max": 1300.0, "eff": 0.8807947019867544}, {"eta_min": 0.6, "eta_max": 1.2, "pt_min": 20.0, "pt_max": 1300.0, "eff": 0.8512396694214865}, {"eta_min": 1.2, "eta_max": 2.4, "pt_min": 20.0, "pt_max": 1300.0, "eff": 0.8906249999999993}], "c": [{"eta_min": 0.0, "eta_max": 0.6, "pt_min": 20.0, "pt_max": 25.0, "eff": 0.36363636363636376}, {"eta_min": 0.6, "eta_max": 1.2, "pt_min": 20.0, "pt_max": 25.0, "eff": 0.4126984126984128}, {"eta_min": 1.2, "eta_max": 2.4, "pt_min": 20.0, "pt_max": 25.0, "eff": 0.44736842105263164}, {"eta_min": 0.0, "eta_max": 0.6, "pt_min": 25.0, "pt_max": 1300.0, "eff": 0.4500561167227776}, {"eta_min": 0.6, "eta_max": 1.2, "pt_min": 25.0, "pt_max": 1300.0, "eff": 0.46235138705416046}, {"eta_min": 1.2, "eta_max": 2.4, "pt_min": 25.0, "pt_max": 1300.0, "eff": 0.48400412796696735}], "udsg": [{"eta_min": 0.0, "eta_max": 0.6, "pt_min": 20.0, "pt_max": 25.0, "eff": 0.09909909909909963}, {"eta_min": 0.6, "eta_max": 1.2, "pt_min": 20.0, "pt_max": 25.0, "eff": 0.13071895424836658}, {"eta_min": 1.2, "eta_max": 2.4, "pt_min": 20.0, "pt_max": 25.0, "eff": 0.1780973451327423}, {"eta_min": 0.0, "eta_max": 0.6, "pt_min": 25.0, "pt_max": 1300.0, "eff": 0.0948788294467245}, {"eta_min": 0.6, "eta_max": 1.2, "pt_min": 25.0, "pt_max": 1300.0, "eff": 0.12522361359570075}, {"eta_min": 1.2, "eta_max": 2.4, "pt_min": 25.0, "pt_max": 1300.0, "eff": 0.17076399394854921}]}, "WZZ": {"b": [{"eta_min": 0.0, "eta_max": 0.6, "pt_min": 20.0, "pt_max": 25.0, "eff": 0.8627450980392162}, {"eta_min": 0.6, "eta_max": 1.2, "pt_min": 20.0, "pt_max": 25.0, "eff": 0.7804878048780489}, {"eta_min": 1.2, "eta_max": 2.4, "pt_min": 20.0, "pt_max": 25.0, "eff": 0.9038461538461542}, {"eta_min": 0.0, "eta_max": 0.6, "pt_min": 25.0, "pt_max": 30.0, "eff": 0.8372093023255818}, {"eta_min": 0.6, "eta_max": 1.2, "pt_min": 25.0, "pt_max": 30.0, "eff": 0.7619047619047621}, {"eta_min": 1.2, "eta_max": 2.4, "pt_min": 25.0, "pt_max": 30.0, "eff": 0.898305084745763}, {"eta_min": 0.0, "eta_max": 0.6, "pt_min": 30.0, "pt_max": 35.0, "eff": 0.8928571428571431}, {"eta_min": 0.6, "eta_max": 1.2, "pt_min": 30.0, "pt_max": 35.0, "eff": 0.8125000000000007}, {"eta_min": 1.2, "eta_max": 2.4, "pt_min": 30.0, "pt_max": 35.0, "eff": 0.9090909090909094}, {"eta_min": 0.0, "eta_max": 0.6, "pt_min": 35.0, "pt_max": 40.0, "eff": 0.8163265306122456}, {"eta_min": 0.6, "eta_max": 1.2, "pt_min": 35.0, "pt_max": 40.0, "eff": 0.8857142857142857}, {"eta_min": 1.2, "eta_max": 2.4, "pt_min": 35.0, "pt_max": 40.0, "eff": 0.8059701492537318}, {"eta_min": 0.0, "eta_max": 0.6, "pt_min": 40.0, "pt_max": 45.0, "eff": 0.8135593220338988}, {"eta_min": 0.6, "eta_max": 1.2, "pt_min": 40.0, "pt_max": 45.0, "eff": 0.7954545454545459}, {"eta_min": 1.2, "eta_max": 2.4, "pt_min": 40.0, "pt_max": 45.0, "eff": 0.8653846153846159}, {"eta_min": 0.0, "eta_max": 0.6, "pt_min": 45.0, "pt_max": 1300.0, "eff": 0.8944543828264775}, {"eta_min": 0.6, "eta_max": 1.2, "pt_min": 45.0, "pt_max": 1300.0, "eff": 0.8996138996139013}, {"eta_min": 1.2, "eta_max": 2.4, "pt_min": 45.0, "pt_max": 1300.0, "eff": 0.8508474576271208}], "c": [{"eta_min": 0.0, "eta_max": 0.6, "pt_min": 20.0, "pt_max": 25.0, "eff": 0.4173913043478269}, {"eta_min": 0.6, "eta_max": 1.2, "pt_min": 20.0, "pt_max": 25.0, "eff": 0.3636363636363645}, {"eta_min": 1.2, "eta_max": 2.4, "pt_min": 20.0, "pt_max": 25.0, "eff": 0.5000000000000006}, {"eta_min": 0.0, "eta_max": 0.6, "pt_min": 25.0, "pt_max": 30.0, "eff": 0.45652173913043576}, {"eta_min": 0.6, "eta_max": 1.2, "pt_min": 25.0, "pt_max": 30.0, "eff": 0.5106382978723413}, {"eta_min": 1.2, "eta_max": 2.4, "pt_min": 25.0, "pt_max": 30.0, "eff": 0.5000000000000006}, {"eta_min": 0.0, "eta_max": 0.6, "pt_min": 30.0, "pt_max": 35.0, "eff": 0.4059405940594069}, {"eta_min": 0.6, "eta_max": 1.2, "pt_min": 30.0, "pt_max": 35.0, "eff": 0.5189873417721529}, {"eta_min": 1.2, "eta_max": 2.4, "pt_min": 30.0, "pt_max": 35.0, "eff": 0.3983739837398382}, {"eta_min": 0.0, "eta_max": 0.6, "pt_min": 35.0, "pt_max": 1300.0, "eff": 0.4547546012269974}, {"eta_min": 0.6, "eta_max": 1.2, "pt_min": 35.0, "pt_max": 1300.0, "eff": 0.5038167938931334}, {"eta_min": 1.2, "eta_max": 2.4, "pt_min": 35.0, "pt_max": 1300.0, "eff": 0.4936440677966132}], "udsg": [{"eta_min": 0.0, "eta_max": 0.6, "pt_min": 20.0, "pt_max": 25.0, "eff": 0.10890052356021054}, {"eta_min": 0.6, "eta_max": 1.2, "pt_min": 20.0, "pt_max": 25.0, "eff": 0.13573700954400983}, {"eta_min": 1.2, "eta_max": 2.4, "pt_min": 20.0, "pt_max": 25.0, "eff": 0.19390926041019682}, {"eta_min": 0.0, "eta_max": 0.6, "pt_min": 25.0, "pt_max": 1300.0, "eff": 0.09552313256017184}, {"eta_min": 0.6, "eta_max": 1.2, "pt_min": 25.0, "pt_max": 1300.0, "eff": 0.1246790299572019}, {"eta_min": 1.2, "eta_max": 2.4, "pt_min": 25.0, "pt_max": 1300.0, "eff": 0.1659078877713173}]}, "TTGamma": {"b": [{"eta_min": 0.0, "eta_max": 0.6, "pt_min": 20.0, "pt_max": 25.0, "eff": 0.8151337615585262}, {"eta_min": 0.6, "eta_max": 1.2, "pt_min": 20.0, "pt_max": 25.0, "eff": 0.8188958537874517}, {"eta_min": 1.2, "eta_max": 2.4, "pt_min": 20.0, "pt_max": 25.0, "eff": 0.7987977770216406}, {"eta_min": 0.0, "eta_max": 0.6, "pt_min": 25.0, "pt_max": 30.0, "eff": 0.8476253298152857}, {"eta_min": 0.6, "eta_max": 1.2, "pt_min": 25.0, "pt_max": 30.0, "eff": 0.8493902439024191}, {"eta_min": 1.2, "eta_max": 2.4, "pt_min": 25.0, "pt_max": 30.0, "eff": 0.8285018929150711}, {"eta_min": 0.0, "eta_max": 0.6, "pt_min": 30.0, "pt_max": 35.0, "eff": 0.8620542841937058}, {"eta_min": 0.6, "eta_max": 1.2, "pt_min": 30.0, "pt_max": 35.0, "eff": 0.8654505386875452}, {"eta_min": 1.2, "eta_max": 2.4, "pt_min": 30.0, "pt_max": 35.0, "eff": 0.8495998336971057}, {"eta_min": 0.0, "eta_max": 0.6, "pt_min": 35.0, "pt_max": 40.0, "eff": 0.875270658139874}, {"eta_min": 0.6, "eta_max": 1.2, "pt_min": 35.0, "pt_max": 40.0, "eff": 0.86811712552495}, {"eta_min": 1.2, "eta_max": 2.4, "pt_min": 35.0, "pt_max": 40.0, "eff": 0.8536260811709768}, {"eta_min": 0.0, "eta_max": 0.6, "pt_min": 40.0, "pt_max": 45.0, "eff": 0.8780275140476537}, {"eta_min": 0.6, "eta_max": 1.2, "pt_min": 40.0, "pt_max": 45.0, "eff": 0.8895559583144419}, {"eta_min": 1.2, "eta_max": 2.4, "pt_min": 40.0, "pt_max": 45.0, "eff": 0.8644549763033037}, {"eta_min": 0.0, "eta_max": 0.6, "pt_min": 45.0, "pt_max": 50.0, "eff": 0.8837614279494884}, {"eta_min": 0.6, "eta_max": 1.2, "pt_min": 45.0, "pt_max": 50.0, "eff": 0.8911677330895674}, {"eta_min": 1.2, "eta_max": 2.4, "pt_min": 45.0, "pt_max": 50.0, "eff": 0.8699849007765179}, {"eta_min": 0.0, "eta_max": 0.6, "pt_min": 50.0, "pt_max": 55.0, "eff": 0.8917672107877821}, {"eta_min": 0.6, "eta_max": 1.2, "pt_min": 50.0, "pt_max": 55.0, "eff": 0.8912015137180574}, {"eta_min": 1.2, "eta_max": 2.4, "pt_min": 50.0, "pt_max": 55.0, "eff": 0.8778061949417313}, {"eta_min": 0.0, "eta_max": 0.6, "pt_min": 55.0, "pt_max": 60.0, "eff": 0.8992319983505904}, {"eta_min": 0.6, "eta_max": 1.2, "pt_min": 55.0, "pt_max": 60.0, "eff": 0.8980297696250881}, {"eta_min": 1.2, "eta_max": 2.4, "pt_min": 55.0, "pt_max": 60.0, "eff": 0.876478796335604}, {"eta_min": 0.0, "eta_max": 0.6, "pt_min": 60.0, "pt_max": 65.0, "eff": 0.9000054881729765}, {"eta_min": 0.6, "eta_max": 1.2, "pt_min": 60.0, "pt_max": 65.0, "eff": 0.9050766790058048}, {"eta_min": 1.2, "eta_max": 2.4, "pt_min": 60.0, "pt_max": 65.0, "eff": 0.876956752454216}, {"eta_min": 0.0, "eta_max": 0.6, "pt_min": 65.0, "pt_max": 70.0, "eff": 0.9044169198410735}, {"eta_min": 0.6, "eta_max": 1.2, "pt_min": 65.0, "pt_max": 70.0, "eff": 0.905047406581136}, {"eta_min": 1.2, "eta_max": 2.4, "pt_min": 65.0, "pt_max": 70.0, "eff": 0.8857328238771378}, {"eta_min": 0.0, "eta_max": 0.6, "pt_min": 70.0, "pt_max": 75.0, "eff": 0.906023494126457}, {"eta_min": 0.6, "eta_max": 1.2, "pt_min": 70.0, "pt_max": 75.0, "eff": 0.9071461083295266}, {"eta_min": 1.2, "eta_max": 2.4, "pt_min": 70.0, "pt_max": 75.0, "eff": 0.8864755058988811}, {"eta_min": 0.0, "eta_max": 0.6, "pt_min": 75.0, "pt_max": 80.0, "eff": 0.9063444108761207}, {"eta_min": 0.6, "eta_max": 1.2, "pt_min": 75.0, "pt_max": 80.0, "eff": 0.907477094240823}, {"eta_min": 1.2, "eta_max": 2.4, "pt_min": 75.0, "pt_max": 80.0, "eff": 0.8929377060558557}, {"eta_min": 0.0, "eta_max": 0.6, "pt_min": 80.0, "pt_max": 85.0, "eff": 0.9100035855145088}, {"eta_min": 0.6, "eta_max": 1.2, "pt_min": 80.0, "pt_max": 85.0, "eff": 0.9133991286565156}, {"eta_min": 1.2, "eta_max": 2.4, "pt_min": 80.0, "pt_max": 85.0, "eff": 0.891102384829019}, {"eta_min": 0.0, "eta_max": 0.6, "pt_min": 85.0, "pt_max": 90.0, "eff": 0.9107284558006528}, {"eta_min": 0.6, "eta_max": 1.2, "pt_min": 85.0, "pt_max": 90.0, "eff": 0.9132380118665335}, {"eta_min": 1.2, "eta_max": 2.4, "pt_min": 85.0, "pt_max": 90.0, "eff": 0.8923158452569996}, {"eta_min": 0.0, "eta_max": 0.6, "pt_min": 90.0, "pt_max": 95.0, "eff": 0.9093712523556471}, {"eta_min": 0.6, "eta_max": 1.2, "pt_min": 90.0, "pt_max": 95.0, "eff": 0.9154550350026748}, {"eta_min": 1.2, "eta_max": 2.4, "pt_min": 90.0, "pt_max": 95.0, "eff": 0.8887364208118679}, {"eta_min": 0.0, "eta_max": 0.6, "pt_min": 95.0, "pt_max": 100.0, "eff": 0.9128638678066895}, {"eta_min": 0.6, "eta_max": 1.2, "pt_min": 95.0, "pt_max": 100.0, "eff": 0.917414094350593}, {"eta_min": 1.2, "eta_max": 2.4, "pt_min": 95.0, "pt_max": 100.0, "eff": 0.8932954398656237}, {"eta_min": 0.0, "eta_max": 0.6, "pt_min": 100.0, "pt_max": 105.0, "eff": 0.9168074324324154}, {"eta_min": 0.6, "eta_max": 1.2, "pt_min": 100.0, "pt_max": 105.0, "eff": 0.9181166837256706}, {"eta_min": 1.2, "eta_max": 2.4, "pt_min": 100.0, "pt_max": 105.0, "eff": 0.8975101331788942}, {"eta_min": 0.0, "eta_max": 0.6, "pt_min": 105.0, "pt_max": 1300.0, "eff": 0.9200023231498428}, {"eta_min": 0.6, "eta_max": 1.2, "pt_min": 105.0, "pt_max": 1300.0, "eff": 0.9166605239492915}, {"eta_min": 1.2, "eta_max": 2.4, "pt_min": 105.0, "pt_max": 1300.0, "eff": 0.8966152512374502}], "c": [{"eta_min": 0.0, "eta_max": 0.6, "pt_min": 20.0, "pt_max": 25.0, "eff": 0.3712465878070978}, {"eta_min": 0.6, "eta_max": 1.2, "pt_min": 20.0, "pt_max": 25.0, "eff": 0.37932692307692356}, {"eta_min": 1.2, "eta_max": 2.4, "pt_min": 20.0, "pt_max": 25.0, "eff": 0.4204681872749102}, {"eta_min": 0.0, "eta_max": 0.6, "pt_min": 25.0, "pt_max": 1300.0, "eff": 0.3637747336376483}, {"eta_min": 0.6, "eta_max": 1.2, "pt_min": 25.0, "pt_max": 1300.0, "eff": 0.39658210007036887}, {"eta_min": 1.2, "eta_max": 2.4, "pt_min": 25.0, "pt_max": 1300.0, "eff": 0.4139409844459362}], "udsg": [{"eta_min": 0.0, "eta_max": 0.6, "pt_min": 20.0, "pt_max": 25.0, "eff": 0.09790849175216516}, {"eta_min": 0.6, "eta_max": 1.2, "pt_min": 20.0, "pt_max": 25.0, "eff": 0.1312410841655931}, {"eta_min": 1.2, "eta_max": 2.4, "pt_min": 20.0, "pt_max": 25.0, "eff": 0.19615566984002286}, {"eta_min": 0.0, "eta_max": 0.6, "pt_min": 25.0, "pt_max": 30.0, "eff": 0.09688064744244941}, {"eta_min": 0.6, "eta_max": 1.2, "pt_min": 25.0, "pt_max": 30.0, "eff": 0.1226959869341653}, {"eta_min": 1.2, "eta_max": 2.4, "pt_min": 25.0, "pt_max": 30.0, "eff": 0.17592976225726834}, {"eta_min": 0.0, "eta_max": 0.6, "pt_min": 30.0, "pt_max": 1300.0, "eff": 0.13087723549102842}, {"eta_min": 0.6, "eta_max": 1.2, "pt_min": 30.0, "pt_max": 1300.0, "eff": 0.1440478642637161}, {"eta_min": 1.2, "eta_max": 2.4, "pt_min": 30.0, "pt_max": 1300.0, "eff": 0.18336975011284198}]}, "DYJetsToLL": {"b": [{"eta_min": 0.0, "eta_max": 0.6, "pt_min": 20.0, "pt_max": 25.0, "eff": 0.779899954524797}, {"eta_min": 0.6, "eta_max": 1.2, "pt_min": 20.0, "pt_max": 25.0, "eff": 0.8012968967114524}, {"eta_min": 1.2, "eta_max": 2.4, "pt_min": 20.0, "pt_max": 25.0, "eff": 0.7783676177836456}, {"eta_min": 0.0, "eta_max": 0.6, "pt_min": 25.0, "pt_max": 30.0, "eff": 0.8062977099236761}, {"eta_min": 0.6, "eta_max": 1.2, "pt_min": 25.0, "pt_max": 30.0, "eff": 0.8263854830799522}, {"eta_min": 1.2, "eta_max": 2.4, "pt_min": 25.0, "pt_max": 30.0, "eff": 0.8232283464566763}, {"eta_min": 0.0, "eta_max": 0.6, "pt_min": 30.0, "pt_max": 35.0, "eff": 0.8395415472779469}, {"eta_min": 0.6, "eta_max": 1.2, "pt_min": 30.0, "pt_max": 35.0, "eff": 0.8445652173913153}, {"eta_min": 1.2, "eta_max": 2.4, "pt_min": 30.0, "pt_max": 35.0, "eff": 0.8279030910609801}, {"eta_min": 0.0, "eta_max": 0.6, "pt_min": 35.0, "pt_max": 40.0, "eff": 0.848891181021155}, {"eta_min": 0.6, "eta_max": 1.2, "pt_min": 35.0, "pt_max": 40.0, "eff": 0.8466557911908754}, {"eta_min": 1.2, "eta_max": 2.4, "pt_min": 35.0, "pt_max": 40.0, "eff": 0.8552971576227377}, {"eta_min": 0.0, "eta_max": 0.6, "pt_min": 40.0, "pt_max": 45.0, "eff": 0.855909336211559}, {"eta_min": 0.6, "eta_max": 1.2, "pt_min": 40.0, "pt_max": 45.0, "eff": 0.8578431372549132}, {"eta_min": 1.2, "eta_max": 2.4, "pt_min": 40.0, "pt_max": 45.0, "eff": 0.8556998556998647}, {"eta_min": 0.0, "eta_max": 0.6, "pt_min": 45.0, "pt_max": 1300.0, "eff": 0.892732080325874}, {"eta_min": 0.6, "eta_max": 1.2, "pt_min": 45.0, "pt_max": 1300.0, "eff": 0.8899022266042194}, {"eta_min": 1.2, "eta_max": 2.4, "pt_min": 45.0, "pt_max": 1300.0, "eff": 0.8723528980728326}], "c": [{"eta_min": 0.0, "eta_max": 0.6, "pt_min": 20.0, "pt_max": 25.0, "eff": 0.3643667296786158}, {"eta_min": 0.6, "eta_max": 1.2, "pt_min": 20.0, "pt_max": 25.0, "eff": 0.4027447875428667}, {"eta_min": 1.2, "eta_max": 2.4, "pt_min": 20.0, "pt_max": 25.0, "eff": 0.4317534751297544}, {"eta_min": 0.0, "eta_max": 0.6, "pt_min": 25.0, "pt_max": 30.0, "eff": 0.3926701570680515}, {"eta_min": 0.6, "eta_max": 1.2, "pt_min": 25.0, "pt_max": 30.0, "eff": 0.4141671984684055}, {"eta_min": 1.2, "eta_max": 2.4, "pt_min": 25.0, "pt_max": 30.0, "eff": 0.4308979868807601}, {"eta_min": 0.0, "eta_max": 0.6, "pt_min": 30.0, "pt_max": 35.0, "eff": 0.3890436397400131}, {"eta_min": 0.6, "eta_max": 1.2, "pt_min": 30.0, "pt_max": 35.0, "eff": 0.41233207027213464}, {"eta_min": 1.2, "eta_max": 2.4, "pt_min": 30.0, "pt_max": 35.0, "eff": 0.4283144912641053}, {"eta_min": 0.0, "eta_max": 0.6, "pt_min": 35.0, "pt_max": 1300.0, "eff": 0.41583273152445943}, {"eta_min": 0.6, "eta_max": 1.2, "pt_min": 35.0, "pt_max": 1300.0, "eff": 0.4378677335843636}, {"eta_min": 1.2, "eta_max": 2.4, "pt_min": 35.0, "pt_max": 1300.0, "eff": 0.44255679891487854}], "udsg": [{"eta_min": 0.0, "eta_max": 0.6, "pt_min": 20.0, "pt_max": 25.0, "eff": 0.094215209191342}, {"eta_min": 0.6, "eta_max": 1.2, "pt_min": 20.0, "pt_max": 25.0, "eff": 0.12950962820005268}, {"eta_min": 1.2, "eta_max": 2.4, "pt_min": 20.0, "pt_max": 25.0, "eff": 0.2055665792643545}, {"eta_min": 0.0, "eta_max": 0.6, "pt_min": 25.0, "pt_max": 1300.0, "eff": 0.06820589259838533}, {"eta_min": 0.6, "eta_max": 1.2, "pt_min": 25.0, "pt_max": 1300.0, "eff": 0.09146755156375376}, {"eta_min": 1.2, "eta_max": 2.4, "pt_min": 25.0, "pt_max": 1300.0, "eff": 0.15337714966991775}]}}