{"Signal_800_200": {"b": [{"eta_min": 0.0, "eta_max": 0.6, "pt_min": 20.0, "pt_max": 25.0, "eff": 0.747942837504698}, {"eta_min": 0.6, "eta_max": 1.2, "pt_min": 20.0, "pt_max": 25.0, "eff": 0.7535129098554955}, {"eta_min": 1.2, "eta_max": 2.4, "pt_min": 20.0, "pt_max": 25.0, "eff": 0.6949718246355894}, {"eta_min": 0.0, "eta_max": 0.6, "pt_min": 25.0, "pt_max": 30.0, "eff": 0.7923169997519601}, {"eta_min": 0.6, "eta_max": 1.2, "pt_min": 25.0, "pt_max": 30.0, "eff": 0.8025299996729633}, {"eta_min": 1.2, "eta_max": 2.4, "pt_min": 25.0, "pt_max": 30.0, "eff": 0.7547965689209489}, {"eta_min": 0.0, "eta_max": 0.6, "pt_min": 30.0, "pt_max": 35.0, "eff": 0.822231129584885}, {"eta_min": 0.6, "eta_max": 1.2, "pt_min": 30.0, "pt_max": 35.0, "eff": 0.8177036446709254}, {"eta_min": 1.2, "eta_max": 2.4, "pt_min": 30.0, "pt_max": 35.0, "eff": 0.7745174795573266}, {"eta_min": 0.0, "eta_max": 0.6, "pt_min": 35.0, "pt_max": 40.0, "eff": 0.8248485237952788}, {"eta_min": 0.6, "eta_max": 1.2, "pt_min": 35.0, "pt_max": 40.0, "eff": 0.8206488685027493}, {"eta_min": 1.2, "eta_max": 2.4, "pt_min": 35.0, "pt_max": 40.0, "eff": 0.804273384297881}, {"eta_min": 0.0, "eta_max": 0.6, "pt_min": 40.0, "pt_max": 1500.0, "eff": 0.8706148603870316}, {"eta_min": 0.6, "eta_max": 1.2, "pt_min": 40.0, "pt_max": 1500.0, "eff": 0.8612844424066264}, {"eta_min": 1.2, "eta_max": 2.4, "pt_min": 40.0, "pt_max": 1500.0, "eff": 0.8252821303072972}], "c": [{"eta_min": 0.0, "eta_max": 0.6, "pt_min": 20.0, "pt_max": 25.0, "eff": 0.3279208905139806}, {"eta_min": 0.6, "eta_max": 1.2, "pt_min": 20.0, "pt_max": 25.0, "eff": 0.330249572049059}, {"eta_min": 1.2, "eta_max": 2.4, "pt_min": 20.0, "pt_max": 25.0, "eff": 0.33893268863324805}, {"eta_min": 0.0, "eta_max": 0.6, "pt_min": 25.0, "pt_max": 1500.0, "eff": 0.30791933980179703}, {"eta_min": 0.6, "eta_max": 1.2, "pt_min": 25.0, "pt_max": 1500.0, "eff": 0.32213341877266244}, {"eta_min": 1.2, "eta_max": 2.4, "pt_min": 25.0, "pt_max": 1500.0, "eff": 0.3413406379765841}], "udsg": [{"eta_min": 0.0, "eta_max": 0.6, "pt_min": 20.0, "pt_max": 25.0, "eff": 0.08725215245889097}, {"eta_min": 0.6, "eta_max": 1.2, "pt_min": 20.0, "pt_max": 25.0, "eff": 0.09668309685051929}, {"eta_min": 1.2, "eta_max": 2.4, "pt_min": 20.0, "pt_max": 25.0, "eff": 0.1716659137697559}, {"eta_min": 0.0, "eta_max": 0.6, "pt_min": 25.0, "pt_max": 1500.0, "eff": 0.06749083170748497}, {"eta_min": 0.6, "eta_max": 1.2, "pt_min": 25.0, "pt_max": 1500.0, "eff": 0.07932300254346573}, {"eta_min": 1.2, "eta_max": 2.4, "pt_min": 25.0, "pt_max": 1500.0, "eff": 0.13969056848709818}]}, "Signal_400_100": {"b": [{"eta_min": 0.0, "eta_max": 0.6, "pt_min": 20.0, "pt_max": 25.0, "eff": 0.755750241423488}, {"eta_min": 0.6, "eta_max": 1.2, "pt_min": 20.0, "pt_max": 25.0, "eff": 0.7514548877110285}, {"eta_min": 1.2, "eta_max": 2.4, "pt_min": 20.0, "pt_max": 25.0, "eff": 0.7098692817059349}, {"eta_min": 0.0, "eta_max": 0.6, "pt_min": 25.0, "pt_max": 30.0, "eff": 0.8055309336604914}, {"eta_min": 0.6, "eta_max": 1.2, "pt_min": 25.0, "pt_max": 30.0, "eff": 0.8015213809461885}, {"eta_min": 1.2, "eta_max": 2.4, "pt_min": 25.0, "pt_max": 30.0, "eff": 0.7531621831245728}, {"eta_min": 0.0, "eta_max": 0.6, "pt_min": 30.0, "pt_max": 35.0, "eff": 0.8137879808477992}, {"eta_min": 0.6, "eta_max": 1.2, "pt_min": 30.0, "pt_max": 35.0, "eff": 0.7835379603096465}, {"eta_min": 1.2, "eta_max": 2.4, "pt_min": 30.0, "pt_max": 35.0, "eff": 0.782983912656626}, {"eta_min": 0.0, "eta_max": 0.6, "pt_min": 35.0, "pt_max": 1500.0, "eff": 0.8575918832530133}, {"eta_min": 0.6, "eta_max": 1.2, "pt_min": 35.0, "pt_max": 1500.0, "eff": 0.8482008659922211}, {"eta_min": 1.2, "eta_max": 2.4, "pt_min": 35.0, "pt_max": 1500.0, "eff": 0.8272043047440296}], "c": [{"eta_min": 0.0, "eta_max": 0.6, "pt_min": 20.0, "pt_max": 25.0, "eff": 0.33952355373799065}, {"eta_min": 0.6, "eta_max": 1.2, "pt_min": 20.0, "pt_max": 25.0, "eff": 0.2701893513079524}, {"eta_min": 1.2, "eta_max": 2.4, "pt_min": 20.0, "pt_max": 25.0, "eff": 0.35294916008517574}, {"eta_min": 0.0, "eta_max": 0.6, "pt_min": 25.0, "pt_max": 1500.0, "eff": 0.2999169696838448}, {"eta_min": 0.6, "eta_max": 1.2, "pt_min": 25.0, "pt_max": 1500.0, "eff": 0.3016158676612507}, {"eta_min": 1.2, "eta_max": 2.4, "pt_min": 25.0, "pt_max": 1500.0, "eff": 0.3313035558728059}], "udsg": [{"eta_min": 0.0, "eta_max": 0.6, "pt_min": 20.0, "pt_max": 25.0, "eff": 0.08700683887546268}, {"eta_min": 0.6, "eta_max": 1.2, "pt_min": 20.0, "pt_max": 25.0, "eff": 0.0990368704282667}, {"eta_min": 1.2, "eta_max": 2.4, "pt_min": 20.0, "pt_max": 25.0, "eff": 0.17208258400131005}, {"eta_min": 0.0, "eta_max": 0.6, "pt_min": 25.0, "pt_max": 1500.0, "eff": 0.07680223823127205}, {"eta_min": 0.6, "eta_max": 1.2, "pt_min": 25.0, "pt_max": 1500.0, "eff": 0.09196977438698993}, {"eta_min": 1.2, "eta_max": 2.4, "pt_min": 25.0, "pt_max": 1500.0, "eff": 0.1503821469853591}]}, "ST_t-channel_antitop": {"b": [{"eta_min": 0.0, "eta_max": 0.6, "pt_min": 20.0, "pt_max": 25.0, "eff": 0.7718120805369124}, {"eta_min": 0.6, "eta_max": 1.2, "pt_min": 20.0, "pt_max": 25.0, "eff": 0.820143884892086}, {"eta_min": 1.2, "eta_max": 2.4, "pt_min": 20.0, "pt_max": 25.0, "eff": 0.65486725663717}, {"eta_min": 0.0, "eta_max": 0.6, "pt_min": 25.0, "pt_max": 30.0, "eff": 0.8043478260869562}, {"eta_min": 0.6, "eta_max": 1.2, "pt_min": 25.0, "pt_max": 30.0, "eff": 0.7622377622377619}, {"eta_min": 1.2, "eta_max": 2.4, "pt_min": 25.0, "pt_max": 30.0, "eff": 0.8041237113402064}, {"eta_min": 0.0, "eta_max": 0.6, "pt_min": 30.0, "pt_max": 35.0, "eff": 0.8495575221238962}, {"eta_min": 0.6, "eta_max": 1.2, "pt_min": 30.0, "pt_max": 35.0, "eff": 0.7999999999999997}, {"eta_min": 1.2, "eta_max": 2.4, "pt_min": 30.0, "pt_max": 35.0, "eff": 0.741228070175441}, {"eta_min": 0.0, "eta_max": 0.6, "pt_min": 35.0, "pt_max": 40.0, "eff": 0.860377358490568}, {"eta_min": 0.6, "eta_max": 1.2, "pt_min": 35.0, "pt_max": 40.0, "eff": 0.8246268656716442}, {"eta_min": 1.2, "eta_max": 2.4, "pt_min": 35.0, "pt_max": 40.0, "eff": 0.7941176470588257}, {"eta_min": 0.0, "eta_max": 0.6, "pt_min": 40.0, "pt_max": 45.0, "eff": 0.8660130718954264}, {"eta_min": 0.6, "eta_max": 1.2, "pt_min": 40.0, "pt_max": 45.0, "eff": 0.8374558303886946}, {"eta_min": 1.2, "eta_max": 2.4, "pt_min": 40.0, "pt_max": 45.0, "eff": 0.837758112094397}, {"eta_min": 0.0, "eta_max": 0.6, "pt_min": 45.0, "pt_max": 50.0, "eff": 0.8401084010840124}, {"eta_min": 0.6, "eta_max": 1.2, "pt_min": 45.0, "pt_max": 50.0, "eff": 0.8501362397820178}, {"eta_min": 1.2, "eta_max": 2.4, "pt_min": 45.0, "pt_max": 50.0, "eff": 0.8362282878411925}, {"eta_min": 0.0, "eta_max": 0.6, "pt_min": 50.0, "pt_max": 55.0, "eff": 0.8605769230769243}, {"eta_min": 0.6, "eta_max": 1.2, "pt_min": 50.0, "pt_max": 55.0, "eff": 0.8467336683417099}, {"eta_min": 1.2, "eta_max": 2.4, "pt_min": 50.0, "pt_max": 55.0, "eff": 0.8181818181818199}, {"eta_min": 0.0, "eta_max": 0.6, "pt_min": 55.0, "pt_max": 60.0, "eff": 0.8605769230769243}, {"eta_min": 0.6, "eta_max": 1.2, "pt_min": 55.0, "pt_max": 60.0, "eff": 0.8478873239436635}, {"eta_min": 1.2, "eta_max": 2.4, "pt_min": 55.0, "pt_max": 60.0, "eff": 0.8337595907928405}, {"eta_min": 0.0, "eta_max": 0.6, "pt_min": 60.0, "pt_max": 65.0, "eff": 0.8608490566037748}, {"eta_min": 0.6, "eta_max": 1.2, "pt_min": 60.0, "pt_max": 65.0, "eff": 0.8555240793201148}, {"eta_min": 1.2, "eta_max": 2.4, "pt_min": 60.0, "pt_max": 65.0, "eff": 0.8612716763005795}, {"eta_min": 0.0, "eta_max": 0.6, "pt_min": 65.0, "pt_max": 70.0, "eff": 0.8863636363636376}, {"eta_min": 0.6, "eta_max": 1.2, "pt_min": 65.0, "pt_max": 70.0, "eff": 0.8694362017804168}, {"eta_min": 1.2, "eta_max": 2.4, "pt_min": 65.0, "pt_max": 70.0, "eff": 0.8619631901840507}, {"eta_min": 0.0, "eta_max": 0.6, "pt_min": 70.0, "pt_max": 75.0, "eff": 0.8939929328621922}, {"eta_min": 0.6, "eta_max": 1.2, "pt_min": 70.0, "pt_max": 75.0, "eff": 0.8671875000000019}, {"eta_min": 1.2, "eta_max": 2.4, "pt_min": 70.0, "pt_max": 75.0, "eff": 0.8461538461538481}, {"eta_min": 0.0, "eta_max": 0.6, "pt_min": 75.0, "pt_max": 80.0, "eff": 0.8888888888888903}, {"eta_min": 0.6, "eta_max": 1.2, "pt_min": 75.0, "pt_max": 80.0, "eff": 0.8888888888888907}, {"eta_min": 1.2, "eta_max": 2.4, "pt_min": 75.0, "pt_max": 80.0, "eff": 0.8017621145374476}, {"eta_min": 0.0, "eta_max": 0.6, "pt_min": 80.0, "pt_max": 85.0, "eff": 0.8884615384615401}, {"eta_min": 0.6, "eta_max": 1.2, "pt_min": 80.0, "pt_max": 85.0, "eff": 0.864077669902914}, {"eta_min": 1.2, "eta_max": 2.4, "pt_min": 80.0, "pt_max": 85.0, "eff": 0.8564593301435423}, {"eta_min": 0.0, "eta_max": 0.6, "pt_min": 85.0, "pt_max": 90.0, "eff": 0.881516587677727}, {"eta_min": 0.6, "eta_max": 1.2, "pt_min": 85.0, "pt_max": 90.0, "eff": 0.811827956989247}, {"eta_min": 1.2, "eta_max": 2.4, "pt_min": 85.0, "pt_max": 90.0, "eff": 0.8235294117647056}, {"eta_min": 0.0, "eta_max": 0.6, "pt_min": 90.0, "pt_max": 95.0, "eff": 0.8781725888324879}, {"eta_min": 0.6, "eta_max": 1.2, "pt_min": 90.0, "pt_max": 95.0, "eff": 0.8888888888888887}, {"eta_min": 1.2, "eta_max": 2.4, "pt_min": 90.0, "pt_max": 95.0, "eff": 0.8402366863905323}, {"eta_min": 0.0, "eta_max": 0.6, "pt_min": 95.0, "pt_max": 100.0, "eff": 0.8539325842696627}, {"eta_min": 0.6, "eta_max": 1.2, "pt_min": 95.0, "pt_max": 100.0, "eff": 0.8854961832061067}, {"eta_min": 1.2, "eta_max": 2.4, "pt_min": 95.0, "pt_max": 100.0, "eff": 0.7755102040816323}, {"eta_min": 0.0, "eta_max": 0.6, "pt_min": 100.0, "pt_max": 1500.0, "eff": 0.8895781637717023}, {"eta_min": 0.6, "eta_max": 1.2, "pt_min": 100.0, "pt_max": 1500.0, "eff": 0.8676351896690884}, {"eta_min": 1.2, "eta_max": 2.4, "pt_min": 100.0, "pt_max": 1500.0, "eff": 0.8450046685340808}], "c": [{"eta_min": 0.0, "eta_max": 0.6, "pt_min": 20.0, "pt_max": 25.0, "eff": 0.2962962962962963}, {"eta_min": 0.6, "eta_max": 1.2, "pt_min": 20.0, "pt_max": 25.0, "eff": 0.38235294117647056}, {"eta_min": 1.2, "eta_max": 2.4, "pt_min": 20.0, "pt_max": 25.0, "eff": 0.37373737373737276}, {"eta_min": 0.0, "eta_max": 0.6, "pt_min": 25.0, "pt_max": 1500.0, "eff": 0.3429158110882997}, {"eta_min": 0.6, "eta_max": 1.2, "pt_min": 25.0, "pt_max": 1500.0, "eff": 0.3615702479338886}, {"eta_min": 1.2, "eta_max": 2.4, "pt_min": 25.0, "pt_max": 1500.0, "eff": 0.3730468750000022}], "udsg": [{"eta_min": 0.0, "eta_max": 0.6, "pt_min": 20.0, "pt_max": 25.0, "eff": 0.05234657039711239}, {"eta_min": 0.6, "eta_max": 1.2, "pt_min": 20.0, "pt_max": 25.0, "eff": 0.08130081300813088}, {"eta_min": 1.2, "eta_max": 2.4, "pt_min": 20.0, "pt_max": 25.0, "eff": 0.1707970529135988}, {"eta_min": 0.0, "eta_max": 0.6, "pt_min": 25.0, "pt_max": 30.0, "eff": 0.08264462809917401}, {"eta_min": 0.6, "eta_max": 1.2, "pt_min": 25.0, "pt_max": 30.0, "eff": 0.10084033613445433}, {"eta_min": 1.2, "eta_max": 2.4, "pt_min": 25.0, "pt_max": 30.0, "eff": 0.19535519125683334}, {"eta_min": 0.0, "eta_max": 0.6, "pt_min": 30.0, "pt_max": 1500.0, "eff": 0.06195965417867254}, {"eta_min": 0.6, "eta_max": 1.2, "pt_min": 30.0, "pt_max": 1500.0, "eff": 0.08812785388127545}, {"eta_min": 1.2, "eta_max": 2.4, "pt_min": 30.0, "pt_max": 1500.0, "eff": 0.15732758620687948}]}, "ZGToLLG": {"b": [{"eta_min": 0.0, "eta_max": 0.6, "pt_min": 20.0, "pt_max": 25.0, "eff": 0.7249466950959431}, {"eta_min": 0.6, "eta_max": 1.2, "pt_min": 20.0, "pt_max": 25.0, "eff": 0.8341463414634107}, {"eta_min": 1.2, "eta_max": 2.4, "pt_min": 20.0, "pt_max": 25.0, "eff": 0.6758793969849282}, {"eta_min": 0.0, "eta_max": 0.6, "pt_min": 25.0, "pt_max": 30.0, "eff": 0.7912844036697201}, {"eta_min": 0.6, "eta_max": 1.2, "pt_min": 25.0, "pt_max": 30.0, "eff": 0.7530562347188234}, {"eta_min": 1.2, "eta_max": 2.4, "pt_min": 25.0, "pt_max": 30.0, "eff": 0.7608346709470267}, {"eta_min": 0.0, "eta_max": 0.6, "pt_min": 30.0, "pt_max": 1500.0, "eff": 0.841088835755031}, {"eta_min": 0.6, "eta_max": 1.2, "pt_min": 30.0, "pt_max": 1500.0, "eff": 0.8393641497594866}, {"eta_min": 1.2, "eta_max": 2.4, "pt_min": 30.0, "pt_max": 1500.0, "eff": 0.7991825128843149}], "c": [{"eta_min": 0.0, "eta_max": 0.6, "pt_min": 20.0, "pt_max": 25.0, "eff": 0.3384223918575117}, {"eta_min": 0.6, "eta_max": 1.2, "pt_min": 20.0, "pt_max": 25.0, "eff": 0.34822167080232225}, {"eta_min": 1.2, "eta_max": 2.4, "pt_min": 20.0, "pt_max": 25.0, "eff": 0.35977337110480895}, {"eta_min": 0.0, "eta_max": 0.6, "pt_min": 25.0, "pt_max": 1500.0, "eff": 0.35556784952176357}, {"eta_min": 0.6, "eta_max": 1.2, "pt_min": 25.0, "pt_max": 1500.0, "eff": 0.3661147196047207}, {"eta_min": 1.2, "eta_max": 2.4, "pt_min": 25.0, "pt_max": 1500.0, "eff": 0.3814592879801475}], "udsg": [{"eta_min": 0.0, "eta_max": 0.6, "pt_min": 20.0, "pt_max": 25.0, "eff": 0.08086411401251935}, {"eta_min": 0.6, "eta_max": 1.2, "pt_min": 20.0, "pt_max": 25.0, "eff": 0.0896411517185712}, {"eta_min": 1.2, "eta_max": 2.4, "pt_min": 20.0, "pt_max": 25.0, "eff": 0.1607523309891251}, {"eta_min": 0.0, "eta_max": 0.6, "pt_min": 25.0, "pt_max": 30.0, "eff": 0.09755809140895137}, {"eta_min": 0.6, "eta_max": 1.2, "pt_min": 25.0, "pt_max": 30.0, "eff": 0.10925949129179281}, {"eta_min": 1.2, "eta_max": 2.4, "pt_min": 25.0, "pt_max": 30.0, "eff": 0.1607309850374108}, {"eta_min": 0.0, "eta_max": 0.6, "pt_min": 30.0, "pt_max": 1500.0, "eff": 0.09636110148067027}, {"eta_min": 0.6, "eta_max": 1.2, "pt_min": 30.0, "pt_max": 1500.0, "eff": 0.11056191675981228}, {"eta_min": 1.2, "eta_max": 2.4, "pt_min": 30.0, "pt_max": 1500.0, "eff": 0.18479836178139078}]}, "Signal_600_200": {"b": [{"eta_min": 0.0, "eta_max": 0.6, "pt_min": 20.0, "pt_max": 25.0, "eff": 0.7636035604318967}, {"eta_min": 0.6, "eta_max": 1.2, "pt_min": 20.0, "pt_max": 25.0, "eff": 0.7407002640174022}, {"eta_min": 1.2, "eta_max": 2.4, "pt_min": 20.0, "pt_max": 25.0, "eff": 0.7061039084426373}, {"eta_min": 0.0, "eta_max": 0.6, "pt_min": 25.0, "pt_max": 30.0, "eff": 0.792437173503307}, {"eta_min": 0.6, "eta_max": 1.2, "pt_min": 25.0, "pt_max": 30.0, "eff": 0.7951789117947472}, {"eta_min": 1.2, "eta_max": 2.4, "pt_min": 25.0, "pt_max": 30.0, "eff": 0.7450681833174067}, {"eta_min": 0.0, "eta_max": 0.6, "pt_min": 30.0, "pt_max": 35.0, "eff": 0.8196774646360863}, {"eta_min": 0.6, "eta_max": 1.2, "pt_min": 30.0, "pt_max": 35.0, "eff": 0.835091511156295}, {"eta_min": 1.2, "eta_max": 2.4, "pt_min": 30.0, "pt_max": 35.0, "eff": 0.7869556231039347}, {"eta_min": 0.0, "eta_max": 0.6, "pt_min": 35.0, "pt_max": 1500.0, "eff": 0.8597387873137086}, {"eta_min": 0.6, "eta_max": 1.2, "pt_min": 35.0, "pt_max": 1500.0, "eff": 0.8540884862647684}, {"eta_min": 1.2, "eta_max": 2.4, "pt_min": 35.0, "pt_max": 1500.0, "eff": 0.8194763738117704}], "c": [{"eta_min": 0.0, "eta_max": 0.6, "pt_min": 20.0, "pt_max": 25.0, "eff": 0.32051240456442803}, {"eta_min": 0.6, "eta_max": 1.2, "pt_min": 20.0, "pt_max": 25.0, "eff": 0.2875599014948209}, {"eta_min": 1.2, "eta_max": 2.4, "pt_min": 20.0, "pt_max": 25.0, "eff": 0.33061665880733493}, {"eta_min": 0.0, "eta_max": 0.6, "pt_min": 25.0, "pt_max": 1500.0, "eff": 0.30774037157304446}, {"eta_min": 0.6, "eta_max": 1.2, "pt_min": 25.0, "pt_max": 1500.0, "eff": 0.3167882795824164}, {"eta_min": 1.2, "eta_max": 2.4, "pt_min": 25.0, "pt_max": 1500.0, "eff": 0.32793316044280124}], "udsg": [{"eta_min": 0.0, "eta_max": 0.6, "pt_min": 20.0, "pt_max": 25.0, "eff": 0.08612132605363083}, {"eta_min": 0.6, "eta_max": 1.2, "pt_min": 20.0, "pt_max": 25.0, "eff": 0.09617697778138488}, {"eta_min": 1.2, "eta_max": 2.4, "pt_min": 20.0, "pt_max": 25.0, "eff": 0.1760340458602821}, {"eta_min": 0.0, "eta_max": 0.6, "pt_min": 25.0, "pt_max": 1500.0, "eff": 0.07490240951804045}, {"eta_min": 0.6, "eta_max": 1.2, "pt_min": 25.0, "pt_max": 1500.0, "eff": 0.0822230533710066}, {"eta_min": 1.2, "eta_max": 2.4, "pt_min": 25.0, "pt_max": 1500.0, "eff": 0.14370564460744314}]}, "ZZZ": {"b": [{"eta_min": 0.0, "eta_max": 0.6, "pt_min": 20.0, "pt_max": 25.0, "eff": 0.781249996816822}, {"eta_min": 0.6, "eta_max": 1.2, "pt_min": 20.0, "pt_max": 25.0, "eff": 0.8181818232908683}, {"eta_min": 1.2, "eta_max": 2.4, "pt_min": 20.0, "pt_max": 25.0, "eff": 0.7173913063132166}, {"eta_min": 0.0, "eta_max": 0.6, "pt_min": 25.0, "pt_max": 30.0, "eff": 0.7142857217407577}, {"eta_min": 0.6, "eta_max": 1.2, "pt_min": 25.0, "pt_max": 30.0, "eff": 0.9615384632011703}, {"eta_min": 1.2, "eta_max": 2.4, "pt_min": 25.0, "pt_max": 30.0, "eff": 0.7567567550325919}, {"eta_min": 0.0, "eta_max": 0.6, "pt_min": 30.0, "pt_max": 35.0, "eff": 0.7727272690115993}, {"eta_min": 0.6, "eta_max": 1.2, "pt_min": 30.0, "pt_max": 35.0, "eff": 0.7200000043161262}, {"eta_min": 1.2, "eta_max": 2.4, "pt_min": 30.0, "pt_max": 35.0, "eff": 0.9090909035173993}, {"eta_min": 0.0, "eta_max": 0.6, "pt_min": 35.0, "pt_max": 1500.0, "eff": 0.8860294131684794}, {"eta_min": 0.6, "eta_max": 1.2, "pt_min": 35.0, "pt_max": 1500.0, "eff": 0.8417266190628095}, {"eta_min": 1.2, "eta_max": 2.4, "pt_min": 35.0, "pt_max": 1500.0, "eff": 0.8472622455469293}], "c": [{"eta_min": 0.0, "eta_max": 0.6, "pt_min": 20.0, "pt_max": 25.0, "eff": 0.30769231766856026}, {"eta_min": 0.6, "eta_max": 1.2, "pt_min": 20.0, "pt_max": 25.0, "eff": 0.43478259998418994}, {"eta_min": 1.2, "eta_max": 2.4, "pt_min": 20.0, "pt_max": 25.0, "eff": 0.4693877547275329}, {"eta_min": 0.0, "eta_max": 0.6, "pt_min": 25.0, "pt_max": 30.0, "eff": 0.43749999802423456}, {"eta_min": 0.6, "eta_max": 1.2, "pt_min": 25.0, "pt_max": 30.0, "eff": 0.4799999960435513}, {"eta_min": 1.2, "eta_max": 2.4, "pt_min": 25.0, "pt_max": 30.0, "eff": 0.33333333333333354}, {"eta_min": 0.0, "eta_max": 0.6, "pt_min": 30.0, "pt_max": 35.0, "eff": 0.4444444468728205}, {"eta_min": 0.6, "eta_max": 1.2, "pt_min": 30.0, "pt_max": 35.0, "eff": 0.47058824618399714}, {"eta_min": 1.2, "eta_max": 2.4, "pt_min": 30.0, "pt_max": 35.0, "eff": 0.2857142903020047}, {"eta_min": 0.0, "eta_max": 0.6, "pt_min": 35.0, "pt_max": 40.0, "eff": 0.5333333218436468}, {"eta_min": 0.6, "eta_max": 1.2, "pt_min": 35.0, "pt_max": 40.0, "eff": 0.4210526343811414}, {"eta_min": 1.2, "eta_max": 2.4, "pt_min": 35.0, "pt_max": 40.0, "eff": 0.4583333352847069}, {"eta_min": 0.0, "eta_max": 0.6, "pt_min": 40.0, "pt_max": 45.0, "eff": 0.5714285569007953}, {"eta_min": 0.6, "eta_max": 1.2, "pt_min": 40.0, "pt_max": 45.0, "eff": 0.6499999966280268}, {"eta_min": 1.2, "eta_max": 2.4, "pt_min": 40.0, "pt_max": 45.0, "eff": 0.41935484011320456}, {"eta_min": 0.0, "eta_max": 0.6, "pt_min": 45.0, "pt_max": 50.0, "eff": 0.4285714201606106}, {"eta_min": 0.6, "eta_max": 1.2, "pt_min": 45.0, "pt_max": 50.0, "eff": 0.34782610416697185}, {"eta_min": 1.2, "eta_max": 2.4, "pt_min": 45.0, "pt_max": 50.0, "eff": 0.28571427653884823}, {"eta_min": 0.0, "eta_max": 0.6, "pt_min": 50.0, "pt_max": 1500.0, "eff": 0.358695650181963}, {"eta_min": 0.6, "eta_max": 1.2, "pt_min": 50.0, "pt_max": 1500.0, "eff": 0.3705882309498339}, {"eta_min": 1.2, "eta_max": 2.4, "pt_min": 50.0, "pt_max": 1500.0, "eff": 0.3839285686015692}], "udsg": [{"eta_min": 0.0, "eta_max": 0.6, "pt_min": 20.0, "pt_max": 25.0, "eff": 0.07317073254312247}, {"eta_min": 0.6, "eta_max": 1.2, "pt_min": 20.0, "pt_max": 25.0, "eff": 0.10869565359749343}, {"eta_min": 1.2, "eta_max": 2.4, "pt_min": 20.0, "pt_max": 25.0, "eff": 0.18181818402166258}, {"eta_min": 0.0, "eta_max": 0.6, "pt_min": 25.0, "pt_max": 1500.0, "eff": 0.0895436164138643}, {"eta_min": 0.6, "eta_max": 1.2, "pt_min": 25.0, "pt_max": 1500.0, "eff": 0.09928151557271105}, {"eta_min": 1.2, "eta_max": 2.4, "pt_min": 25.0, "pt_max": 1500.0, "eff": 0.16837209321135826}]}, "ZZ": {"b": [{"eta_min": 0.0, "eta_max": 0.6, "pt_min": 20.0, "pt_max": 25.0, "eff": 0.7468354430379753}, {"eta_min": 0.6, "eta_max": 1.2, "pt_min": 20.0, "pt_max": 25.0, "eff": 0.631578947368422}, {"eta_min": 1.2, "eta_max": 2.4, "pt_min": 20.0, "pt_max": 25.0, "eff": 0.7043478260869553}, {"eta_min": 0.0, "eta_max": 0.6, "pt_min": 25.0, "pt_max": 30.0, "eff": 0.8823529411764709}, {"eta_min": 0.6, "eta_max": 1.2, "pt_min": 25.0, "pt_max": 30.0, "eff": 0.8000000000000006}, {"eta_min": 1.2, "eta_max": 2.4, "pt_min": 25.0, "pt_max": 30.0, "eff": 0.7314814814814806}, {"eta_min": 0.0, "eta_max": 0.6, "pt_min": 30.0, "pt_max": 35.0, "eff": 0.8437500000000004}, {"eta_min": 0.6, "eta_max": 1.2, "pt_min": 30.0, "pt_max": 35.0, "eff": 0.8529411764705886}, {"eta_min": 1.2, "eta_max": 2.4, "pt_min": 30.0, "pt_max": 35.0, "eff": 0.7741935483870968}, {"eta_min": 0.0, "eta_max": 0.6, "pt_min": 35.0, "pt_max": 1500.0, "eff": 0.8557422969187685}, {"eta_min": 0.6, "eta_max": 1.2, "pt_min": 35.0, "pt_max": 1500.0, "eff": 0.8308383233532967}, {"eta_min": 1.2, "eta_max": 2.4, "pt_min": 35.0, "pt_max": 1500.0, "eff": 0.8454987834549802}], "c": [{"eta_min": 0.0, "eta_max": 0.6, "pt_min": 20.0, "pt_max": 25.0, "eff": 0.3595505617977535}, {"eta_min": 0.6, "eta_max": 1.2, "pt_min": 20.0, "pt_max": 25.0, "eff": 0.333333333333334}, {"eta_min": 1.2, "eta_max": 2.4, "pt_min": 20.0, "pt_max": 25.0, "eff": 0.36986301369862956}, {"eta_min": 0.0, "eta_max": 0.6, "pt_min": 25.0, "pt_max": 30.0, "eff": 0.3191489361702133}, {"eta_min": 0.6, "eta_max": 1.2, "pt_min": 25.0, "pt_max": 30.0, "eff": 0.373333333333334}, {"eta_min": 1.2, "eta_max": 2.4, "pt_min": 25.0, "pt_max": 30.0, "eff": 0.39199999999999985}, {"eta_min": 0.0, "eta_max": 0.6, "pt_min": 30.0, "pt_max": 1500.0, "eff": 0.36244541484716786}, {"eta_min": 0.6, "eta_max": 1.2, "pt_min": 30.0, "pt_max": 1500.0, "eff": 0.38507462686567817}, {"eta_min": 1.2, "eta_max": 2.4, "pt_min": 30.0, "pt_max": 1500.0, "eff": 0.39819004524887097}], "udsg": [{"eta_min": 0.0, "eta_max": 0.6, "pt_min": 20.0, "pt_max": 25.0, "eff": 0.09170731707317023}, {"eta_min": 0.6, "eta_max": 1.2, "pt_min": 20.0, "pt_max": 25.0, "eff": 0.1087378640776694}, {"eta_min": 1.2, "eta_max": 2.4, "pt_min": 20.0, "pt_max": 25.0, "eff": 0.17072072072071645}, {"eta_min": 0.0, "eta_max": 0.6, "pt_min": 25.0, "pt_max": 1500.0, "eff": 0.08982553117982177}, {"eta_min": 0.6, "eta_max": 1.2, "pt_min": 25.0, "pt_max": 1500.0, "eff": 0.10316725319503131}, {"eta_min": 1.2, "eta_max": 2.4, "pt_min": 25.0, "pt_max": 1500.0, "eff": 0.17712367673640644}]}, "ST_t-channel_top": {"b": [{"eta_min": 0.0, "eta_max": 0.6, "pt_min": 20.0, "pt_max": 25.0, "eff": 0.7256944444444446}, {"eta_min": 0.6, "eta_max": 1.2, "pt_min": 20.0, "pt_max": 25.0, "eff": 0.7328767123287673}, {"eta_min": 1.2, "eta_max": 2.4, "pt_min": 20.0, "pt_max": 25.0, "eff": 0.7032258064516131}, {"eta_min": 0.0, "eta_max": 0.6, "pt_min": 25.0, "pt_max": 30.0, "eff": 0.787769784172662}, {"eta_min": 0.6, "eta_max": 1.2, "pt_min": 25.0, "pt_max": 30.0, "eff": 0.7619047619047621}, {"eta_min": 1.2, "eta_max": 2.4, "pt_min": 25.0, "pt_max": 30.0, "eff": 0.7852760736196321}, {"eta_min": 0.0, "eta_max": 0.6, "pt_min": 30.0, "pt_max": 35.0, "eff": 0.8514588859416446}, {"eta_min": 0.6, "eta_max": 1.2, "pt_min": 30.0, "pt_max": 35.0, "eff": 0.8367346938775512}, {"eta_min": 1.2, "eta_max": 2.4, "pt_min": 30.0, "pt_max": 35.0, "eff": 0.7857142857142859}, {"eta_min": 0.0, "eta_max": 0.6, "pt_min": 35.0, "pt_max": 40.0, "eff": 0.829313543599258}, {"eta_min": 0.6, "eta_max": 1.2, "pt_min": 35.0, "pt_max": 40.0, "eff": 0.8459869848156183}, {"eta_min": 1.2, "eta_max": 2.4, "pt_min": 35.0, "pt_max": 40.0, "eff": 0.7887850467289721}, {"eta_min": 0.0, "eta_max": 0.6, "pt_min": 40.0, "pt_max": 45.0, "eff": 0.7967836257309943}, {"eta_min": 0.6, "eta_max": 1.2, "pt_min": 40.0, "pt_max": 45.0, "eff": 0.8489208633093526}, {"eta_min": 1.2, "eta_max": 2.4, "pt_min": 40.0, "pt_max": 45.0, "eff": 0.8130434782608696}, {"eta_min": 0.0, "eta_max": 0.6, "pt_min": 45.0, "pt_max": 50.0, "eff": 0.8383458646616542}, {"eta_min": 0.6, "eta_max": 1.2, "pt_min": 45.0, "pt_max": 50.0, "eff": 0.8472906403940887}, {"eta_min": 1.2, "eta_max": 2.4, "pt_min": 45.0, "pt_max": 50.0, "eff": 0.808093994778068}, {"eta_min": 0.0, "eta_max": 0.6, "pt_min": 50.0, "pt_max": 55.0, "eff": 0.8513341804320204}, {"eta_min": 0.6, "eta_max": 1.2, "pt_min": 50.0, "pt_max": 55.0, "eff": 0.8159057437407954}, {"eta_min": 1.2, "eta_max": 2.4, "pt_min": 50.0, "pt_max": 55.0, "eff": 0.8223684210526316}, {"eta_min": 0.0, "eta_max": 0.6, "pt_min": 55.0, "pt_max": 60.0, "eff": 0.8742293464858201}, {"eta_min": 0.6, "eta_max": 1.2, "pt_min": 55.0, "pt_max": 60.0, "eff": 0.8862275449101797}, {"eta_min": 1.2, "eta_max": 2.4, "pt_min": 55.0, "pt_max": 60.0, "eff": 0.8153446033810143}, {"eta_min": 0.0, "eta_max": 0.6, "pt_min": 60.0, "pt_max": 65.0, "eff": 0.8553370786516854}, {"eta_min": 0.6, "eta_max": 1.2, "pt_min": 60.0, "pt_max": 65.0, "eff": 0.8271604938271606}, {"eta_min": 1.2, "eta_max": 2.4, "pt_min": 60.0, "pt_max": 65.0, "eff": 0.8192612137203167}, {"eta_min": 0.0, "eta_max": 0.6, "pt_min": 65.0, "pt_max": 70.0, "eff": 0.8784194528875381}, {"eta_min": 0.6, "eta_max": 1.2, "pt_min": 65.0, "pt_max": 70.0, "eff": 0.8513513513513514}, {"eta_min": 1.2, "eta_max": 2.4, "pt_min": 65.0, "pt_max": 70.0, "eff": 0.8307926829268294}, {"eta_min": 0.0, "eta_max": 0.6, "pt_min": 70.0, "pt_max": 75.0, "eff": 0.8533333333333334}, {"eta_min": 0.6, "eta_max": 1.2, "pt_min": 70.0, "pt_max": 75.0, "eff": 0.8504672897196263}, {"eta_min": 1.2, "eta_max": 2.4, "pt_min": 70.0, "pt_max": 75.0, "eff": 0.8665480427046264}, {"eta_min": 0.0, "eta_max": 0.6, "pt_min": 75.0, "pt_max": 80.0, "eff": 0.8819320214669053}, {"eta_min": 0.6, "eta_max": 1.2, "pt_min": 75.0, "pt_max": 80.0, "eff": 0.854368932038835}, {"eta_min": 1.2, "eta_max": 2.4, "pt_min": 75.0, "pt_max": 80.0, "eff": 0.8053278688524591}, {"eta_min": 0.0, "eta_max": 0.6, "pt_min": 80.0, "pt_max": 85.0, "eff": 0.8807157057654076}, {"eta_min": 0.6, "eta_max": 1.2, "pt_min": 80.0, "pt_max": 85.0, "eff": 0.8829039812646371}, {"eta_min": 1.2, "eta_max": 2.4, "pt_min": 80.0, "pt_max": 85.0, "eff": 0.8422330097087379}, {"eta_min": 0.0, "eta_max": 0.6, "pt_min": 85.0, "pt_max": 90.0, "eff": 0.8539823008849559}, {"eta_min": 0.6, "eta_max": 1.2, "pt_min": 85.0, "pt_max": 90.0, "eff": 0.8703703703703705}, {"eta_min": 1.2, "eta_max": 2.4, "pt_min": 85.0, "pt_max": 90.0, "eff": 0.8520408163265307}, {"eta_min": 0.0, "eta_max": 0.6, "pt_min": 90.0, "pt_max": 95.0, "eff": 0.8777173913043479}, {"eta_min": 0.6, "eta_max": 1.2, "pt_min": 90.0, "pt_max": 95.0, "eff": 0.8731117824773416}, {"eta_min": 1.2, "eta_max": 2.4, "pt_min": 90.0, "pt_max": 95.0, "eff": 0.8488372093023258}, {"eta_min": 0.0, "eta_max": 0.6, "pt_min": 95.0, "pt_max": 100.0, "eff": 0.8664596273291927}, {"eta_min": 0.6, "eta_max": 1.2, "pt_min": 95.0, "pt_max": 100.0, "eff": 0.8786885245901641}, {"eta_min": 1.2, "eta_max": 2.4, "pt_min": 95.0, "pt_max": 100.0, "eff": 0.8000000000000002}, {"eta_min": 0.0, "eta_max": 0.6, "pt_min": 100.0, "pt_max": 105.0, "eff": 0.8829113924050634}, {"eta_min": 0.6, "eta_max": 1.2, "pt_min": 100.0, "pt_max": 105.0, "eff": 0.8784313725490197}, {"eta_min": 1.2, "eta_max": 2.4, "pt_min": 100.0, "pt_max": 105.0, "eff": 0.7977528089887642}, {"eta_min": 0.0, "eta_max": 0.6, "pt_min": 105.0, "pt_max": 110.0, "eff": 0.8598484848484849}, {"eta_min": 0.6, "eta_max": 1.2, "pt_min": 105.0, "pt_max": 110.0, "eff": 0.848360655737705}, {"eta_min": 1.2, "eta_max": 2.4, "pt_min": 105.0, "pt_max": 110.0, "eff": 0.8268398268398269}, {"eta_min": 0.0, "eta_max": 0.6, "pt_min": 110.0, "pt_max": 1500.0, "eff": 0.8681601175174577}, {"eta_min": 0.6, "eta_max": 1.2, "pt_min": 110.0, "pt_max": 1500.0, "eff": 0.8647540983606732}, {"eta_min": 1.2, "eta_max": 2.4, "pt_min": 110.0, "pt_max": 1500.0, "eff": 0.8324205914567274}], "c": [{"eta_min": 0.0, "eta_max": 0.6, "pt_min": 20.0, "pt_max": 25.0, "eff": 0.40579710144927505}, {"eta_min": 0.6, "eta_max": 1.2, "pt_min": 20.0, "pt_max": 25.0, "eff": 0.37209302325581406}, {"eta_min": 1.2, "eta_max": 2.4, "pt_min": 20.0, "pt_max": 25.0, "eff": 0.34567901234568005}, {"eta_min": 0.0, "eta_max": 0.6, "pt_min": 25.0, "pt_max": 1500.0, "eff": 0.3530351437699683}, {"eta_min": 0.6, "eta_max": 1.2, "pt_min": 25.0, "pt_max": 1500.0, "eff": 0.3570324574961363}, {"eta_min": 1.2, "eta_max": 2.4, "pt_min": 25.0, "pt_max": 1500.0, "eff": 0.3957006369426645}], "udsg": [{"eta_min": 0.0, "eta_max": 0.6, "pt_min": 20.0, "pt_max": 25.0, "eff": 0.09633418584825044}, {"eta_min": 0.6, "eta_max": 1.2, "pt_min": 20.0, "pt_max": 25.0, "eff": 0.09853068280034388}, {"eta_min": 1.2, "eta_max": 2.4, "pt_min": 20.0, "pt_max": 25.0, "eff": 0.17735042735042772}, {"eta_min": 0.0, "eta_max": 0.6, "pt_min": 25.0, "pt_max": 1500.0, "eff": 0.08083242059146006}, {"eta_min": 0.6, "eta_max": 1.2, "pt_min": 25.0, "pt_max": 1500.0, "eff": 0.08450704225352489}, {"eta_min": 1.2, "eta_max": 2.4, "pt_min": 25.0, "pt_max": 1500.0, "eff": 0.15116386905315746}]}, "WW": {"b": [{"eta_min": 0.0, "eta_max": 0.6, "pt_min": 20.0, "pt_max": 25.0, "eff": 0.7894736842105263}, {"eta_min": 0.6, "eta_max": 1.2, "pt_min": 20.0, "pt_max": 25.0, "eff": 0.7407407407407407}, {"eta_min": 1.2, "eta_max": 2.4, "pt_min": 20.0, "pt_max": 25.0, "eff": 0.7169811320754714}, {"eta_min": 0.0, "eta_max": 0.6, "pt_min": 25.0, "pt_max": 30.0, "eff": 0.7083333333333334}, {"eta_min": 0.6, "eta_max": 1.2, "pt_min": 25.0, "pt_max": 30.0, "eff": 0.8666666666666667}, {"eta_min": 1.2, "eta_max": 2.4, "pt_min": 25.0, "pt_max": 30.0, "eff": 0.6136363636363636}, {"eta_min": 0.0, "eta_max": 0.6, "pt_min": 30.0, "pt_max": 1500.0, "eff": 0.8965517241379308}, {"eta_min": 0.6, "eta_max": 1.2, "pt_min": 30.0, "pt_max": 1500.0, "eff": 0.8367346938775507}, {"eta_min": 1.2, "eta_max": 2.4, "pt_min": 30.0, "pt_max": 1500.0, "eff": 0.7991631799163207}], "c": [{"eta_min": 0.0, "eta_max": 0.6, "pt_min": 20.0, "pt_max": 25.0, "eff": 0.28169014084506994}, {"eta_min": 0.6, "eta_max": 1.2, "pt_min": 20.0, "pt_max": 25.0, "eff": 0.28089887640449374}, {"eta_min": 1.2, "eta_max": 2.4, "pt_min": 20.0, "pt_max": 25.0, "eff": 0.3712574850299391}, {"eta_min": 0.0, "eta_max": 0.6, "pt_min": 25.0, "pt_max": 1500.0, "eff": 0.32547169811321197}, {"eta_min": 0.6, "eta_max": 1.2, "pt_min": 25.0, "pt_max": 1500.0, "eff": 0.38103161397670976}, {"eta_min": 1.2, "eta_max": 2.4, "pt_min": 25.0, "pt_max": 1500.0, "eff": 0.34736842105263266}], "udsg": [{"eta_min": 0.0, "eta_max": 0.6, "pt_min": 20.0, "pt_max": 25.0, "eff": 0.09090909090908816}, {"eta_min": 0.6, "eta_max": 1.2, "pt_min": 20.0, "pt_max": 25.0, "eff": 0.09167165967645037}, {"eta_min": 1.2, "eta_max": 2.4, "pt_min": 20.0, "pt_max": 25.0, "eff": 0.1601088839396084}, {"eta_min": 0.0, "eta_max": 0.6, "pt_min": 25.0, "pt_max": 1500.0, "eff": 0.0936434486117806}, {"eta_min": 0.6, "eta_max": 1.2, "pt_min": 25.0, "pt_max": 1500.0, "eff": 0.11025537089581691}, {"eta_min": 1.2, "eta_max": 2.4, "pt_min": 25.0, "pt_max": 1500.0, "eff": 0.1863246302720418}]}, "Signal_600_400": {"b": [{"eta_min": 0.0, "eta_max": 0.6, "pt_min": 20.0, "pt_max": 25.0, "eff": 0.7589027574286284}, {"eta_min": 0.6, "eta_max": 1.2, "pt_min": 20.0, "pt_max": 25.0, "eff": 0.7541464341157545}, {"eta_min": 1.2, "eta_max": 2.4, "pt_min": 20.0, "pt_max": 25.0, "eff": 0.7104270997735139}, {"eta_min": 0.0, "eta_max": 0.6, "pt_min": 25.0, "pt_max": 30.0, "eff": 0.8085175049355169}, {"eta_min": 0.6, "eta_max": 1.2, "pt_min": 25.0, "pt_max": 30.0, "eff": 0.782699539718497}, {"eta_min": 1.2, "eta_max": 2.4, "pt_min": 25.0, "pt_max": 30.0, "eff": 0.7592044196733927}, {"eta_min": 0.0, "eta_max": 0.6, "pt_min": 30.0, "pt_max": 35.0, "eff": 0.8222235282057188}, {"eta_min": 0.6, "eta_max": 1.2, "pt_min": 30.0, "pt_max": 35.0, "eff": 0.8078137959620143}, {"eta_min": 1.2, "eta_max": 2.4, "pt_min": 30.0, "pt_max": 35.0, "eff": 0.7821678926400798}, {"eta_min": 0.0, "eta_max": 0.6, "pt_min": 35.0, "pt_max": 40.0, "eff": 0.8512616459920108}, {"eta_min": 0.6, "eta_max": 1.2, "pt_min": 35.0, "pt_max": 40.0, "eff": 0.8336298972254629}, {"eta_min": 1.2, "eta_max": 2.4, "pt_min": 35.0, "pt_max": 40.0, "eff": 0.8056684466224511}, {"eta_min": 0.0, "eta_max": 0.6, "pt_min": 40.0, "pt_max": 1500.0, "eff": 0.8713594811646008}, {"eta_min": 0.6, "eta_max": 1.2, "pt_min": 40.0, "pt_max": 1500.0, "eff": 0.8597689427742053}, {"eta_min": 1.2, "eta_max": 2.4, "pt_min": 40.0, "pt_max": 1500.0, "eff": 0.8166858360298285}], "c": [{"eta_min": 0.0, "eta_max": 0.6, "pt_min": 20.0, "pt_max": 25.0, "eff": 0.29586845199816153}, {"eta_min": 0.6, "eta_max": 1.2, "pt_min": 20.0, "pt_max": 25.0, "eff": 0.2560328403751617}, {"eta_min": 1.2, "eta_max": 2.4, "pt_min": 20.0, "pt_max": 25.0, "eff": 0.3260088394902877}, {"eta_min": 0.0, "eta_max": 0.6, "pt_min": 25.0, "pt_max": 1500.0, "eff": 0.3048212138534445}, {"eta_min": 0.6, "eta_max": 1.2, "pt_min": 25.0, "pt_max": 1500.0, "eff": 0.31170868732425394}, {"eta_min": 1.2, "eta_max": 2.4, "pt_min": 25.0, "pt_max": 1500.0, "eff": 0.3395379046288802}], "udsg": [{"eta_min": 0.0, "eta_max": 0.6, "pt_min": 20.0, "pt_max": 25.0, "eff": 0.08797290863724036}, {"eta_min": 0.6, "eta_max": 1.2, "pt_min": 20.0, "pt_max": 25.0, "eff": 0.1008901423615675}, {"eta_min": 1.2, "eta_max": 2.4, "pt_min": 20.0, "pt_max": 25.0, "eff": 0.17006875355852705}, {"eta_min": 0.0, "eta_max": 0.6, "pt_min": 25.0, "pt_max": 1500.0, "eff": 0.07695118387579422}, {"eta_min": 0.6, "eta_max": 1.2, "pt_min": 25.0, "pt_max": 1500.0, "eff": 0.08472436759650186}, {"eta_min": 1.2, "eta_max": 2.4, "pt_min": 25.0, "pt_max": 1500.0, "eff": 0.15041050606477382}]}, "Signal_1000_300": {"b": [{"eta_min": 0.0, "eta_max": 0.6, "pt_min": 20.0, "pt_max": 25.0, "eff": 0.7517079634735824}, {"eta_min": 0.6, "eta_max": 1.2, "pt_min": 20.0, "pt_max": 25.0, "eff": 0.7461284238611569}, {"eta_min": 1.2, "eta_max": 2.4, "pt_min": 20.0, "pt_max": 25.0, "eff": 0.7061643912390321}, {"eta_min": 0.0, "eta_max": 0.6, "pt_min": 25.0, "pt_max": 30.0, "eff": 0.7904175541240556}, {"eta_min": 0.6, "eta_max": 1.2, "pt_min": 25.0, "pt_max": 30.0, "eff": 0.8040895106379997}, {"eta_min": 1.2, "eta_max": 2.4, "pt_min": 25.0, "pt_max": 30.0, "eff": 0.7665857265005888}, {"eta_min": 0.0, "eta_max": 0.6, "pt_min": 30.0, "pt_max": 35.0, "eff": 0.8470296119789618}, {"eta_min": 0.6, "eta_max": 1.2, "pt_min": 30.0, "pt_max": 35.0, "eff": 0.8258622042802869}, {"eta_min": 1.2, "eta_max": 2.4, "pt_min": 30.0, "pt_max": 35.0, "eff": 0.7889587832212731}, {"eta_min": 0.0, "eta_max": 0.6, "pt_min": 35.0, "pt_max": 40.0, "eff": 0.8442796803476584}, {"eta_min": 0.6, "eta_max": 1.2, "pt_min": 35.0, "pt_max": 40.0, "eff": 0.8298179508965058}, {"eta_min": 1.2, "eta_max": 2.4, "pt_min": 35.0, "pt_max": 40.0, "eff": 0.8016644630499028}, {"eta_min": 0.0, "eta_max": 0.6, "pt_min": 40.0, "pt_max": 45.0, "eff": 0.841618752824942}, {"eta_min": 0.6, "eta_max": 1.2, "pt_min": 40.0, "pt_max": 45.0, "eff": 0.8363699454672854}, {"eta_min": 1.2, "eta_max": 2.4, "pt_min": 40.0, "pt_max": 45.0, "eff": 0.80432017991945}, {"eta_min": 0.0, "eta_max": 0.6, "pt_min": 45.0, "pt_max": 1500.0, "eff": 0.8717988227140159}, {"eta_min": 0.6, "eta_max": 1.2, "pt_min": 45.0, "pt_max": 1500.0, "eff": 0.8626769373672732}, {"eta_min": 1.2, "eta_max": 2.4, "pt_min": 45.0, "pt_max": 1500.0, "eff": 0.8290365181081093}], "c": [{"eta_min": 0.0, "eta_max": 0.6, "pt_min": 20.0, "pt_max": 25.0, "eff": 0.32227378140047025}, {"eta_min": 0.6, "eta_max": 1.2, "pt_min": 20.0, "pt_max": 25.0, "eff": 0.32386763007420843}, {"eta_min": 1.2, "eta_max": 2.4, "pt_min": 20.0, "pt_max": 25.0, "eff": 0.3309106135060783}, {"eta_min": 0.0, "eta_max": 0.6, "pt_min": 25.0, "pt_max": 1500.0, "eff": 0.3157344673502852}, {"eta_min": 0.6, "eta_max": 1.2, "pt_min": 25.0, "pt_max": 1500.0, "eff": 0.33495433154170096}, {"eta_min": 1.2, "eta_max": 2.4, "pt_min": 25.0, "pt_max": 1500.0, "eff": 0.3404593685643009}], "udsg": [{"eta_min": 0.0, "eta_max": 0.6, "pt_min": 20.0, "pt_max": 25.0, "eff": 0.08854189645060978}, {"eta_min": 0.6, "eta_max": 1.2, "pt_min": 20.0, "pt_max": 25.0, "eff": 0.09270070639041665}, {"eta_min": 1.2, "eta_max": 2.4, "pt_min": 20.0, "pt_max": 25.0, "eff": 0.17114135204019668}, {"eta_min": 0.0, "eta_max": 0.6, "pt_min": 25.0, "pt_max": 1500.0, "eff": 0.0699940711370787}, {"eta_min": 0.6, "eta_max": 1.2, "pt_min": 25.0, "pt_max": 1500.0, "eff": 0.07588349532278311}, {"eta_min": 1.2, "eta_max": 2.4, "pt_min": 25.0, "pt_max": 1500.0, "eff": 0.138396968268622}]}, "TTGJets": {"b": [{"eta_min": 0.0, "eta_max": 0.6, "pt_min": 20.0, "pt_max": 25.0, "eff": 0.794520547945206}, {"eta_min": 0.6, "eta_max": 1.2, "pt_min": 20.0, "pt_max": 25.0, "eff": 0.7323943661971833}, {"eta_min": 1.2, "eta_max": 2.4, "pt_min": 20.0, "pt_max": 25.0, "eff": 0.7628865979381452}, {"eta_min": 0.0, "eta_max": 0.6, "pt_min": 25.0, "pt_max": 1500.0, "eff": 0.8666035950804182}, {"eta_min": 0.6, "eta_max": 1.2, "pt_min": 25.0, "pt_max": 1500.0, "eff": 0.8363858363858276}, {"eta_min": 1.2, "eta_max": 2.4, "pt_min": 25.0, "pt_max": 1500.0, "eff": 0.8217877094971979}], "c": [{"eta_min": 0.0, "eta_max": 0.6, "pt_min": 20.0, "pt_max": 1500.0, "eff": 0.4146341463414614}, {"eta_min": 0.6, "eta_max": 1.2, "pt_min": 20.0, "pt_max": 1500.0, "eff": 0.36206896551724127}, {"eta_min": 1.2, "eta_max": 2.4, "pt_min": 20.0, "pt_max": 1500.0, "eff": 0.454545454545452}], "udsg": [{"eta_min": 0.0, "eta_max": 0.6, "pt_min": 20.0, "pt_max": 25.0, "eff": 0.06460674157303335}, {"eta_min": 0.6, "eta_max": 1.2, "pt_min": 20.0, "pt_max": 25.0, "eff": 0.13553113553113497}, {"eta_min": 1.2, "eta_max": 2.4, "pt_min": 20.0, "pt_max": 25.0, "eff": 0.1717687074829931}, {"eta_min": 0.0, "eta_max": 0.6, "pt_min": 25.0, "pt_max": 1500.0, "eff": 0.10373181530676685}, {"eta_min": 0.6, "eta_max": 1.2, "pt_min": 25.0, "pt_max": 1500.0, "eff": 0.1193072482360478}, {"eta_min": 1.2, "eta_max": 2.4, "pt_min": 25.0, "pt_max": 1500.0, "eff": 0.17981888745148872}]}, "TTToSemiLeptonic": {"b": [{"eta_min": 0.0, "eta_max": 0.6, "pt_min": 20.0, "pt_max": 25.0, "eff": 0.7686022760431805}, {"eta_min": 0.6, "eta_max": 1.2, "pt_min": 20.0, "pt_max": 25.0, "eff": 0.7682529335071642}, {"eta_min": 1.2, "eta_max": 2.4, "pt_min": 20.0, "pt_max": 25.0, "eff": 0.7255278310940854}, {"eta_min": 0.0, "eta_max": 0.6, "pt_min": 25.0, "pt_max": 30.0, "eff": 0.8119897959183919}, {"eta_min": 0.6, "eta_max": 1.2, "pt_min": 25.0, "pt_max": 30.0, "eff": 0.7966195622055956}, {"eta_min": 1.2, "eta_max": 2.4, "pt_min": 25.0, "pt_max": 30.0, "eff": 0.7670835194283733}, {"eta_min": 0.0, "eta_max": 0.6, "pt_min": 30.0, "pt_max": 35.0, "eff": 0.8354104846686881}, {"eta_min": 0.6, "eta_max": 1.2, "pt_min": 30.0, "pt_max": 35.0, "eff": 0.8116399729303518}, {"eta_min": 1.2, "eta_max": 2.4, "pt_min": 30.0, "pt_max": 35.0, "eff": 0.7924016282225771}, {"eta_min": 0.0, "eta_max": 0.6, "pt_min": 35.0, "pt_max": 40.0, "eff": 0.8435771843893518}, {"eta_min": 0.6, "eta_max": 1.2, "pt_min": 35.0, "pt_max": 40.0, "eff": 0.8323142486567023}, {"eta_min": 1.2, "eta_max": 2.4, "pt_min": 35.0, "pt_max": 40.0, "eff": 0.792989962152423}, {"eta_min": 0.0, "eta_max": 0.6, "pt_min": 40.0, "pt_max": 45.0, "eff": 0.8576517526361056}, {"eta_min": 0.6, "eta_max": 1.2, "pt_min": 40.0, "pt_max": 45.0, "eff": 0.848208360982117}, {"eta_min": 1.2, "eta_max": 2.4, "pt_min": 40.0, "pt_max": 45.0, "eff": 0.8133978305482626}, {"eta_min": 0.0, "eta_max": 0.6, "pt_min": 45.0, "pt_max": 50.0, "eff": 0.8628225381780122}, {"eta_min": 0.6, "eta_max": 1.2, "pt_min": 45.0, "pt_max": 50.0, "eff": 0.8524256651017521}, {"eta_min": 1.2, "eta_max": 2.4, "pt_min": 45.0, "pt_max": 50.0, "eff": 0.8211967259385037}, {"eta_min": 0.0, "eta_max": 0.6, "pt_min": 50.0, "pt_max": 55.0, "eff": 0.8658817507038875}, {"eta_min": 0.6, "eta_max": 1.2, "pt_min": 50.0, "pt_max": 55.0, "eff": 0.8571867321867612}, {"eta_min": 1.2, "eta_max": 2.4, "pt_min": 50.0, "pt_max": 55.0, "eff": 0.8327569511689336}, {"eta_min": 0.0, "eta_max": 0.6, "pt_min": 55.0, "pt_max": 60.0, "eff": 0.8676786843769987}, {"eta_min": 0.6, "eta_max": 1.2, "pt_min": 55.0, "pt_max": 60.0, "eff": 0.8675265553869765}, {"eta_min": 1.2, "eta_max": 2.4, "pt_min": 55.0, "pt_max": 60.0, "eff": 0.8310059846110323}, {"eta_min": 0.0, "eta_max": 0.6, "pt_min": 60.0, "pt_max": 65.0, "eff": 0.8683724610920831}, {"eta_min": 0.6, "eta_max": 1.2, "pt_min": 60.0, "pt_max": 65.0, "eff": 0.8668439993741475}, {"eta_min": 1.2, "eta_max": 2.4, "pt_min": 60.0, "pt_max": 65.0, "eff": 0.8326530612245233}, {"eta_min": 0.0, "eta_max": 0.6, "pt_min": 65.0, "pt_max": 70.0, "eff": 0.873917228103969}, {"eta_min": 0.6, "eta_max": 1.2, "pt_min": 65.0, "pt_max": 70.0, "eff": 0.8698903290129898}, {"eta_min": 1.2, "eta_max": 2.4, "pt_min": 65.0, "pt_max": 70.0, "eff": 0.8404171275083285}, {"eta_min": 0.0, "eta_max": 0.6, "pt_min": 70.0, "pt_max": 75.0, "eff": 0.8748722441232539}, {"eta_min": 0.6, "eta_max": 1.2, "pt_min": 70.0, "pt_max": 75.0, "eff": 0.8735319148936456}, {"eta_min": 1.2, "eta_max": 2.4, "pt_min": 70.0, "pt_max": 75.0, "eff": 0.8394025843262649}, {"eta_min": 0.0, "eta_max": 0.6, "pt_min": 75.0, "pt_max": 80.0, "eff": 0.8739110499771003}, {"eta_min": 0.6, "eta_max": 1.2, "pt_min": 75.0, "pt_max": 80.0, "eff": 0.8751349406261543}, {"eta_min": 1.2, "eta_max": 2.4, "pt_min": 75.0, "pt_max": 80.0, "eff": 0.8508520007658813}, {"eta_min": 0.0, "eta_max": 0.6, "pt_min": 80.0, "pt_max": 85.0, "eff": 0.8726946303248194}, {"eta_min": 0.6, "eta_max": 1.2, "pt_min": 80.0, "pt_max": 85.0, "eff": 0.8723445345693644}, {"eta_min": 1.2, "eta_max": 2.4, "pt_min": 80.0, "pt_max": 85.0, "eff": 0.8417682297046498}, {"eta_min": 0.0, "eta_max": 0.6, "pt_min": 85.0, "pt_max": 90.0, "eff": 0.8826999826479535}, {"eta_min": 0.6, "eta_max": 1.2, "pt_min": 85.0, "pt_max": 90.0, "eff": 0.8758488964346699}, {"eta_min": 1.2, "eta_max": 2.4, "pt_min": 85.0, "pt_max": 90.0, "eff": 0.8425541724297392}, {"eta_min": 0.0, "eta_max": 0.6, "pt_min": 90.0, "pt_max": 95.0, "eff": 0.8775739423437219}, {"eta_min": 0.6, "eta_max": 1.2, "pt_min": 90.0, "pt_max": 95.0, "eff": 0.8684812442818332}, {"eta_min": 1.2, "eta_max": 2.4, "pt_min": 90.0, "pt_max": 95.0, "eff": 0.8488622754491474}, {"eta_min": 0.0, "eta_max": 0.6, "pt_min": 95.0, "pt_max": 100.0, "eff": 0.885673234811197}, {"eta_min": 0.6, "eta_max": 1.2, "pt_min": 95.0, "pt_max": 100.0, "eff": 0.8756530825496549}, {"eta_min": 1.2, "eta_max": 2.4, "pt_min": 95.0, "pt_max": 100.0, "eff": 0.8384255436278577}, {"eta_min": 0.0, "eta_max": 0.6, "pt_min": 100.0, "pt_max": 105.0, "eff": 0.8769993241721475}, {"eta_min": 0.6, "eta_max": 1.2, "pt_min": 100.0, "pt_max": 105.0, "eff": 0.869624019475259}, {"eta_min": 1.2, "eta_max": 2.4, "pt_min": 100.0, "pt_max": 105.0, "eff": 0.835748792270527}, {"eta_min": 0.0, "eta_max": 0.6, "pt_min": 105.0, "pt_max": 110.0, "eff": 0.8762364294330914}, {"eta_min": 0.6, "eta_max": 1.2, "pt_min": 105.0, "pt_max": 110.0, "eff": 0.8777239709443067}, {"eta_min": 1.2, "eta_max": 2.4, "pt_min": 105.0, "pt_max": 110.0, "eff": 0.8338278931750693}, {"eta_min": 0.0, "eta_max": 0.6, "pt_min": 110.0, "pt_max": 115.0, "eff": 0.8726030995534728}, {"eta_min": 0.6, "eta_max": 1.2, "pt_min": 110.0, "pt_max": 115.0, "eff": 0.8720426524491799}, {"eta_min": 1.2, "eta_max": 2.4, "pt_min": 110.0, "pt_max": 115.0, "eff": 0.8397849462365541}, {"eta_min": 0.0, "eta_max": 0.6, "pt_min": 115.0, "pt_max": 1500.0, "eff": 0.8817649271776604}, {"eta_min": 0.6, "eta_max": 1.2, "pt_min": 115.0, "pt_max": 1500.0, "eff": 0.872340425531865}, {"eta_min": 1.2, "eta_max": 2.4, "pt_min": 115.0, "pt_max": 1500.0, "eff": 0.8369278445496133}], "c": [{"eta_min": 0.0, "eta_max": 0.6, "pt_min": 20.0, "pt_max": 25.0, "eff": 0.38050682261206453}, {"eta_min": 0.6, "eta_max": 1.2, "pt_min": 20.0, "pt_max": 25.0, "eff": 0.37510584250632756}, {"eta_min": 1.2, "eta_max": 2.4, "pt_min": 20.0, "pt_max": 25.0, "eff": 0.38918128654969186}, {"eta_min": 0.0, "eta_max": 0.6, "pt_min": 25.0, "pt_max": 30.0, "eff": 0.39579831932770876}, {"eta_min": 0.6, "eta_max": 1.2, "pt_min": 25.0, "pt_max": 30.0, "eff": 0.39353958143764756}, {"eta_min": 1.2, "eta_max": 2.4, "pt_min": 25.0, "pt_max": 30.0, "eff": 0.3932695480039415}, {"eta_min": 0.0, "eta_max": 0.6, "pt_min": 30.0, "pt_max": 35.0, "eff": 0.39218106995882573}, {"eta_min": 0.6, "eta_max": 1.2, "pt_min": 30.0, "pt_max": 35.0, "eff": 0.39319470699430653}, {"eta_min": 1.2, "eta_max": 2.4, "pt_min": 30.0, "pt_max": 35.0, "eff": 0.41058867086262424}, {"eta_min": 0.0, "eta_max": 0.6, "pt_min": 35.0, "pt_max": 40.0, "eff": 0.37441761965266657}, {"eta_min": 0.6, "eta_max": 1.2, "pt_min": 35.0, "pt_max": 40.0, "eff": 0.3877943296491853}, {"eta_min": 1.2, "eta_max": 2.4, "pt_min": 35.0, "pt_max": 40.0, "eff": 0.40104166666664554}, {"eta_min": 0.0, "eta_max": 0.6, "pt_min": 40.0, "pt_max": 45.0, "eff": 0.38817480719792036}, {"eta_min": 0.6, "eta_max": 1.2, "pt_min": 40.0, "pt_max": 45.0, "eff": 0.3851519681115883}, {"eta_min": 1.2, "eta_max": 2.4, "pt_min": 40.0, "pt_max": 45.0, "eff": 0.4151670951156592}, {"eta_min": 0.0, "eta_max": 0.6, "pt_min": 45.0, "pt_max": 1500.0, "eff": 0.372203561695839}, {"eta_min": 0.6, "eta_max": 1.2, "pt_min": 45.0, "pt_max": 1500.0, "eff": 0.3788604076590806}, {"eta_min": 1.2, "eta_max": 2.4, "pt_min": 45.0, "pt_max": 1500.0, "eff": 0.3966964846202448}], "udsg": [{"eta_min": 0.0, "eta_max": 0.6, "pt_min": 20.0, "pt_max": 25.0, "eff": 0.09565789473687056}, {"eta_min": 0.6, "eta_max": 1.2, "pt_min": 20.0, "pt_max": 25.0, "eff": 0.1063183475091444}, {"eta_min": 1.2, "eta_max": 2.4, "pt_min": 20.0, "pt_max": 25.0, "eff": 0.17403962399137662}, {"eta_min": 0.0, "eta_max": 0.6, "pt_min": 25.0, "pt_max": 1500.0, "eff": 0.06973246849970198}, {"eta_min": 0.6, "eta_max": 1.2, "pt_min": 25.0, "pt_max": 1500.0, "eff": 0.07938642010233984}, {"eta_min": 1.2, "eta_max": 2.4, "pt_min": 25.0, "pt_max": 1500.0, "eff": 0.14237213298609983}]}, "TTTo2L2Nu": {"b": [{"eta_min": 0.0, "eta_max": 0.6, "pt_min": 20.0, "pt_max": 25.0, "eff": 0.7778707561993016}, {"eta_min": 0.6, "eta_max": 1.2, "pt_min": 20.0, "pt_max": 25.0, "eff": 0.7691809347525507}, {"eta_min": 1.2, "eta_max": 2.4, "pt_min": 20.0, "pt_max": 25.0, "eff": 0.7276987003802584}, {"eta_min": 0.0, "eta_max": 0.6, "pt_min": 25.0, "pt_max": 30.0, "eff": 0.8111214219431131}, {"eta_min": 0.6, "eta_max": 1.2, "pt_min": 25.0, "pt_max": 30.0, "eff": 0.8062035132142031}, {"eta_min": 1.2, "eta_max": 2.4, "pt_min": 25.0, "pt_max": 30.0, "eff": 0.7712599216911706}, {"eta_min": 0.0, "eta_max": 0.6, "pt_min": 30.0, "pt_max": 35.0, "eff": 0.8330924135181529}, {"eta_min": 0.6, "eta_max": 1.2, "pt_min": 30.0, "pt_max": 35.0, "eff": 0.8275969079727599}, {"eta_min": 1.2, "eta_max": 2.4, "pt_min": 30.0, "pt_max": 35.0, "eff": 0.7931746968803173}, {"eta_min": 0.0, "eta_max": 0.6, "pt_min": 35.0, "pt_max": 40.0, "eff": 0.843075904123562}, {"eta_min": 0.6, "eta_max": 1.2, "pt_min": 35.0, "pt_max": 40.0, "eff": 0.8376689415228771}, {"eta_min": 1.2, "eta_max": 2.4, "pt_min": 35.0, "pt_max": 40.0, "eff": 0.8095658293029522}, {"eta_min": 0.0, "eta_max": 0.6, "pt_min": 40.0, "pt_max": 45.0, "eff": 0.8531005951196231}, {"eta_min": 0.6, "eta_max": 1.2, "pt_min": 40.0, "pt_max": 45.0, "eff": 0.8496076778419592}, {"eta_min": 1.2, "eta_max": 2.4, "pt_min": 40.0, "pt_max": 45.0, "eff": 0.8174851766664568}, {"eta_min": 0.0, "eta_max": 0.6, "pt_min": 45.0, "pt_max": 50.0, "eff": 0.8594051165236112}, {"eta_min": 0.6, "eta_max": 1.2, "pt_min": 45.0, "pt_max": 50.0, "eff": 0.853564746112706}, {"eta_min": 1.2, "eta_max": 2.4, "pt_min": 45.0, "pt_max": 50.0, "eff": 0.8273488303483127}, {"eta_min": 0.0, "eta_max": 0.6, "pt_min": 50.0, "pt_max": 55.0, "eff": 0.8642758008105684}, {"eta_min": 0.6, "eta_max": 1.2, "pt_min": 50.0, "pt_max": 55.0, "eff": 0.8574897921059492}, {"eta_min": 1.2, "eta_max": 2.4, "pt_min": 50.0, "pt_max": 55.0, "eff": 0.8318158989350671}, {"eta_min": 0.0, "eta_max": 0.6, "pt_min": 55.0, "pt_max": 60.0, "eff": 0.8674489551079599}, {"eta_min": 0.6, "eta_max": 1.2, "pt_min": 55.0, "pt_max": 60.0, "eff": 0.8617089311534302}, {"eta_min": 1.2, "eta_max": 2.4, "pt_min": 55.0, "pt_max": 60.0, "eff": 0.8318189350420455}, {"eta_min": 0.0, "eta_max": 0.6, "pt_min": 60.0, "pt_max": 65.0, "eff": 0.8717539051458655}, {"eta_min": 0.6, "eta_max": 1.2, "pt_min": 60.0, "pt_max": 65.0, "eff": 0.8645582674459151}, {"eta_min": 1.2, "eta_max": 2.4, "pt_min": 60.0, "pt_max": 65.0, "eff": 0.8342871696530937}, {"eta_min": 0.0, "eta_max": 0.6, "pt_min": 65.0, "pt_max": 70.0, "eff": 0.8744268909324787}, {"eta_min": 0.6, "eta_max": 1.2, "pt_min": 65.0, "pt_max": 70.0, "eff": 0.8678191996946967}, {"eta_min": 1.2, "eta_max": 2.4, "pt_min": 65.0, "pt_max": 70.0, "eff": 0.8342459260228617}, {"eta_min": 0.0, "eta_max": 0.6, "pt_min": 70.0, "pt_max": 75.0, "eff": 0.8757629904939394}, {"eta_min": 0.6, "eta_max": 1.2, "pt_min": 70.0, "pt_max": 75.0, "eff": 0.870461961188454}, {"eta_min": 1.2, "eta_max": 2.4, "pt_min": 70.0, "pt_max": 75.0, "eff": 0.8390381792814352}, {"eta_min": 0.0, "eta_max": 0.6, "pt_min": 75.0, "pt_max": 80.0, "eff": 0.8792865468376698}, {"eta_min": 0.6, "eta_max": 1.2, "pt_min": 75.0, "pt_max": 80.0, "eff": 0.8727241918175138}, {"eta_min": 1.2, "eta_max": 2.4, "pt_min": 75.0, "pt_max": 80.0, "eff": 0.8404786047455794}, {"eta_min": 0.0, "eta_max": 0.6, "pt_min": 80.0, "pt_max": 85.0, "eff": 0.8803496233664401}, {"eta_min": 0.6, "eta_max": 1.2, "pt_min": 80.0, "pt_max": 85.0, "eff": 0.8701931080406959}, {"eta_min": 1.2, "eta_max": 2.4, "pt_min": 80.0, "pt_max": 85.0, "eff": 0.8374340538775062}, {"eta_min": 0.0, "eta_max": 0.6, "pt_min": 85.0, "pt_max": 90.0, "eff": 0.8785870329915104}, {"eta_min": 0.6, "eta_max": 1.2, "pt_min": 85.0, "pt_max": 90.0, "eff": 0.875508990254919}, {"eta_min": 1.2, "eta_max": 2.4, "pt_min": 85.0, "pt_max": 90.0, "eff": 0.8379630855600613}, {"eta_min": 0.0, "eta_max": 0.6, "pt_min": 90.0, "pt_max": 95.0, "eff": 0.8806450955206921}, {"eta_min": 0.6, "eta_max": 1.2, "pt_min": 90.0, "pt_max": 95.0, "eff": 0.8753780081828552}, {"eta_min": 1.2, "eta_max": 2.4, "pt_min": 90.0, "pt_max": 95.0, "eff": 0.8417631344613976}, {"eta_min": 0.0, "eta_max": 0.6, "pt_min": 95.0, "pt_max": 100.0, "eff": 0.8826400291918293}, {"eta_min": 0.6, "eta_max": 1.2, "pt_min": 95.0, "pt_max": 100.0, "eff": 0.8746551380870773}, {"eta_min": 1.2, "eta_max": 2.4, "pt_min": 95.0, "pt_max": 100.0, "eff": 0.8431983385255903}, {"eta_min": 0.0, "eta_max": 0.6, "pt_min": 100.0, "pt_max": 105.0, "eff": 0.8842097159135496}, {"eta_min": 0.6, "eta_max": 1.2, "pt_min": 100.0, "pt_max": 105.0, "eff": 0.8798056815623785}, {"eta_min": 1.2, "eta_max": 2.4, "pt_min": 100.0, "pt_max": 105.0, "eff": 0.839642897502714}, {"eta_min": 0.0, "eta_max": 0.6, "pt_min": 105.0, "pt_max": 1500.0, "eff": 0.8864123666309001}, {"eta_min": 0.6, "eta_max": 1.2, "pt_min": 105.0, "pt_max": 1500.0, "eff": 0.8788236369529049}, {"eta_min": 1.2, "eta_max": 2.4, "pt_min": 105.0, "pt_max": 1500.0, "eff": 0.8456233253531854}], "c": [{"eta_min": 0.0, "eta_max": 0.6, "pt_min": 20.0, "pt_max": 25.0, "eff": 0.3266315095582576}, {"eta_min": 0.6, "eta_max": 1.2, "pt_min": 20.0, "pt_max": 25.0, "eff": 0.3318673883625715}, {"eta_min": 1.2, "eta_max": 2.4, "pt_min": 20.0, "pt_max": 25.0, "eff": 0.34840921392908225}, {"eta_min": 0.0, "eta_max": 0.6, "pt_min": 25.0, "pt_max": 1500.0, "eff": 0.32139091604509906}, {"eta_min": 0.6, "eta_max": 1.2, "pt_min": 25.0, "pt_max": 1500.0, "eff": 0.3183308957145639}, {"eta_min": 1.2, "eta_max": 2.4, "pt_min": 25.0, "pt_max": 1500.0, "eff": 0.3528202958555833}], "udsg": [{"eta_min": 0.0, "eta_max": 0.6, "pt_min": 20.0, "pt_max": 25.0, "eff": 0.09853771921216987}, {"eta_min": 0.6, "eta_max": 1.2, "pt_min": 20.0, "pt_max": 25.0, "eff": 0.10848909152049452}, {"eta_min": 1.2, "eta_max": 2.4, "pt_min": 20.0, "pt_max": 25.0, "eff": 0.17343577866500315}, {"eta_min": 0.0, "eta_max": 0.6, "pt_min": 25.0, "pt_max": 30.0, "eff": 0.11854034451513543}, {"eta_min": 0.6, "eta_max": 1.2, "pt_min": 25.0, "pt_max": 30.0, "eff": 0.12784490727265826}, {"eta_min": 1.2, "eta_max": 2.4, "pt_min": 25.0, "pt_max": 30.0, "eff": 0.1741125751835117}, {"eta_min": 0.0, "eta_max": 0.6, "pt_min": 30.0, "pt_max": 35.0, "eff": 0.13195620700441835}, {"eta_min": 0.6, "eta_max": 1.2, "pt_min": 30.0, "pt_max": 35.0, "eff": 0.14493981859842742}, {"eta_min": 1.2, "eta_max": 2.4, "pt_min": 30.0, "pt_max": 35.0, "eff": 0.19541345788031708}, {"eta_min": 0.0, "eta_max": 0.6, "pt_min": 35.0, "pt_max": 40.0, "eff": 0.1239592859604704}, {"eta_min": 0.6, "eta_max": 1.2, "pt_min": 35.0, "pt_max": 40.0, "eff": 0.13937664895179563}, {"eta_min": 1.2, "eta_max": 2.4, "pt_min": 35.0, "pt_max": 40.0, "eff": 0.2045749312275203}, {"eta_min": 0.0, "eta_max": 0.6, "pt_min": 40.0, "pt_max": 1500.0, "eff": 0.08391262541792158}, {"eta_min": 0.6, "eta_max": 1.2, "pt_min": 40.0, "pt_max": 1500.0, "eff": 0.0941013568394658}, {"eta_min": 1.2, "eta_max": 2.4, "pt_min": 40.0, "pt_max": 1500.0, "eff": 0.15327059979628171}]}, "ST_tW_antitop": {"b": [{"eta_min": 0.0, "eta_max": 0.6, "pt_min": 20.0, "pt_max": 25.0, "eff": 0.7389033942558803}, {"eta_min": 0.6, "eta_max": 1.2, "pt_min": 20.0, "pt_max": 25.0, "eff": 0.7257861635220183}, {"eta_min": 1.2, "eta_max": 2.4, "pt_min": 20.0, "pt_max": 25.0, "eff": 0.7095375722543202}, {"eta_min": 0.0, "eta_max": 0.6, "pt_min": 25.0, "pt_max": 1500.0, "eff": 0.8702344827584917}, {"eta_min": 0.6, "eta_max": 1.2, "pt_min": 25.0, "pt_max": 1500.0, "eff": 0.8584189670226179}, {"eta_min": 1.2, "eta_max": 2.4, "pt_min": 25.0, "pt_max": 1500.0, "eff": 0.8270396564788263}], "c": [{"eta_min": 0.0, "eta_max": 0.6, "pt_min": 20.0, "pt_max": 25.0, "eff": 0.3450292397660819}, {"eta_min": 0.6, "eta_max": 1.2, "pt_min": 20.0, "pt_max": 25.0, "eff": 0.32727272727272727}, {"eta_min": 1.2, "eta_max": 2.4, "pt_min": 20.0, "pt_max": 25.0, "eff": 0.4100719424460412}, {"eta_min": 0.0, "eta_max": 0.6, "pt_min": 25.0, "pt_max": 1500.0, "eff": 0.3837772397094318}, {"eta_min": 0.6, "eta_max": 1.2, "pt_min": 25.0, "pt_max": 1500.0, "eff": 0.358916478555301}, {"eta_min": 1.2, "eta_max": 2.4, "pt_min": 25.0, "pt_max": 1500.0, "eff": 0.36496815286623313}], "udsg": [{"eta_min": 0.0, "eta_max": 0.6, "pt_min": 20.0, "pt_max": 25.0, "eff": 0.0965009208103154}, {"eta_min": 0.6, "eta_max": 1.2, "pt_min": 20.0, "pt_max": 25.0, "eff": 0.11255742725880802}, {"eta_min": 1.2, "eta_max": 2.4, "pt_min": 20.0, "pt_max": 25.0, "eff": 0.17704860501841177}, {"eta_min": 0.0, "eta_max": 0.6, "pt_min": 25.0, "pt_max": 1500.0, "eff": 0.09989283527252392}, {"eta_min": 0.6, "eta_max": 1.2, "pt_min": 25.0, "pt_max": 1500.0, "eff": 0.10444330949950509}, {"eta_min": 1.2, "eta_max": 2.4, "pt_min": 25.0, "pt_max": 1500.0, "eff": 0.1656210790464227}]}, "ST_tW_top": {"b": [{"eta_min": 0.0, "eta_max": 0.6, "pt_min": 20.0, "pt_max": 25.0, "eff": 0.7472972972973021}, {"eta_min": 0.6, "eta_max": 1.2, "pt_min": 20.0, "pt_max": 25.0, "eff": 0.749322493224937}, {"eta_min": 1.2, "eta_max": 2.4, "pt_min": 20.0, "pt_max": 25.0, "eff": 0.6821705426356623}, {"eta_min": 0.0, "eta_max": 0.6, "pt_min": 25.0, "pt_max": 30.0, "eff": 0.7949336550060349}, {"eta_min": 0.6, "eta_max": 1.2, "pt_min": 25.0, "pt_max": 30.0, "eff": 0.8055555555555594}, {"eta_min": 1.2, "eta_max": 2.4, "pt_min": 25.0, "pt_max": 30.0, "eff": 0.7838736492103101}, {"eta_min": 0.0, "eta_max": 0.6, "pt_min": 30.0, "pt_max": 35.0, "eff": 0.8156359393232235}, {"eta_min": 0.6, "eta_max": 1.2, "pt_min": 30.0, "pt_max": 35.0, "eff": 0.8082556591211754}, {"eta_min": 1.2, "eta_max": 2.4, "pt_min": 30.0, "pt_max": 35.0, "eff": 0.7826086956521765}, {"eta_min": 0.0, "eta_max": 0.6, "pt_min": 35.0, "pt_max": 40.0, "eff": 0.8340659340659367}, {"eta_min": 0.6, "eta_max": 1.2, "pt_min": 35.0, "pt_max": 40.0, "eff": 0.841911764705885}, {"eta_min": 1.2, "eta_max": 2.4, "pt_min": 35.0, "pt_max": 40.0, "eff": 0.7943585077343065}, {"eta_min": 0.0, "eta_max": 0.6, "pt_min": 40.0, "pt_max": 45.0, "eff": 0.8600405679513204}, {"eta_min": 0.6, "eta_max": 1.2, "pt_min": 40.0, "pt_max": 45.0, "eff": 0.8343265792610278}, {"eta_min": 1.2, "eta_max": 2.4, "pt_min": 40.0, "pt_max": 45.0, "eff": 0.8131416837782368}, {"eta_min": 0.0, "eta_max": 0.6, "pt_min": 45.0, "pt_max": 50.0, "eff": 0.8500496524329713}, {"eta_min": 0.6, "eta_max": 1.2, "pt_min": 45.0, "pt_max": 50.0, "eff": 0.8748510131108483}, {"eta_min": 1.2, "eta_max": 2.4, "pt_min": 45.0, "pt_max": 50.0, "eff": 0.8261327713382534}, {"eta_min": 0.0, "eta_max": 0.6, "pt_min": 50.0, "pt_max": 55.0, "eff": 0.8335025380710683}, {"eta_min": 0.6, "eta_max": 1.2, "pt_min": 50.0, "pt_max": 55.0, "eff": 0.8552631578947393}, {"eta_min": 1.2, "eta_max": 2.4, "pt_min": 50.0, "pt_max": 55.0, "eff": 0.8368055555555582}, {"eta_min": 0.0, "eta_max": 0.6, "pt_min": 55.0, "pt_max": 60.0, "eff": 0.8601036269430072}, {"eta_min": 0.6, "eta_max": 1.2, "pt_min": 55.0, "pt_max": 60.0, "eff": 0.8657289002557569}, {"eta_min": 1.2, "eta_max": 2.4, "pt_min": 55.0, "pt_max": 60.0, "eff": 0.8420382165605124}, {"eta_min": 0.0, "eta_max": 0.6, "pt_min": 60.0, "pt_max": 65.0, "eff": 0.8543046357615917}, {"eta_min": 0.6, "eta_max": 1.2, "pt_min": 60.0, "pt_max": 65.0, "eff": 0.8587105624142688}, {"eta_min": 1.2, "eta_max": 2.4, "pt_min": 60.0, "pt_max": 65.0, "eff": 0.8499317871759919}, {"eta_min": 0.0, "eta_max": 0.6, "pt_min": 65.0, "pt_max": 70.0, "eff": 0.8659549228944269}, {"eta_min": 0.6, "eta_max": 1.2, "pt_min": 65.0, "pt_max": 70.0, "eff": 0.8713017751479316}, {"eta_min": 1.2, "eta_max": 2.4, "pt_min": 65.0, "pt_max": 70.0, "eff": 0.8000000000000042}, {"eta_min": 0.0, "eta_max": 0.6, "pt_min": 70.0, "pt_max": 1500.0, "eff": 0.8795026278681668}, {"eta_min": 0.6, "eta_max": 1.2, "pt_min": 70.0, "pt_max": 1500.0, "eff": 0.8697052665485763}, {"eta_min": 1.2, "eta_max": 2.4, "pt_min": 70.0, "pt_max": 1500.0, "eff": 0.8434925864909631}], "c": [{"eta_min": 0.0, "eta_max": 0.6, "pt_min": 20.0, "pt_max": 25.0, "eff": 0.32352941176470656}, {"eta_min": 0.6, "eta_max": 1.2, "pt_min": 20.0, "pt_max": 25.0, "eff": 0.35064935064935177}, {"eta_min": 1.2, "eta_max": 2.4, "pt_min": 20.0, "pt_max": 25.0, "eff": 0.3580246913580254}, {"eta_min": 0.0, "eta_max": 0.6, "pt_min": 25.0, "pt_max": 1500.0, "eff": 0.37681159420290455}, {"eta_min": 0.6, "eta_max": 1.2, "pt_min": 25.0, "pt_max": 1500.0, "eff": 0.3657718120805444}, {"eta_min": 1.2, "eta_max": 2.4, "pt_min": 25.0, "pt_max": 1500.0, "eff": 0.3898550724637743}], "udsg": [{"eta_min": 0.0, "eta_max": 0.6, "pt_min": 20.0, "pt_max": 25.0, "eff": 0.08555696738669744}, {"eta_min": 0.6, "eta_max": 1.2, "pt_min": 20.0, "pt_max": 25.0, "eff": 0.09724540901502154}, {"eta_min": 1.2, "eta_max": 2.4, "pt_min": 20.0, "pt_max": 25.0, "eff": 0.17360692013679718}, {"eta_min": 0.0, "eta_max": 0.6, "pt_min": 25.0, "pt_max": 30.0, "eff": 0.11155606407322678}, {"eta_min": 0.6, "eta_max": 1.2, "pt_min": 25.0, "pt_max": 30.0, "eff": 0.1179391682184996}, {"eta_min": 1.2, "eta_max": 2.4, "pt_min": 25.0, "pt_max": 30.0, "eff": 0.15644979315531485}, {"eta_min": 0.0, "eta_max": 0.6, "pt_min": 30.0, "pt_max": 1500.0, "eff": 0.09080399369415501}, {"eta_min": 0.6, "eta_max": 1.2, "pt_min": 30.0, "pt_max": 1500.0, "eff": 0.10097154753642337}, {"eta_min": 1.2, "eta_max": 2.4, "pt_min": 30.0, "pt_max": 1500.0, "eff": 0.1707558043800117}]}, "WZ": {"b": [{"eta_min": 0.0, "eta_max": 0.6, "pt_min": 20.0, "pt_max": 25.0, "eff": 0.6315789473684208}, {"eta_min": 0.6, "eta_max": 1.2, "pt_min": 20.0, "pt_max": 25.0, "eff": 0.6875}, {"eta_min": 1.2, "eta_max": 2.4, "pt_min": 20.0, "pt_max": 25.0, "eff": 0.6179775280898872}, {"eta_min": 0.0, "eta_max": 0.6, "pt_min": 25.0, "pt_max": 1500.0, "eff": 0.7770270270270262}, {"eta_min": 0.6, "eta_max": 1.2, "pt_min": 25.0, "pt_max": 1500.0, "eff": 0.8226415094339635}, {"eta_min": 1.2, "eta_max": 2.4, "pt_min": 25.0, "pt_max": 1500.0, "eff": 0.748603351955303}], "c": [{"eta_min": 0.0, "eta_max": 0.6, "pt_min": 20.0, "pt_max": 25.0, "eff": 0.36842105263157826}, {"eta_min": 0.6, "eta_max": 1.2, "pt_min": 20.0, "pt_max": 25.0, "eff": 0.3155080213903744}, {"eta_min": 1.2, "eta_max": 2.4, "pt_min": 20.0, "pt_max": 25.0, "eff": 0.3721910112359498}, {"eta_min": 0.0, "eta_max": 0.6, "pt_min": 25.0, "pt_max": 1500.0, "eff": 0.37890625000002104}, {"eta_min": 0.6, "eta_max": 1.2, "pt_min": 25.0, "pt_max": 1500.0, "eff": 0.3864048338368805}, {"eta_min": 1.2, "eta_max": 2.4, "pt_min": 25.0, "pt_max": 1500.0, "eff": 0.4056533133657941}], "udsg": [{"eta_min": 0.0, "eta_max": 0.6, "pt_min": 20.0, "pt_max": 25.0, "eff": 0.10059037238874532}, {"eta_min": 0.6, "eta_max": 1.2, "pt_min": 20.0, "pt_max": 25.0, "eff": 0.11562718990890886}, {"eta_min": 1.2, "eta_max": 2.4, "pt_min": 20.0, "pt_max": 25.0, "eff": 0.18750675456608423}, {"eta_min": 0.0, "eta_max": 0.6, "pt_min": 25.0, "pt_max": 1500.0, "eff": 0.09281372591282867}, {"eta_min": 0.6, "eta_max": 1.2, "pt_min": 25.0, "pt_max": 1500.0, "eff": 0.1134675131703241}, {"eta_min": 1.2, "eta_max": 2.4, "pt_min": 25.0, "pt_max": 1500.0, "eff": 0.17956191485607692}]}, "WWW": {"b": [{"eta_min": 0.0, "eta_max": 0.6, "pt_min": 20.0, "pt_max": 1500.0, "eff": 1.0}, {"eta_min": 0.6, "eta_max": 1.2, "pt_min": 20.0, "pt_max": 1500.0, "eff": 0.6666666666666666}, {"eta_min": 1.2, "eta_max": 2.4, "pt_min": 20.0, "pt_max": 1500.0, "eff": 1.0}], "c": [{"eta_min": 0.0, "eta_max": 0.6, "pt_min": 20.0, "pt_max": 1500.0, "eff": 0.41509433962264103}, {"eta_min": 0.6, "eta_max": 1.2, "pt_min": 20.0, "pt_max": 1500.0, "eff": 0.3333333333333328}, {"eta_min": 1.2, "eta_max": 2.4, "pt_min": 20.0, "pt_max": 1500.0, "eff": 0.3999999999999992}], "udsg": [{"eta_min": 0.0, "eta_max": 0.6, "pt_min": 20.0, "pt_max": 25.0, "eff": 0.11111111111111113}, {"eta_min": 0.6, "eta_max": 1.2, "pt_min": 20.0, "pt_max": 25.0, "eff": 0.1428571428571429}, {"eta_min": 1.2, "eta_max": 2.4, "pt_min": 20.0, "pt_max": 25.0, "eff": 0.2209302325581391}, {"eta_min": 0.0, "eta_max": 0.6, "pt_min": 25.0, "pt_max": 1500.0, "eff": 0.09824561403508741}, {"eta_min": 0.6, "eta_max": 1.2, "pt_min": 25.0, "pt_max": 1500.0, "eff": 0.11564625850340099}, {"eta_min": 1.2, "eta_max": 2.4, "pt_min": 25.0, "pt_max": 1500.0, "eff": 0.17877094972067012}]}, "WWZ": {"b": [{"eta_min": 0.0, "eta_max": 0.6, "pt_min": 20.0, "pt_max": 1500.0, "eff": 0.8333333333333336}, {"eta_min": 0.6, "eta_max": 1.2, "pt_min": 20.0, "pt_max": 1500.0, "eff": 0.8000000000000003}, {"eta_min": 1.2, "eta_max": 2.4, "pt_min": 20.0, "pt_max": 1500.0, "eff": 0.8205128205128208}], "c": [{"eta_min": 0.0, "eta_max": 0.6, "pt_min": 20.0, "pt_max": 25.0, "eff": 0.27272727272727265}, {"eta_min": 0.6, "eta_max": 1.2, "pt_min": 20.0, "pt_max": 25.0, "eff": 0.4999999999999999}, {"eta_min": 1.2, "eta_max": 2.4, "pt_min": 20.0, "pt_max": 25.0, "eff": 0.413793103448276}, {"eta_min": 0.0, "eta_max": 0.6, "pt_min": 25.0, "pt_max": 1500.0, "eff": 0.39682539682539475}, {"eta_min": 0.6, "eta_max": 1.2, "pt_min": 25.0, "pt_max": 1500.0, "eff": 0.36725663716814033}, {"eta_min": 1.2, "eta_max": 2.4, "pt_min": 25.0, "pt_max": 1500.0, "eff": 0.4365671641791018}], "udsg": [{"eta_min": 0.0, "eta_max": 0.6, "pt_min": 20.0, "pt_max": 25.0, "eff": 0.056250000000000105}, {"eta_min": 0.6, "eta_max": 1.2, "pt_min": 20.0, "pt_max": 25.0, "eff": 0.11184210526315812}, {"eta_min": 1.2, "eta_max": 2.4, "pt_min": 20.0, "pt_max": 25.0, "eff": 0.16858237547892635}, {"eta_min": 0.0, "eta_max": 0.6, "pt_min": 25.0, "pt_max": 1500.0, "eff": 0.08473080317740617}, {"eta_min": 0.6, "eta_max": 1.2, "pt_min": 25.0, "pt_max": 1500.0, "eff": 0.10271903323262896}, {"eta_min": 1.2, "eta_max": 2.4, "pt_min": 25.0, "pt_max": 1500.0, "eff": 0.157519600855314}]}, "Signal_800_400": {"b": [{"eta_min": 0.0, "eta_max": 0.6, "pt_min": 20.0, "pt_max": 25.0, "eff": 0.7526734867618189}, {"eta_min": 0.6, "eta_max": 1.2, "pt_min": 20.0, "pt_max": 25.0, "eff": 0.7679469816481554}, {"eta_min": 1.2, "eta_max": 2.4, "pt_min": 20.0, "pt_max": 25.0, "eff": 0.7118036756639856}, {"eta_min": 0.0, "eta_max": 0.6, "pt_min": 25.0, "pt_max": 30.0, "eff": 0.7873671375317017}, {"eta_min": 0.6, "eta_max": 1.2, "pt_min": 25.0, "pt_max": 30.0, "eff": 0.7754462516059377}, {"eta_min": 1.2, "eta_max": 2.4, "pt_min": 25.0, "pt_max": 30.0, "eff": 0.7631838378936523}, {"eta_min": 0.0, "eta_max": 0.6, "pt_min": 30.0, "pt_max": 35.0, "eff": 0.8276847469519547}, {"eta_min": 0.6, "eta_max": 1.2, "pt_min": 30.0, "pt_max": 35.0, "eff": 0.8210068181509462}, {"eta_min": 1.2, "eta_max": 2.4, "pt_min": 30.0, "pt_max": 35.0, "eff": 0.7808914945802822}, {"eta_min": 0.0, "eta_max": 0.6, "pt_min": 35.0, "pt_max": 40.0, "eff": 0.8406058979489339}, {"eta_min": 0.6, "eta_max": 1.2, "pt_min": 35.0, "pt_max": 40.0, "eff": 0.8046240501810211}, {"eta_min": 1.2, "eta_max": 2.4, "pt_min": 35.0, "pt_max": 40.0, "eff": 0.8151017238840716}, {"eta_min": 0.0, "eta_max": 0.6, "pt_min": 40.0, "pt_max": 1500.0, "eff": 0.8734516536769746}, {"eta_min": 0.6, "eta_max": 1.2, "pt_min": 40.0, "pt_max": 1500.0, "eff": 0.8571513218814042}, {"eta_min": 1.2, "eta_max": 2.4, "pt_min": 40.0, "pt_max": 1500.0, "eff": 0.8256370225090012}], "c": [{"eta_min": 0.0, "eta_max": 0.6, "pt_min": 20.0, "pt_max": 25.0, "eff": 0.3142548619856286}, {"eta_min": 0.6, "eta_max": 1.2, "pt_min": 20.0, "pt_max": 25.0, "eff": 0.3145284955505654}, {"eta_min": 1.2, "eta_max": 2.4, "pt_min": 20.0, "pt_max": 25.0, "eff": 0.3404478317386371}, {"eta_min": 0.0, "eta_max": 0.6, "pt_min": 25.0, "pt_max": 1500.0, "eff": 0.3197021181520374}, {"eta_min": 0.6, "eta_max": 1.2, "pt_min": 25.0, "pt_max": 1500.0, "eff": 0.31179029977177036}, {"eta_min": 1.2, "eta_max": 2.4, "pt_min": 25.0, "pt_max": 1500.0, "eff": 0.3573175519282379}], "udsg": [{"eta_min": 0.0, "eta_max": 0.6, "pt_min": 20.0, "pt_max": 25.0, "eff": 0.08752532057148002}, {"eta_min": 0.6, "eta_max": 1.2, "pt_min": 20.0, "pt_max": 25.0, "eff": 0.0962866794184495}, {"eta_min": 1.2, "eta_max": 2.4, "pt_min": 20.0, "pt_max": 25.0, "eff": 0.1717542397019157}, {"eta_min": 0.0, "eta_max": 0.6, "pt_min": 25.0, "pt_max": 1500.0, "eff": 0.0707917380095146}, {"eta_min": 0.6, "eta_max": 1.2, "pt_min": 25.0, "pt_max": 1500.0, "eff": 0.0764020040994716}, {"eta_min": 1.2, "eta_max": 2.4, "pt_min": 25.0, "pt_max": 1500.0, "eff": 0.13878566124727312}]}, "WZZ": {"b": [{"eta_min": 0.0, "eta_max": 0.6, "pt_min": 20.0, "pt_max": 25.0, "eff": 0.5599999999999997}, {"eta_min": 0.6, "eta_max": 1.2, "pt_min": 20.0, "pt_max": 25.0, "eff": 0.8333333333333331}, {"eta_min": 1.2, "eta_max": 2.4, "pt_min": 20.0, "pt_max": 25.0, "eff": 0.714285714285714}, {"eta_min": 0.0, "eta_max": 0.6, "pt_min": 25.0, "pt_max": 1500.0, "eff": 0.8691860465116273}, {"eta_min": 0.6, "eta_max": 1.2, "pt_min": 25.0, "pt_max": 1500.0, "eff": 0.8216560509554132}, {"eta_min": 1.2, "eta_max": 2.4, "pt_min": 25.0, "pt_max": 1500.0, "eff": 0.8338028169014078}], "c": [{"eta_min": 0.0, "eta_max": 0.6, "pt_min": 20.0, "pt_max": 25.0, "eff": 0.47058823529411736}, {"eta_min": 0.6, "eta_max": 1.2, "pt_min": 20.0, "pt_max": 25.0, "eff": 0.24999999999999972}, {"eta_min": 1.2, "eta_max": 2.4, "pt_min": 20.0, "pt_max": 25.0, "eff": 0.47191011235955127}, {"eta_min": 0.0, "eta_max": 0.6, "pt_min": 25.0, "pt_max": 30.0, "eff": 0.333333333333333}, {"eta_min": 0.6, "eta_max": 1.2, "pt_min": 25.0, "pt_max": 30.0, "eff": 0.23636363636363608}, {"eta_min": 1.2, "eta_max": 2.4, "pt_min": 25.0, "pt_max": 30.0, "eff": 0.4150943396226412}, {"eta_min": 0.0, "eta_max": 0.6, "pt_min": 30.0, "pt_max": 35.0, "eff": 0.333333333333333}, {"eta_min": 0.6, "eta_max": 1.2, "pt_min": 30.0, "pt_max": 35.0, "eff": 0.44117647058823495}, {"eta_min": 1.2, "eta_max": 2.4, "pt_min": 30.0, "pt_max": 35.0, "eff": 0.5438596491228068}, {"eta_min": 0.0, "eta_max": 0.6, "pt_min": 35.0, "pt_max": 40.0, "eff": 0.3749999999999996}, {"eta_min": 0.6, "eta_max": 1.2, "pt_min": 35.0, "pt_max": 40.0, "eff": 0.4782608695652172}, {"eta_min": 1.2, "eta_max": 2.4, "pt_min": 35.0, "pt_max": 40.0, "eff": 0.4716981132075469}, {"eta_min": 0.0, "eta_max": 0.6, "pt_min": 40.0, "pt_max": 1500.0, "eff": 0.43058350100603454}, {"eta_min": 0.6, "eta_max": 1.2, "pt_min": 40.0, "pt_max": 1500.0, "eff": 0.3894967177242869}, {"eta_min": 1.2, "eta_max": 2.4, "pt_min": 40.0, "pt_max": 1500.0, "eff": 0.44964028776978276}], "udsg": [{"eta_min": 0.0, "eta_max": 0.6, "pt_min": 20.0, "pt_max": 25.0, "eff": 0.10659898477157315}, {"eta_min": 0.6, "eta_max": 1.2, "pt_min": 20.0, "pt_max": 25.0, "eff": 0.1040609137055833}, {"eta_min": 1.2, "eta_max": 2.4, "pt_min": 20.0, "pt_max": 25.0, "eff": 0.1677675033025084}, {"eta_min": 0.0, "eta_max": 0.6, "pt_min": 25.0, "pt_max": 30.0, "eff": 0.11345646437994676}, {"eta_min": 0.6, "eta_max": 1.2, "pt_min": 25.0, "pt_max": 30.0, "eff": 0.135802469135802}, {"eta_min": 1.2, "eta_max": 2.4, "pt_min": 25.0, "pt_max": 30.0, "eff": 0.16222222222222138}, {"eta_min": 0.0, "eta_max": 0.6, "pt_min": 30.0, "pt_max": 1500.0, "eff": 0.0880880880880881}, {"eta_min": 0.6, "eta_max": 1.2, "pt_min": 30.0, "pt_max": 1500.0, "eff": 0.09548675867213863}, {"eta_min": 1.2, "eta_max": 2.4, "pt_min": 30.0, "pt_max": 1500.0, "eff": 0.17678774120317556}]}, "TTGamma": {"b": [{"eta_min": 0.0, "eta_max": 0.6, "pt_min": 20.0, "pt_max": 25.0, "eff": 0.7704990107716274}, {"eta_min": 0.6, "eta_max": 1.2, "pt_min": 20.0, "pt_max": 25.0, "eff": 0.7613227893602057}, {"eta_min": 1.2, "eta_max": 2.4, "pt_min": 20.0, "pt_max": 25.0, "eff": 0.730068527494513}, {"eta_min": 0.0, "eta_max": 0.6, "pt_min": 25.0, "pt_max": 30.0, "eff": 0.8131274131273957}, {"eta_min": 0.6, "eta_max": 1.2, "pt_min": 25.0, "pt_max": 30.0, "eff": 0.7966172478596965}, {"eta_min": 1.2, "eta_max": 2.4, "pt_min": 25.0, "pt_max": 30.0, "eff": 0.7645161290321865}, {"eta_min": 0.0, "eta_max": 0.6, "pt_min": 30.0, "pt_max": 35.0, "eff": 0.8277104487388921}, {"eta_min": 0.6, "eta_max": 1.2, "pt_min": 30.0, "pt_max": 35.0, "eff": 0.8067632850241385}, {"eta_min": 1.2, "eta_max": 2.4, "pt_min": 30.0, "pt_max": 35.0, "eff": 0.7880836346485773}, {"eta_min": 0.0, "eta_max": 0.6, "pt_min": 35.0, "pt_max": 40.0, "eff": 0.8430876304966315}, {"eta_min": 0.6, "eta_max": 1.2, "pt_min": 35.0, "pt_max": 40.0, "eff": 0.8316705967712225}, {"eta_min": 1.2, "eta_max": 2.4, "pt_min": 35.0, "pt_max": 40.0, "eff": 0.8012490241997854}, {"eta_min": 0.0, "eta_max": 0.6, "pt_min": 40.0, "pt_max": 45.0, "eff": 0.8519201228878219}, {"eta_min": 0.6, "eta_max": 1.2, "pt_min": 40.0, "pt_max": 45.0, "eff": 0.8493777452415362}, {"eta_min": 1.2, "eta_max": 2.4, "pt_min": 40.0, "pt_max": 45.0, "eff": 0.8111516760703027}, {"eta_min": 0.0, "eta_max": 0.6, "pt_min": 45.0, "pt_max": 50.0, "eff": 0.8598159987524927}, {"eta_min": 0.6, "eta_max": 1.2, "pt_min": 45.0, "pt_max": 50.0, "eff": 0.8424153166420792}, {"eta_min": 1.2, "eta_max": 2.4, "pt_min": 45.0, "pt_max": 50.0, "eff": 0.819484729568275}, {"eta_min": 0.0, "eta_max": 0.6, "pt_min": 50.0, "pt_max": 55.0, "eff": 0.8558184143222072}, {"eta_min": 0.6, "eta_max": 1.2, "pt_min": 50.0, "pt_max": 55.0, "eff": 0.8555597295266361}, {"eta_min": 1.2, "eta_max": 2.4, "pt_min": 50.0, "pt_max": 55.0, "eff": 0.8219600725952378}, {"eta_min": 0.0, "eta_max": 0.6, "pt_min": 55.0, "pt_max": 60.0, "eff": 0.8623211963588655}, {"eta_min": 0.6, "eta_max": 1.2, "pt_min": 55.0, "pt_max": 60.0, "eff": 0.8653686826843467}, {"eta_min": 1.2, "eta_max": 2.4, "pt_min": 55.0, "pt_max": 60.0, "eff": 0.8220882753256695}, {"eta_min": 0.0, "eta_max": 0.6, "pt_min": 60.0, "pt_max": 65.0, "eff": 0.8662272889205108}, {"eta_min": 0.6, "eta_max": 1.2, "pt_min": 60.0, "pt_max": 65.0, "eff": 0.8572954496902548}, {"eta_min": 1.2, "eta_max": 2.4, "pt_min": 60.0, "pt_max": 65.0, "eff": 0.8268334039847601}, {"eta_min": 0.0, "eta_max": 0.6, "pt_min": 65.0, "pt_max": 70.0, "eff": 0.8711136235160739}, {"eta_min": 0.6, "eta_max": 1.2, "pt_min": 65.0, "pt_max": 70.0, "eff": 0.8650376798355968}, {"eta_min": 1.2, "eta_max": 2.4, "pt_min": 65.0, "pt_max": 70.0, "eff": 0.8354257018945664}, {"eta_min": 0.0, "eta_max": 0.6, "pt_min": 70.0, "pt_max": 75.0, "eff": 0.8721023181454719}, {"eta_min": 0.6, "eta_max": 1.2, "pt_min": 70.0, "pt_max": 75.0, "eff": 0.8687220288413914}, {"eta_min": 1.2, "eta_max": 2.4, "pt_min": 70.0, "pt_max": 75.0, "eff": 0.8384905660377594}, {"eta_min": 0.0, "eta_max": 0.6, "pt_min": 75.0, "pt_max": 80.0, "eff": 0.8709815687955582}, {"eta_min": 0.6, "eta_max": 1.2, "pt_min": 75.0, "pt_max": 80.0, "eff": 0.8688567674113209}, {"eta_min": 1.2, "eta_max": 2.4, "pt_min": 75.0, "pt_max": 80.0, "eff": 0.8404051464549939}, {"eta_min": 0.0, "eta_max": 0.6, "pt_min": 80.0, "pt_max": 1500.0, "eff": 0.8840805775916063}, {"eta_min": 0.6, "eta_max": 1.2, "pt_min": 80.0, "pt_max": 1500.0, "eff": 0.8759047726758932}, {"eta_min": 1.2, "eta_max": 2.4, "pt_min": 80.0, "pt_max": 1500.0, "eff": 0.83986695177006}], "c": [{"eta_min": 0.0, "eta_max": 0.6, "pt_min": 20.0, "pt_max": 25.0, "eff": 0.292217327459618}, {"eta_min": 0.6, "eta_max": 1.2, "pt_min": 20.0, "pt_max": 25.0, "eff": 0.35085007727975287}, {"eta_min": 1.2, "eta_max": 2.4, "pt_min": 20.0, "pt_max": 25.0, "eff": 0.3344827586206802}, {"eta_min": 0.0, "eta_max": 0.6, "pt_min": 25.0, "pt_max": 1500.0, "eff": 0.32126575489409775}, {"eta_min": 0.6, "eta_max": 1.2, "pt_min": 25.0, "pt_max": 1500.0, "eff": 0.3175299970734748}, {"eta_min": 1.2, "eta_max": 2.4, "pt_min": 25.0, "pt_max": 1500.0, "eff": 0.3531454248366375}], "udsg": [{"eta_min": 0.0, "eta_max": 0.6, "pt_min": 20.0, "pt_max": 25.0, "eff": 0.09040352661921251}, {"eta_min": 0.6, "eta_max": 1.2, "pt_min": 20.0, "pt_max": 25.0, "eff": 0.10135463702676624}, {"eta_min": 1.2, "eta_max": 2.4, "pt_min": 20.0, "pt_max": 25.0, "eff": 0.17145245710968604}, {"eta_min": 0.0, "eta_max": 0.6, "pt_min": 25.0, "pt_max": 30.0, "eff": 0.10529242747242704}, {"eta_min": 0.6, "eta_max": 1.2, "pt_min": 25.0, "pt_max": 30.0, "eff": 0.11229726955449872}, {"eta_min": 1.2, "eta_max": 2.4, "pt_min": 25.0, "pt_max": 30.0, "eff": 0.16730650154802842}, {"eta_min": 0.0, "eta_max": 0.6, "pt_min": 30.0, "pt_max": 1500.0, "eff": 0.13135194017556384}, {"eta_min": 0.6, "eta_max": 1.2, "pt_min": 30.0, "pt_max": 1500.0, "eff": 0.14051220069914735}, {"eta_min": 1.2, "eta_max": 2.4, "pt_min": 30.0, "pt_max": 1500.0, "eff": 0.1915237232974808}]}, "DYJetsToLL": {"b": [{"eta_min": 0.0, "eta_max": 0.6, "pt_min": 20.0, "pt_max": 25.0, "eff": 0.7504384094265669}, {"eta_min": 0.6, "eta_max": 1.2, "pt_min": 20.0, "pt_max": 25.0, "eff": 0.7486119191974024}, {"eta_min": 1.2, "eta_max": 2.4, "pt_min": 20.0, "pt_max": 25.0, "eff": 0.7081946842928536}, {"eta_min": 0.0, "eta_max": 0.6, "pt_min": 25.0, "pt_max": 30.0, "eff": 0.7918723149379833}, {"eta_min": 0.6, "eta_max": 1.2, "pt_min": 25.0, "pt_max": 30.0, "eff": 0.7938278018291227}, {"eta_min": 1.2, "eta_max": 2.4, "pt_min": 25.0, "pt_max": 30.0, "eff": 0.7622436558088631}, {"eta_min": 0.0, "eta_max": 0.6, "pt_min": 30.0, "pt_max": 1500.0, "eff": 0.8479983973022807}, {"eta_min": 0.6, "eta_max": 1.2, "pt_min": 30.0, "pt_max": 1500.0, "eff": 0.8434400507037264}, {"eta_min": 1.2, "eta_max": 2.4, "pt_min": 30.0, "pt_max": 1500.0, "eff": 0.8174011547711851}], "c": [{"eta_min": 0.0, "eta_max": 0.6, "pt_min": 20.0, "pt_max": 25.0, "eff": 0.32355034720164705}, {"eta_min": 0.6, "eta_max": 1.2, "pt_min": 20.0, "pt_max": 25.0, "eff": 0.3563810054909526}, {"eta_min": 1.2, "eta_max": 2.4, "pt_min": 20.0, "pt_max": 25.0, "eff": 0.35192332125591586}, {"eta_min": 0.0, "eta_max": 0.6, "pt_min": 25.0, "pt_max": 30.0, "eff": 0.3722658002226059}, {"eta_min": 0.6, "eta_max": 1.2, "pt_min": 25.0, "pt_max": 30.0, "eff": 0.35841610342499597}, {"eta_min": 1.2, "eta_max": 2.4, "pt_min": 25.0, "pt_max": 30.0, "eff": 0.3808543674219514}, {"eta_min": 0.0, "eta_max": 0.6, "pt_min": 30.0, "pt_max": 1500.0, "eff": 0.35085001734123705}, {"eta_min": 0.6, "eta_max": 1.2, "pt_min": 30.0, "pt_max": 1500.0, "eff": 0.35434133302261833}, {"eta_min": 1.2, "eta_max": 2.4, "pt_min": 30.0, "pt_max": 1500.0, "eff": 0.38220873674132794}], "udsg": [{"eta_min": 0.0, "eta_max": 0.6, "pt_min": 20.0, "pt_max": 25.0, "eff": 0.08573520505850965}, {"eta_min": 0.6, "eta_max": 1.2, "pt_min": 20.0, "pt_max": 25.0, "eff": 0.10173919308953963}, {"eta_min": 1.2, "eta_max": 2.4, "pt_min": 20.0, "pt_max": 25.0, "eff": 0.16960939520588564}, {"eta_min": 0.0, "eta_max": 0.6, "pt_min": 25.0, "pt_max": 30.0, "eff": 0.10491759402067548}, {"eta_min": 0.6, "eta_max": 1.2, "pt_min": 25.0, "pt_max": 30.0, "eff": 0.12083876245629196}, {"eta_min": 1.2, "eta_max": 2.4, "pt_min": 25.0, "pt_max": 30.0, "eff": 0.17277739384809923}, {"eta_min": 0.0, "eta_max": 0.6, "pt_min": 30.0, "pt_max": 35.0, "eff": 0.11465185222594927}, {"eta_min": 0.6, "eta_max": 1.2, "pt_min": 30.0, "pt_max": 35.0, "eff": 0.1355786467021975}, {"eta_min": 1.2, "eta_max": 2.4, "pt_min": 30.0, "pt_max": 35.0, "eff": 0.20068929609105934}, {"eta_min": 0.0, "eta_max": 0.6, "pt_min": 35.0, "pt_max": 1500.0, "eff": 0.07192654033080906}, {"eta_min": 0.6, "eta_max": 1.2, "pt_min": 35.0, "pt_max": 1500.0, "eff": 0.0871855638802556}, {"eta_min": 1.2, "eta_max": 2.4, "pt_min": 35.0, "pt_max": 1500.0, "eff": 0.15934512237984574}]}}