{"Signal_800_200": {"b": [{"eta_min": 0.0, "eta_max": 0.6, "pt_min": 20.0, "pt_max": 25.0, "eff": 0.7980553106482867}, {"eta_min": 0.6, "eta_max": 1.2, "pt_min": 20.0, "pt_max": 25.0, "eff": 0.7886429503700687}, {"eta_min": 1.2, "eta_max": 2.4, "pt_min": 20.0, "pt_max": 25.0, "eff": 0.7736570675277537}, {"eta_min": 0.0, "eta_max": 0.6, "pt_min": 25.0, "pt_max": 30.0, "eff": 0.8522568486118179}, {"eta_min": 0.6, "eta_max": 1.2, "pt_min": 25.0, "pt_max": 30.0, "eff": 0.8383880192769633}, {"eta_min": 1.2, "eta_max": 2.4, "pt_min": 25.0, "pt_max": 30.0, "eff": 0.8141915217888195}, {"eta_min": 0.0, "eta_max": 0.6, "pt_min": 30.0, "pt_max": 35.0, "eff": 0.8459982551899189}, {"eta_min": 0.6, "eta_max": 1.2, "pt_min": 30.0, "pt_max": 35.0, "eff": 0.8703460134493033}, {"eta_min": 1.2, "eta_max": 2.4, "pt_min": 30.0, "pt_max": 35.0, "eff": 0.8355377492348848}, {"eta_min": 0.0, "eta_max": 0.6, "pt_min": 35.0, "pt_max": 40.0, "eff": 0.8764682315228048}, {"eta_min": 0.6, "eta_max": 1.2, "pt_min": 35.0, "pt_max": 40.0, "eff": 0.8750143615408768}, {"eta_min": 1.2, "eta_max": 2.4, "pt_min": 35.0, "pt_max": 40.0, "eff": 0.8602785675873851}, {"eta_min": 0.0, "eta_max": 0.6, "pt_min": 40.0, "pt_max": 1200.0, "eff": 0.9005495277534885}, {"eta_min": 0.6, "eta_max": 1.2, "pt_min": 40.0, "pt_max": 1200.0, "eff": 0.8962163679444486}, {"eta_min": 1.2, "eta_max": 2.4, "pt_min": 40.0, "pt_max": 1200.0, "eff": 0.8734958470387046}], "c": [{"eta_min": 0.0, "eta_max": 0.6, "pt_min": 20.0, "pt_max": 25.0, "eff": 0.3496309117472068}, {"eta_min": 0.6, "eta_max": 1.2, "pt_min": 20.0, "pt_max": 25.0, "eff": 0.367173538515827}, {"eta_min": 1.2, "eta_max": 2.4, "pt_min": 20.0, "pt_max": 25.0, "eff": 0.3886442762827013}, {"eta_min": 0.0, "eta_max": 0.6, "pt_min": 25.0, "pt_max": 1200.0, "eff": 0.3684127865482157}, {"eta_min": 0.6, "eta_max": 1.2, "pt_min": 25.0, "pt_max": 1200.0, "eff": 0.407848035101382}, {"eta_min": 1.2, "eta_max": 2.4, "pt_min": 25.0, "pt_max": 1200.0, "eff": 0.4177299730313574}], "udsg": [{"eta_min": 0.0, "eta_max": 0.6, "pt_min": 20.0, "pt_max": 25.0, "eff": 0.07150194265227305}, {"eta_min": 0.6, "eta_max": 1.2, "pt_min": 20.0, "pt_max": 25.0, "eff": 0.10334689973262957}, {"eta_min": 1.2, "eta_max": 2.4, "pt_min": 20.0, "pt_max": 25.0, "eff": 0.1819591627562312}, {"eta_min": 0.0, "eta_max": 0.6, "pt_min": 25.0, "pt_max": 1200.0, "eff": 0.06823483582631011}, {"eta_min": 0.6, "eta_max": 1.2, "pt_min": 25.0, "pt_max": 1200.0, "eff": 0.09081817767352593}, {"eta_min": 1.2, "eta_max": 2.4, "pt_min": 25.0, "pt_max": 1200.0, "eff": 0.15022572758070998}]}, "Signal_400_100": {"b": [{"eta_min": 0.0, "eta_max": 0.6, "pt_min": 20.0, "pt_max": 25.0, "eff": 0.7977131695661283}, {"eta_min": 0.6, "eta_max": 1.2, "pt_min": 20.0, "pt_max": 25.0, "eff": 0.8003043523140349}, {"eta_min": 1.2, "eta_max": 2.4, "pt_min": 20.0, "pt_max": 25.0, "eff": 0.7750648113941981}, {"eta_min": 0.0, "eta_max": 0.6, "pt_min": 25.0, "pt_max": 30.0, "eff": 0.8241810165169795}, {"eta_min": 0.6, "eta_max": 1.2, "pt_min": 25.0, "pt_max": 30.0, "eff": 0.8403638182270917}, {"eta_min": 1.2, "eta_max": 2.4, "pt_min": 25.0, "pt_max": 30.0, "eff": 0.8216631810054074}, {"eta_min": 0.0, "eta_max": 0.6, "pt_min": 30.0, "pt_max": 35.0, "eff": 0.8519155926253698}, {"eta_min": 0.6, "eta_max": 1.2, "pt_min": 30.0, "pt_max": 35.0, "eff": 0.8653592881495796}, {"eta_min": 1.2, "eta_max": 2.4, "pt_min": 30.0, "pt_max": 35.0, "eff": 0.8348526117043754}, {"eta_min": 0.0, "eta_max": 0.6, "pt_min": 35.0, "pt_max": 1200.0, "eff": 0.8920471991055372}, {"eta_min": 0.6, "eta_max": 1.2, "pt_min": 35.0, "pt_max": 1200.0, "eff": 0.8921973775689154}, {"eta_min": 1.2, "eta_max": 2.4, "pt_min": 35.0, "pt_max": 1200.0, "eff": 0.8720725227756007}], "c": [{"eta_min": 0.0, "eta_max": 0.6, "pt_min": 20.0, "pt_max": 25.0, "eff": 0.34440805115922585}, {"eta_min": 0.6, "eta_max": 1.2, "pt_min": 20.0, "pt_max": 25.0, "eff": 0.339773031184706}, {"eta_min": 1.2, "eta_max": 2.4, "pt_min": 20.0, "pt_max": 25.0, "eff": 0.38679404952370466}, {"eta_min": 0.0, "eta_max": 0.6, "pt_min": 25.0, "pt_max": 1200.0, "eff": 0.3376571584253964}, {"eta_min": 0.6, "eta_max": 1.2, "pt_min": 25.0, "pt_max": 1200.0, "eff": 0.38679994950424573}, {"eta_min": 1.2, "eta_max": 2.4, "pt_min": 25.0, "pt_max": 1200.0, "eff": 0.39144767548567755}], "udsg": [{"eta_min": 0.0, "eta_max": 0.6, "pt_min": 20.0, "pt_max": 25.0, "eff": 0.07084616488195364}, {"eta_min": 0.6, "eta_max": 1.2, "pt_min": 20.0, "pt_max": 25.0, "eff": 0.1003885458612775}, {"eta_min": 1.2, "eta_max": 2.4, "pt_min": 20.0, "pt_max": 25.0, "eff": 0.18403773126100226}, {"eta_min": 0.0, "eta_max": 0.6, "pt_min": 25.0, "pt_max": 1200.0, "eff": 0.0635027506511307}, {"eta_min": 0.6, "eta_max": 1.2, "pt_min": 25.0, "pt_max": 1200.0, "eff": 0.08628242909913057}, {"eta_min": 1.2, "eta_max": 2.4, "pt_min": 25.0, "pt_max": 1200.0, "eff": 0.14604411964909186}]}, "ZGToLLG": {"b": [{"eta_min": 0.0, "eta_max": 0.6, "pt_min": 20.0, "pt_max": 25.0, "eff": 0.7261663286004065}, {"eta_min": 0.6, "eta_max": 1.2, "pt_min": 20.0, "pt_max": 25.0, "eff": 0.7548262548262555}, {"eta_min": 1.2, "eta_max": 2.4, "pt_min": 20.0, "pt_max": 25.0, "eff": 0.7233250620347293}, {"eta_min": 0.0, "eta_max": 0.6, "pt_min": 25.0, "pt_max": 1200.0, "eff": 0.8612513385345058}, {"eta_min": 0.6, "eta_max": 1.2, "pt_min": 25.0, "pt_max": 1200.0, "eff": 0.8677137870855255}, {"eta_min": 1.2, "eta_max": 2.4, "pt_min": 25.0, "pt_max": 1200.0, "eff": 0.8512820512820608}], "c": [{"eta_min": 0.0, "eta_max": 0.6, "pt_min": 20.0, "pt_max": 25.0, "eff": 0.3374999999999882}, {"eta_min": 0.6, "eta_max": 1.2, "pt_min": 20.0, "pt_max": 25.0, "eff": 0.36893203883493914}, {"eta_min": 1.2, "eta_max": 2.4, "pt_min": 20.0, "pt_max": 25.0, "eff": 0.39432789432790427}, {"eta_min": 0.0, "eta_max": 0.6, "pt_min": 25.0, "pt_max": 1200.0, "eff": 0.41414620914131434}, {"eta_min": 0.6, "eta_max": 1.2, "pt_min": 25.0, "pt_max": 1200.0, "eff": 0.4276636962416483}, {"eta_min": 1.2, "eta_max": 2.4, "pt_min": 25.0, "pt_max": 1200.0, "eff": 0.4491169049619609}], "udsg": [{"eta_min": 0.0, "eta_max": 0.6, "pt_min": 20.0, "pt_max": 25.0, "eff": 0.06638436916507957}, {"eta_min": 0.6, "eta_max": 1.2, "pt_min": 20.0, "pt_max": 25.0, "eff": 0.09621540869312964}, {"eta_min": 1.2, "eta_max": 2.4, "pt_min": 20.0, "pt_max": 25.0, "eff": 0.17687406427369562}, {"eta_min": 0.0, "eta_max": 0.6, "pt_min": 25.0, "pt_max": 1200.0, "eff": 0.07948352864068862}, {"eta_min": 0.6, "eta_max": 1.2, "pt_min": 25.0, "pt_max": 1200.0, "eff": 0.10392268206445757}, {"eta_min": 1.2, "eta_max": 2.4, "pt_min": 25.0, "pt_max": 1200.0, "eff": 0.1673409225094269}]}, "ZZZ": {"b": [{"eta_min": 0.0, "eta_max": 0.6, "pt_min": 20.0, "pt_max": 25.0, "eff": 0.8414634162556084}, {"eta_min": 0.6, "eta_max": 1.2, "pt_min": 20.0, "pt_max": 25.0, "eff": 0.8701298698455069}, {"eta_min": 1.2, "eta_max": 2.4, "pt_min": 20.0, "pt_max": 25.0, "eff": 0.8163265300972964}, {"eta_min": 0.0, "eta_max": 0.6, "pt_min": 25.0, "pt_max": 1200.0, "eff": 0.8719262287323803}, {"eta_min": 0.6, "eta_max": 1.2, "pt_min": 25.0, "pt_max": 1200.0, "eff": 0.8728908892201697}, {"eta_min": 1.2, "eta_max": 2.4, "pt_min": 25.0, "pt_max": 1200.0, "eff": 0.8535489672918498}], "c": [{"eta_min": 0.0, "eta_max": 0.6, "pt_min": 20.0, "pt_max": 25.0, "eff": 0.4794520468217558}, {"eta_min": 0.6, "eta_max": 1.2, "pt_min": 20.0, "pt_max": 25.0, "eff": 0.3043478144008485}, {"eta_min": 1.2, "eta_max": 2.4, "pt_min": 20.0, "pt_max": 25.0, "eff": 0.38461538702631193}, {"eta_min": 0.0, "eta_max": 0.6, "pt_min": 25.0, "pt_max": 1200.0, "eff": 0.4313940719918502}, {"eta_min": 0.6, "eta_max": 1.2, "pt_min": 25.0, "pt_max": 1200.0, "eff": 0.47413792962400053}, {"eta_min": 1.2, "eta_max": 2.4, "pt_min": 25.0, "pt_max": 1200.0, "eff": 0.4975562079279742}], "udsg": [{"eta_min": 0.0, "eta_max": 0.6, "pt_min": 20.0, "pt_max": 25.0, "eff": 0.06408345685504234}, {"eta_min": 0.6, "eta_max": 1.2, "pt_min": 20.0, "pt_max": 25.0, "eff": 0.11911764651554481}, {"eta_min": 1.2, "eta_max": 2.4, "pt_min": 20.0, "pt_max": 25.0, "eff": 0.1784914112151889}, {"eta_min": 0.0, "eta_max": 0.6, "pt_min": 25.0, "pt_max": 30.0, "eff": 0.07342657382507391}, {"eta_min": 0.6, "eta_max": 1.2, "pt_min": 25.0, "pt_max": 30.0, "eff": 0.10687022827243191}, {"eta_min": 1.2, "eta_max": 2.4, "pt_min": 25.0, "pt_max": 30.0, "eff": 0.13308913331300545}, {"eta_min": 0.0, "eta_max": 0.6, "pt_min": 30.0, "pt_max": 1200.0, "eff": 0.079579235880351}, {"eta_min": 0.6, "eta_max": 1.2, "pt_min": 30.0, "pt_max": 1200.0, "eff": 0.09917767246577433}, {"eta_min": 1.2, "eta_max": 2.4, "pt_min": 30.0, "pt_max": 1200.0, "eff": 0.16591337095249978}]}, "ZZ": {"b": [{"eta_min": 0.0, "eta_max": 0.6, "pt_min": 20.0, "pt_max": 25.0, "eff": 0.7975708502024271}, {"eta_min": 0.6, "eta_max": 1.2, "pt_min": 20.0, "pt_max": 25.0, "eff": 0.8523809523809507}, {"eta_min": 1.2, "eta_max": 2.4, "pt_min": 20.0, "pt_max": 25.0, "eff": 0.7711598746081487}, {"eta_min": 0.0, "eta_max": 0.6, "pt_min": 25.0, "pt_max": 30.0, "eff": 0.8530612244897944}, {"eta_min": 0.6, "eta_max": 1.2, "pt_min": 25.0, "pt_max": 30.0, "eff": 0.8349514563106776}, {"eta_min": 1.2, "eta_max": 2.4, "pt_min": 25.0, "pt_max": 30.0, "eff": 0.8343949044585974}, {"eta_min": 0.0, "eta_max": 0.6, "pt_min": 30.0, "pt_max": 35.0, "eff": 0.8493723849372369}, {"eta_min": 0.6, "eta_max": 1.2, "pt_min": 30.0, "pt_max": 35.0, "eff": 0.8888888888888875}, {"eta_min": 1.2, "eta_max": 2.4, "pt_min": 30.0, "pt_max": 35.0, "eff": 0.8699690402476771}, {"eta_min": 0.0, "eta_max": 0.6, "pt_min": 35.0, "pt_max": 1200.0, "eff": 0.8982716049382722}, {"eta_min": 0.6, "eta_max": 1.2, "pt_min": 35.0, "pt_max": 1200.0, "eff": 0.9000517866390477}, {"eta_min": 1.2, "eta_max": 2.4, "pt_min": 35.0, "pt_max": 1200.0, "eff": 0.8722243864433196}], "c": [{"eta_min": 0.0, "eta_max": 0.6, "pt_min": 20.0, "pt_max": 25.0, "eff": 0.3103448275862064}, {"eta_min": 0.6, "eta_max": 1.2, "pt_min": 20.0, "pt_max": 25.0, "eff": 0.41366906474820014}, {"eta_min": 1.2, "eta_max": 2.4, "pt_min": 20.0, "pt_max": 25.0, "eff": 0.4395061728395053}, {"eta_min": 0.0, "eta_max": 0.6, "pt_min": 25.0, "pt_max": 30.0, "eff": 0.407407407407408}, {"eta_min": 0.6, "eta_max": 1.2, "pt_min": 25.0, "pt_max": 30.0, "eff": 0.47926267281105994}, {"eta_min": 1.2, "eta_max": 2.4, "pt_min": 25.0, "pt_max": 30.0, "eff": 0.44850498338870215}, {"eta_min": 0.0, "eta_max": 0.6, "pt_min": 30.0, "pt_max": 1200.0, "eff": 0.42229129662522474}, {"eta_min": 0.6, "eta_max": 1.2, "pt_min": 30.0, "pt_max": 1200.0, "eff": 0.4348469891411678}, {"eta_min": 1.2, "eta_max": 2.4, "pt_min": 30.0, "pt_max": 1200.0, "eff": 0.4843982169390808}], "udsg": [{"eta_min": 0.0, "eta_max": 0.6, "pt_min": 20.0, "pt_max": 25.0, "eff": 0.08171912832929572}, {"eta_min": 0.6, "eta_max": 1.2, "pt_min": 20.0, "pt_max": 25.0, "eff": 0.11536030341339908}, {"eta_min": 1.2, "eta_max": 2.4, "pt_min": 20.0, "pt_max": 25.0, "eff": 0.1847575057736393}, {"eta_min": 0.0, "eta_max": 0.6, "pt_min": 25.0, "pt_max": 1200.0, "eff": 0.07080264501906712}, {"eta_min": 0.6, "eta_max": 1.2, "pt_min": 25.0, "pt_max": 1200.0, "eff": 0.09332232184990594}, {"eta_min": 1.2, "eta_max": 2.4, "pt_min": 25.0, "pt_max": 1200.0, "eff": 0.16081563158749648}]}, "WW": {"b": [{"eta_min": 0.0, "eta_max": 0.6, "pt_min": 20.0, "pt_max": 25.0, "eff": 0.7931034482758622}, {"eta_min": 0.6, "eta_max": 1.2, "pt_min": 20.0, "pt_max": 25.0, "eff": 0.8250000000000001}, {"eta_min": 1.2, "eta_max": 2.4, "pt_min": 20.0, "pt_max": 25.0, "eff": 0.68}, {"eta_min": 0.0, "eta_max": 0.6, "pt_min": 25.0, "pt_max": 1200.0, "eff": 0.8111587982832635}, {"eta_min": 0.6, "eta_max": 1.2, "pt_min": 25.0, "pt_max": 1200.0, "eff": 0.8592233009708753}, {"eta_min": 1.2, "eta_max": 2.4, "pt_min": 25.0, "pt_max": 1200.0, "eff": 0.8131487889273371}], "c": [{"eta_min": 0.0, "eta_max": 0.6, "pt_min": 20.0, "pt_max": 25.0, "eff": 0.35526315789473695}, {"eta_min": 0.6, "eta_max": 1.2, "pt_min": 20.0, "pt_max": 25.0, "eff": 0.42528735632183884}, {"eta_min": 1.2, "eta_max": 2.4, "pt_min": 20.0, "pt_max": 25.0, "eff": 0.2947976878612707}, {"eta_min": 0.0, "eta_max": 0.6, "pt_min": 25.0, "pt_max": 1200.0, "eff": 0.39024390243901885}, {"eta_min": 0.6, "eta_max": 1.2, "pt_min": 25.0, "pt_max": 1200.0, "eff": 0.3980099502487518}, {"eta_min": 1.2, "eta_max": 2.4, "pt_min": 25.0, "pt_max": 1200.0, "eff": 0.42857142857142255}], "udsg": [{"eta_min": 0.0, "eta_max": 0.6, "pt_min": 20.0, "pt_max": 25.0, "eff": 0.06906077348066575}, {"eta_min": 0.6, "eta_max": 1.2, "pt_min": 20.0, "pt_max": 25.0, "eff": 0.10987951807229274}, {"eta_min": 1.2, "eta_max": 2.4, "pt_min": 20.0, "pt_max": 25.0, "eff": 0.18146883005979517}, {"eta_min": 0.0, "eta_max": 0.6, "pt_min": 25.0, "pt_max": 1200.0, "eff": 0.06632901529171875}, {"eta_min": 0.6, "eta_max": 1.2, "pt_min": 25.0, "pt_max": 1200.0, "eff": 0.09355287073667268}, {"eta_min": 1.2, "eta_max": 2.4, "pt_min": 25.0, "pt_max": 1200.0, "eff": 0.1568143903677033}]}, "Signal_500_200": {"b": [{"eta_min": 0.0, "eta_max": 0.6, "pt_min": 20.0, "pt_max": 25.0, "eff": 0.7947439219697249}, {"eta_min": 0.6, "eta_max": 1.2, "pt_min": 20.0, "pt_max": 25.0, "eff": 0.7906633647029443}, {"eta_min": 1.2, "eta_max": 2.4, "pt_min": 20.0, "pt_max": 25.0, "eff": 0.7774257366837981}, {"eta_min": 0.0, "eta_max": 0.6, "pt_min": 25.0, "pt_max": 30.0, "eff": 0.8339437582001527}, {"eta_min": 0.6, "eta_max": 1.2, "pt_min": 25.0, "pt_max": 30.0, "eff": 0.8374130021749994}, {"eta_min": 1.2, "eta_max": 2.4, "pt_min": 25.0, "pt_max": 30.0, "eff": 0.8177230998935823}, {"eta_min": 0.0, "eta_max": 0.6, "pt_min": 30.0, "pt_max": 35.0, "eff": 0.8623530624385827}, {"eta_min": 0.6, "eta_max": 1.2, "pt_min": 30.0, "pt_max": 35.0, "eff": 0.8551343697732112}, {"eta_min": 1.2, "eta_max": 2.4, "pt_min": 30.0, "pt_max": 35.0, "eff": 0.8371082003567727}, {"eta_min": 0.0, "eta_max": 0.6, "pt_min": 35.0, "pt_max": 40.0, "eff": 0.8778824302815021}, {"eta_min": 0.6, "eta_max": 1.2, "pt_min": 35.0, "pt_max": 40.0, "eff": 0.8728635636835975}, {"eta_min": 1.2, "eta_max": 2.4, "pt_min": 35.0, "pt_max": 40.0, "eff": 0.8458882113033211}, {"eta_min": 0.0, "eta_max": 0.6, "pt_min": 40.0, "pt_max": 1200.0, "eff": 0.8978177766355967}, {"eta_min": 0.6, "eta_max": 1.2, "pt_min": 40.0, "pt_max": 1200.0, "eff": 0.8963510875507494}, {"eta_min": 1.2, "eta_max": 2.4, "pt_min": 40.0, "pt_max": 1200.0, "eff": 0.8736720707658111}], "c": [{"eta_min": 0.0, "eta_max": 0.6, "pt_min": 20.0, "pt_max": 25.0, "eff": 0.36906910287234884}, {"eta_min": 0.6, "eta_max": 1.2, "pt_min": 20.0, "pt_max": 25.0, "eff": 0.35332588648618235}, {"eta_min": 1.2, "eta_max": 2.4, "pt_min": 20.0, "pt_max": 25.0, "eff": 0.3660024199099382}, {"eta_min": 0.0, "eta_max": 0.6, "pt_min": 25.0, "pt_max": 1200.0, "eff": 0.3546016632190645}, {"eta_min": 0.6, "eta_max": 1.2, "pt_min": 25.0, "pt_max": 1200.0, "eff": 0.3683710516730147}, {"eta_min": 1.2, "eta_max": 2.4, "pt_min": 25.0, "pt_max": 1200.0, "eff": 0.4043003434741472}], "udsg": [{"eta_min": 0.0, "eta_max": 0.6, "pt_min": 20.0, "pt_max": 25.0, "eff": 0.07508652722532354}, {"eta_min": 0.6, "eta_max": 1.2, "pt_min": 20.0, "pt_max": 25.0, "eff": 0.10104665918789713}, {"eta_min": 1.2, "eta_max": 2.4, "pt_min": 20.0, "pt_max": 25.0, "eff": 0.1810834844168882}, {"eta_min": 0.0, "eta_max": 0.6, "pt_min": 25.0, "pt_max": 1200.0, "eff": 0.06606795546991424}, {"eta_min": 0.6, "eta_max": 1.2, "pt_min": 25.0, "pt_max": 1200.0, "eff": 0.08550241998846231}, {"eta_min": 1.2, "eta_max": 2.4, "pt_min": 25.0, "pt_max": 1200.0, "eff": 0.14635462509393823}]}, "Signal_1000_400": {"b": [{"eta_min": 0.0, "eta_max": 0.6, "pt_min": 20.0, "pt_max": 25.0, "eff": 0.7987277747929146}, {"eta_min": 0.6, "eta_max": 1.2, "pt_min": 20.0, "pt_max": 25.0, "eff": 0.8019812441608483}, {"eta_min": 1.2, "eta_max": 2.4, "pt_min": 20.0, "pt_max": 25.0, "eff": 0.778073390213412}, {"eta_min": 0.0, "eta_max": 0.6, "pt_min": 25.0, "pt_max": 30.0, "eff": 0.8310774780815892}, {"eta_min": 0.6, "eta_max": 1.2, "pt_min": 25.0, "pt_max": 30.0, "eff": 0.8477858278294221}, {"eta_min": 1.2, "eta_max": 2.4, "pt_min": 25.0, "pt_max": 30.0, "eff": 0.8152145982666177}, {"eta_min": 0.0, "eta_max": 0.6, "pt_min": 30.0, "pt_max": 35.0, "eff": 0.8513389333335459}, {"eta_min": 0.6, "eta_max": 1.2, "pt_min": 30.0, "pt_max": 35.0, "eff": 0.8558193366760535}, {"eta_min": 1.2, "eta_max": 2.4, "pt_min": 30.0, "pt_max": 35.0, "eff": 0.833285125232431}, {"eta_min": 0.0, "eta_max": 0.6, "pt_min": 35.0, "pt_max": 40.0, "eff": 0.8661477115342132}, {"eta_min": 0.6, "eta_max": 1.2, "pt_min": 35.0, "pt_max": 40.0, "eff": 0.8726717483787283}, {"eta_min": 1.2, "eta_max": 2.4, "pt_min": 35.0, "pt_max": 40.0, "eff": 0.8476440020973816}, {"eta_min": 0.0, "eta_max": 0.6, "pt_min": 40.0, "pt_max": 45.0, "eff": 0.8855457250943385}, {"eta_min": 0.6, "eta_max": 1.2, "pt_min": 40.0, "pt_max": 45.0, "eff": 0.8852369061939271}, {"eta_min": 1.2, "eta_max": 2.4, "pt_min": 40.0, "pt_max": 45.0, "eff": 0.8713475868453467}, {"eta_min": 0.0, "eta_max": 0.6, "pt_min": 45.0, "pt_max": 50.0, "eff": 0.8852222742082634}, {"eta_min": 0.6, "eta_max": 1.2, "pt_min": 45.0, "pt_max": 50.0, "eff": 0.8947547050773454}, {"eta_min": 1.2, "eta_max": 2.4, "pt_min": 45.0, "pt_max": 50.0, "eff": 0.8685657832189226}, {"eta_min": 0.0, "eta_max": 0.6, "pt_min": 50.0, "pt_max": 1200.0, "eff": 0.9005192171226775}, {"eta_min": 0.6, "eta_max": 1.2, "pt_min": 50.0, "pt_max": 1200.0, "eff": 0.900348116804076}, {"eta_min": 1.2, "eta_max": 2.4, "pt_min": 50.0, "pt_max": 1200.0, "eff": 0.8761555474688829}], "c": [{"eta_min": 0.0, "eta_max": 0.6, "pt_min": 20.0, "pt_max": 25.0, "eff": 0.37966918342144956}, {"eta_min": 0.6, "eta_max": 1.2, "pt_min": 20.0, "pt_max": 25.0, "eff": 0.38428334771548345}, {"eta_min": 1.2, "eta_max": 2.4, "pt_min": 20.0, "pt_max": 25.0, "eff": 0.37754608093954706}, {"eta_min": 0.0, "eta_max": 0.6, "pt_min": 25.0, "pt_max": 1200.0, "eff": 0.3857454549338313}, {"eta_min": 0.6, "eta_max": 1.2, "pt_min": 25.0, "pt_max": 1200.0, "eff": 0.4098999451237972}, {"eta_min": 1.2, "eta_max": 2.4, "pt_min": 25.0, "pt_max": 1200.0, "eff": 0.4103035133237205}], "udsg": [{"eta_min": 0.0, "eta_max": 0.6, "pt_min": 20.0, "pt_max": 25.0, "eff": 0.07332976003669787}, {"eta_min": 0.6, "eta_max": 1.2, "pt_min": 20.0, "pt_max": 25.0, "eff": 0.10437378214440989}, {"eta_min": 1.2, "eta_max": 2.4, "pt_min": 20.0, "pt_max": 25.0, "eff": 0.18116462484310655}, {"eta_min": 0.0, "eta_max": 0.6, "pt_min": 25.0, "pt_max": 1200.0, "eff": 0.0690161759161822}, {"eta_min": 0.6, "eta_max": 1.2, "pt_min": 25.0, "pt_max": 1200.0, "eff": 0.09008495602638228}, {"eta_min": 1.2, "eta_max": 2.4, "pt_min": 25.0, "pt_max": 1200.0, "eff": 0.15224729810267512}]}, "Signal_600_100": {"b": [{"eta_min": 0.0, "eta_max": 0.6, "pt_min": 20.0, "pt_max": 25.0, "eff": 0.8036450184963803}, {"eta_min": 0.6, "eta_max": 1.2, "pt_min": 20.0, "pt_max": 25.0, "eff": 0.8024104683739127}, {"eta_min": 1.2, "eta_max": 2.4, "pt_min": 20.0, "pt_max": 25.0, "eff": 0.7679254318135779}, {"eta_min": 0.0, "eta_max": 0.6, "pt_min": 25.0, "pt_max": 30.0, "eff": 0.8368778604776557}, {"eta_min": 0.6, "eta_max": 1.2, "pt_min": 25.0, "pt_max": 30.0, "eff": 0.8410742183978658}, {"eta_min": 1.2, "eta_max": 2.4, "pt_min": 25.0, "pt_max": 30.0, "eff": 0.8084806836397674}, {"eta_min": 0.0, "eta_max": 0.6, "pt_min": 30.0, "pt_max": 35.0, "eff": 0.8482734621836605}, {"eta_min": 0.6, "eta_max": 1.2, "pt_min": 30.0, "pt_max": 35.0, "eff": 0.8641219895264705}, {"eta_min": 1.2, "eta_max": 2.4, "pt_min": 30.0, "pt_max": 35.0, "eff": 0.840258044794637}, {"eta_min": 0.0, "eta_max": 0.6, "pt_min": 35.0, "pt_max": 1200.0, "eff": 0.8958660851678889}, {"eta_min": 0.6, "eta_max": 1.2, "pt_min": 35.0, "pt_max": 1200.0, "eff": 0.8963287193294883}, {"eta_min": 1.2, "eta_max": 2.4, "pt_min": 35.0, "pt_max": 1200.0, "eff": 0.8715082290245417}], "c": [{"eta_min": 0.0, "eta_max": 0.6, "pt_min": 20.0, "pt_max": 25.0, "eff": 0.3603584582151583}, {"eta_min": 0.6, "eta_max": 1.2, "pt_min": 20.0, "pt_max": 25.0, "eff": 0.40059841100684723}, {"eta_min": 1.2, "eta_max": 2.4, "pt_min": 20.0, "pt_max": 25.0, "eff": 0.3886622633066693}, {"eta_min": 0.0, "eta_max": 0.6, "pt_min": 25.0, "pt_max": 1200.0, "eff": 0.3729175753522913}, {"eta_min": 0.6, "eta_max": 1.2, "pt_min": 25.0, "pt_max": 1200.0, "eff": 0.39455942848000786}, {"eta_min": 1.2, "eta_max": 2.4, "pt_min": 25.0, "pt_max": 1200.0, "eff": 0.39675755237188604}], "udsg": [{"eta_min": 0.0, "eta_max": 0.6, "pt_min": 20.0, "pt_max": 25.0, "eff": 0.07205386366563261}, {"eta_min": 0.6, "eta_max": 1.2, "pt_min": 20.0, "pt_max": 25.0, "eff": 0.10509329660705354}, {"eta_min": 1.2, "eta_max": 2.4, "pt_min": 20.0, "pt_max": 25.0, "eff": 0.17891322188398598}, {"eta_min": 0.0, "eta_max": 0.6, "pt_min": 25.0, "pt_max": 1200.0, "eff": 0.06662899125377492}, {"eta_min": 0.6, "eta_max": 1.2, "pt_min": 25.0, "pt_max": 1200.0, "eff": 0.08764188850832545}, {"eta_min": 1.2, "eta_max": 2.4, "pt_min": 25.0, "pt_max": 1200.0, "eff": 0.15036933337517733}]}, "TTGJets": {"b": [{"eta_min": 0.0, "eta_max": 0.6, "pt_min": 20.0, "pt_max": 25.0, "eff": 0.7515151515151521}, {"eta_min": 0.6, "eta_max": 1.2, "pt_min": 20.0, "pt_max": 25.0, "eff": 0.8770949720670395}, {"eta_min": 1.2, "eta_max": 2.4, "pt_min": 20.0, "pt_max": 25.0, "eff": 0.8516949152542376}, {"eta_min": 0.0, "eta_max": 0.6, "pt_min": 25.0, "pt_max": 30.0, "eff": 0.8656126482213441}, {"eta_min": 0.6, "eta_max": 1.2, "pt_min": 25.0, "pt_max": 30.0, "eff": 0.8167539267015711}, {"eta_min": 1.2, "eta_max": 2.4, "pt_min": 25.0, "pt_max": 30.0, "eff": 0.8138528138528143}, {"eta_min": 0.0, "eta_max": 0.6, "pt_min": 30.0, "pt_max": 35.0, "eff": 0.8347107438016532}, {"eta_min": 0.6, "eta_max": 1.2, "pt_min": 30.0, "pt_max": 35.0, "eff": 0.8226600985221679}, {"eta_min": 1.2, "eta_max": 2.4, "pt_min": 30.0, "pt_max": 35.0, "eff": 0.8340611353711793}, {"eta_min": 0.0, "eta_max": 0.6, "pt_min": 35.0, "pt_max": 40.0, "eff": 0.829629629629629}, {"eta_min": 0.6, "eta_max": 1.2, "pt_min": 35.0, "pt_max": 40.0, "eff": 0.8598130841121499}, {"eta_min": 1.2, "eta_max": 2.4, "pt_min": 35.0, "pt_max": 40.0, "eff": 0.8472222222222225}, {"eta_min": 0.0, "eta_max": 0.6, "pt_min": 40.0, "pt_max": 45.0, "eff": 0.8800000000000002}, {"eta_min": 0.6, "eta_max": 1.2, "pt_min": 40.0, "pt_max": 45.0, "eff": 0.9055118110236222}, {"eta_min": 1.2, "eta_max": 2.4, "pt_min": 40.0, "pt_max": 45.0, "eff": 0.8586206896551701}, {"eta_min": 0.0, "eta_max": 0.6, "pt_min": 45.0, "pt_max": 50.0, "eff": 0.895833333333331}, {"eta_min": 0.6, "eta_max": 1.2, "pt_min": 45.0, "pt_max": 50.0, "eff": 0.8730769230769233}, {"eta_min": 1.2, "eta_max": 2.4, "pt_min": 45.0, "pt_max": 50.0, "eff": 0.8282442748091604}, {"eta_min": 0.0, "eta_max": 0.6, "pt_min": 50.0, "pt_max": 55.0, "eff": 0.9080000000000001}, {"eta_min": 0.6, "eta_max": 1.2, "pt_min": 50.0, "pt_max": 55.0, "eff": 0.9414225941422595}, {"eta_min": 1.2, "eta_max": 2.4, "pt_min": 50.0, "pt_max": 55.0, "eff": 0.8899371069182366}, {"eta_min": 0.0, "eta_max": 0.6, "pt_min": 55.0, "pt_max": 60.0, "eff": 0.8461538461538465}, {"eta_min": 0.6, "eta_max": 1.2, "pt_min": 55.0, "pt_max": 60.0, "eff": 0.8844884488448818}, {"eta_min": 1.2, "eta_max": 2.4, "pt_min": 55.0, "pt_max": 60.0, "eff": 0.9483568075117372}, {"eta_min": 0.0, "eta_max": 0.6, "pt_min": 60.0, "pt_max": 65.0, "eff": 0.9234449760765552}, {"eta_min": 0.6, "eta_max": 1.2, "pt_min": 60.0, "pt_max": 65.0, "eff": 0.9152542372881357}, {"eta_min": 1.2, "eta_max": 2.4, "pt_min": 60.0, "pt_max": 65.0, "eff": 0.9571428571428572}, {"eta_min": 0.0, "eta_max": 0.6, "pt_min": 65.0, "pt_max": 70.0, "eff": 0.8851351351351324}, {"eta_min": 0.6, "eta_max": 1.2, "pt_min": 65.0, "pt_max": 70.0, "eff": 0.8352272727272732}, {"eta_min": 1.2, "eta_max": 2.4, "pt_min": 65.0, "pt_max": 70.0, "eff": 0.8685446009389675}, {"eta_min": 0.0, "eta_max": 0.6, "pt_min": 70.0, "pt_max": 75.0, "eff": 0.9063829787234045}, {"eta_min": 0.6, "eta_max": 1.2, "pt_min": 70.0, "pt_max": 75.0, "eff": 0.8632075471698116}, {"eta_min": 1.2, "eta_max": 2.4, "pt_min": 70.0, "pt_max": 75.0, "eff": 0.825471698113208}, {"eta_min": 0.0, "eta_max": 0.6, "pt_min": 75.0, "pt_max": 80.0, "eff": 0.9038461538461541}, {"eta_min": 0.6, "eta_max": 1.2, "pt_min": 75.0, "pt_max": 80.0, "eff": 0.9099526066350713}, {"eta_min": 1.2, "eta_max": 2.4, "pt_min": 75.0, "pt_max": 80.0, "eff": 0.8805031446540884}, {"eta_min": 0.0, "eta_max": 0.6, "pt_min": 80.0, "pt_max": 85.0, "eff": 0.8866995073891628}, {"eta_min": 0.6, "eta_max": 1.2, "pt_min": 80.0, "pt_max": 85.0, "eff": 0.9039548022598872}, {"eta_min": 1.2, "eta_max": 2.4, "pt_min": 80.0, "pt_max": 85.0, "eff": 0.916666666666667}, {"eta_min": 0.0, "eta_max": 0.6, "pt_min": 85.0, "pt_max": 1200.0, "eff": 0.9079804560260416}, {"eta_min": 0.6, "eta_max": 1.2, "pt_min": 85.0, "pt_max": 1200.0, "eff": 0.9030000000000011}, {"eta_min": 1.2, "eta_max": 2.4, "pt_min": 85.0, "pt_max": 1200.0, "eff": 0.8976769911504437}], "c": [{"eta_min": 0.0, "eta_max": 0.6, "pt_min": 20.0, "pt_max": 25.0, "eff": 0.3880597014925372}, {"eta_min": 0.6, "eta_max": 1.2, "pt_min": 20.0, "pt_max": 25.0, "eff": 0.6249999999999999}, {"eta_min": 1.2, "eta_max": 2.4, "pt_min": 20.0, "pt_max": 25.0, "eff": 0.344444444444445}, {"eta_min": 0.0, "eta_max": 0.6, "pt_min": 25.0, "pt_max": 1200.0, "eff": 0.44426751592356517}, {"eta_min": 0.6, "eta_max": 1.2, "pt_min": 25.0, "pt_max": 1200.0, "eff": 0.45768566493954715}, {"eta_min": 1.2, "eta_max": 2.4, "pt_min": 25.0, "pt_max": 1200.0, "eff": 0.49765990639625585}], "udsg": [{"eta_min": 0.0, "eta_max": 0.6, "pt_min": 20.0, "pt_max": 25.0, "eff": 0.06032719836400892}, {"eta_min": 0.6, "eta_max": 1.2, "pt_min": 20.0, "pt_max": 25.0, "eff": 0.08408071748879001}, {"eta_min": 1.2, "eta_max": 2.4, "pt_min": 20.0, "pt_max": 25.0, "eff": 0.17542706964520655}, {"eta_min": 0.0, "eta_max": 0.6, "pt_min": 25.0, "pt_max": 1200.0, "eff": 0.0783182192910064}, {"eta_min": 0.6, "eta_max": 1.2, "pt_min": 25.0, "pt_max": 1200.0, "eff": 0.12117117117116083}, {"eta_min": 1.2, "eta_max": 2.4, "pt_min": 25.0, "pt_max": 1200.0, "eff": 0.17494054696787031}]}, "TTToSemiLeptonic": {"b": [{"eta_min": 0.0, "eta_max": 0.6, "pt_min": 20.0, "pt_max": 25.0, "eff": 0.8170731707316387}, {"eta_min": 0.6, "eta_max": 1.2, "pt_min": 20.0, "pt_max": 25.0, "eff": 0.8200195630909619}, {"eta_min": 1.2, "eta_max": 2.4, "pt_min": 20.0, "pt_max": 25.0, "eff": 0.7898767500298384}, {"eta_min": 0.0, "eta_max": 0.6, "pt_min": 25.0, "pt_max": 30.0, "eff": 0.8367992216951845}, {"eta_min": 0.6, "eta_max": 1.2, "pt_min": 25.0, "pt_max": 30.0, "eff": 0.8441168441167792}, {"eta_min": 1.2, "eta_max": 2.4, "pt_min": 25.0, "pt_max": 30.0, "eff": 0.813107344632704}, {"eta_min": 0.0, "eta_max": 0.6, "pt_min": 30.0, "pt_max": 35.0, "eff": 0.8484257724924006}, {"eta_min": 0.6, "eta_max": 1.2, "pt_min": 30.0, "pt_max": 35.0, "eff": 0.8518477416490454}, {"eta_min": 1.2, "eta_max": 2.4, "pt_min": 30.0, "pt_max": 35.0, "eff": 0.8218795180722368}, {"eta_min": 0.0, "eta_max": 0.6, "pt_min": 35.0, "pt_max": 40.0, "eff": 0.8626210871828143}, {"eta_min": 0.6, "eta_max": 1.2, "pt_min": 35.0, "pt_max": 40.0, "eff": 0.8614269992662855}, {"eta_min": 1.2, "eta_max": 2.4, "pt_min": 35.0, "pt_max": 40.0, "eff": 0.8418313409774933}, {"eta_min": 0.0, "eta_max": 0.6, "pt_min": 40.0, "pt_max": 45.0, "eff": 0.8716911260459154}, {"eta_min": 0.6, "eta_max": 1.2, "pt_min": 40.0, "pt_max": 45.0, "eff": 0.8736365839864628}, {"eta_min": 1.2, "eta_max": 2.4, "pt_min": 40.0, "pt_max": 45.0, "eff": 0.8447890371440216}, {"eta_min": 0.0, "eta_max": 0.6, "pt_min": 45.0, "pt_max": 50.0, "eff": 0.8790229516605622}, {"eta_min": 0.6, "eta_max": 1.2, "pt_min": 45.0, "pt_max": 50.0, "eff": 0.8848878394333958}, {"eta_min": 1.2, "eta_max": 2.4, "pt_min": 45.0, "pt_max": 50.0, "eff": 0.851472471190901}, {"eta_min": 0.0, "eta_max": 0.6, "pt_min": 50.0, "pt_max": 55.0, "eff": 0.8867090523767095}, {"eta_min": 0.6, "eta_max": 1.2, "pt_min": 50.0, "pt_max": 55.0, "eff": 0.8872735242549205}, {"eta_min": 1.2, "eta_max": 2.4, "pt_min": 50.0, "pt_max": 55.0, "eff": 0.8654795251434982}, {"eta_min": 0.0, "eta_max": 0.6, "pt_min": 55.0, "pt_max": 60.0, "eff": 0.8905716851242929}, {"eta_min": 0.6, "eta_max": 1.2, "pt_min": 55.0, "pt_max": 60.0, "eff": 0.8969245379502692}, {"eta_min": 1.2, "eta_max": 2.4, "pt_min": 55.0, "pt_max": 60.0, "eff": 0.8669121156338443}, {"eta_min": 0.0, "eta_max": 0.6, "pt_min": 60.0, "pt_max": 65.0, "eff": 0.8943011779688804}, {"eta_min": 0.6, "eta_max": 1.2, "pt_min": 60.0, "pt_max": 65.0, "eff": 0.8952804583836893}, {"eta_min": 1.2, "eta_max": 2.4, "pt_min": 60.0, "pt_max": 65.0, "eff": 0.8686311921420093}, {"eta_min": 0.0, "eta_max": 0.6, "pt_min": 65.0, "pt_max": 70.0, "eff": 0.896048277204675}, {"eta_min": 0.6, "eta_max": 1.2, "pt_min": 65.0, "pt_max": 70.0, "eff": 0.902440920398098}, {"eta_min": 1.2, "eta_max": 2.4, "pt_min": 65.0, "pt_max": 70.0, "eff": 0.876529225192678}, {"eta_min": 0.0, "eta_max": 0.6, "pt_min": 70.0, "pt_max": 75.0, "eff": 0.9032694781020212}, {"eta_min": 0.6, "eta_max": 1.2, "pt_min": 70.0, "pt_max": 75.0, "eff": 0.8992853035406486}, {"eta_min": 1.2, "eta_max": 2.4, "pt_min": 70.0, "pt_max": 75.0, "eff": 0.8794896798310087}, {"eta_min": 0.0, "eta_max": 0.6, "pt_min": 75.0, "pt_max": 80.0, "eff": 0.8971119133574897}, {"eta_min": 0.6, "eta_max": 1.2, "pt_min": 75.0, "pt_max": 80.0, "eff": 0.9065943676753293}, {"eta_min": 1.2, "eta_max": 2.4, "pt_min": 75.0, "pt_max": 80.0, "eff": 0.8788757136582899}, {"eta_min": 0.0, "eta_max": 0.6, "pt_min": 80.0, "pt_max": 85.0, "eff": 0.9005970380709594}, {"eta_min": 0.6, "eta_max": 1.2, "pt_min": 80.0, "pt_max": 85.0, "eff": 0.8979133526714409}, {"eta_min": 1.2, "eta_max": 2.4, "pt_min": 80.0, "pt_max": 85.0, "eff": 0.8792648444862989}, {"eta_min": 0.0, "eta_max": 0.6, "pt_min": 85.0, "pt_max": 90.0, "eff": 0.9046877561055867}, {"eta_min": 0.6, "eta_max": 1.2, "pt_min": 85.0, "pt_max": 90.0, "eff": 0.902531906134181}, {"eta_min": 1.2, "eta_max": 2.4, "pt_min": 85.0, "pt_max": 90.0, "eff": 0.8781335580366155}, {"eta_min": 0.0, "eta_max": 0.6, "pt_min": 90.0, "pt_max": 95.0, "eff": 0.9027258150721275}, {"eta_min": 0.6, "eta_max": 1.2, "pt_min": 90.0, "pt_max": 95.0, "eff": 0.9117614939390336}, {"eta_min": 1.2, "eta_max": 2.4, "pt_min": 90.0, "pt_max": 95.0, "eff": 0.8870311793944482}, {"eta_min": 0.0, "eta_max": 0.6, "pt_min": 95.0, "pt_max": 100.0, "eff": 0.9053778080326472}, {"eta_min": 0.6, "eta_max": 1.2, "pt_min": 95.0, "pt_max": 100.0, "eff": 0.9000117633219262}, {"eta_min": 1.2, "eta_max": 2.4, "pt_min": 95.0, "pt_max": 100.0, "eff": 0.8828716929573522}, {"eta_min": 0.0, "eta_max": 0.6, "pt_min": 100.0, "pt_max": 105.0, "eff": 0.9036842105262849}, {"eta_min": 0.6, "eta_max": 1.2, "pt_min": 100.0, "pt_max": 105.0, "eff": 0.9104902341223292}, {"eta_min": 1.2, "eta_max": 2.4, "pt_min": 100.0, "pt_max": 105.0, "eff": 0.8841095890410474}, {"eta_min": 0.0, "eta_max": 0.6, "pt_min": 105.0, "pt_max": 110.0, "eff": 0.9051419450461419}, {"eta_min": 0.6, "eta_max": 1.2, "pt_min": 105.0, "pt_max": 110.0, "eff": 0.9053030303029898}, {"eta_min": 1.2, "eta_max": 2.4, "pt_min": 105.0, "pt_max": 110.0, "eff": 0.8843187660667847}, {"eta_min": 0.0, "eta_max": 0.6, "pt_min": 110.0, "pt_max": 115.0, "eff": 0.9079471848529794}, {"eta_min": 0.6, "eta_max": 1.2, "pt_min": 110.0, "pt_max": 115.0, "eff": 0.9142053445850505}, {"eta_min": 1.2, "eta_max": 2.4, "pt_min": 110.0, "pt_max": 115.0, "eff": 0.891827333219596}, {"eta_min": 0.0, "eta_max": 0.6, "pt_min": 115.0, "pt_max": 120.0, "eff": 0.9077174356879976}, {"eta_min": 0.6, "eta_max": 1.2, "pt_min": 115.0, "pt_max": 120.0, "eff": 0.9133466135458067}, {"eta_min": 1.2, "eta_max": 2.4, "pt_min": 115.0, "pt_max": 120.0, "eff": 0.8933914031433584}, {"eta_min": 0.0, "eta_max": 0.6, "pt_min": 120.0, "pt_max": 1200.0, "eff": 0.9009410387128055}, {"eta_min": 0.6, "eta_max": 1.2, "pt_min": 120.0, "pt_max": 1200.0, "eff": 0.9015185877318966}, {"eta_min": 1.2, "eta_max": 2.4, "pt_min": 120.0, "pt_max": 1200.0, "eff": 0.8819551389352598}], "c": [{"eta_min": 0.0, "eta_max": 0.6, "pt_min": 20.0, "pt_max": 25.0, "eff": 0.4079629629629983}, {"eta_min": 0.6, "eta_max": 1.2, "pt_min": 20.0, "pt_max": 25.0, "eff": 0.43016991297143264}, {"eta_min": 1.2, "eta_max": 2.4, "pt_min": 20.0, "pt_max": 25.0, "eff": 0.4340697512852597}, {"eta_min": 0.0, "eta_max": 0.6, "pt_min": 25.0, "pt_max": 30.0, "eff": 0.4142227333717027}, {"eta_min": 0.6, "eta_max": 1.2, "pt_min": 25.0, "pt_max": 30.0, "eff": 0.43774660236740537}, {"eta_min": 1.2, "eta_max": 2.4, "pt_min": 25.0, "pt_max": 30.0, "eff": 0.4486013385962403}, {"eta_min": 0.0, "eta_max": 0.6, "pt_min": 30.0, "pt_max": 35.0, "eff": 0.4242800911539526}, {"eta_min": 0.6, "eta_max": 1.2, "pt_min": 30.0, "pt_max": 35.0, "eff": 0.45017261219794735}, {"eta_min": 1.2, "eta_max": 2.4, "pt_min": 30.0, "pt_max": 35.0, "eff": 0.45185323151429163}, {"eta_min": 0.0, "eta_max": 0.6, "pt_min": 35.0, "pt_max": 40.0, "eff": 0.4448529411765026}, {"eta_min": 0.6, "eta_max": 1.2, "pt_min": 35.0, "pt_max": 40.0, "eff": 0.45524835988755236}, {"eta_min": 1.2, "eta_max": 2.4, "pt_min": 35.0, "pt_max": 40.0, "eff": 0.45950882890200406}, {"eta_min": 0.0, "eta_max": 0.6, "pt_min": 40.0, "pt_max": 45.0, "eff": 0.41960947237227325}, {"eta_min": 0.6, "eta_max": 1.2, "pt_min": 40.0, "pt_max": 45.0, "eff": 0.4576519404442396}, {"eta_min": 1.2, "eta_max": 2.4, "pt_min": 40.0, "pt_max": 45.0, "eff": 0.46183368869939034}, {"eta_min": 0.0, "eta_max": 0.6, "pt_min": 45.0, "pt_max": 50.0, "eff": 0.43083700440530726}, {"eta_min": 0.6, "eta_max": 1.2, "pt_min": 45.0, "pt_max": 50.0, "eff": 0.456140350877195}, {"eta_min": 1.2, "eta_max": 2.4, "pt_min": 45.0, "pt_max": 50.0, "eff": 0.45937995021500305}, {"eta_min": 0.0, "eta_max": 0.6, "pt_min": 50.0, "pt_max": 55.0, "eff": 0.4274843330349334}, {"eta_min": 0.6, "eta_max": 1.2, "pt_min": 50.0, "pt_max": 55.0, "eff": 0.45260971176318116}, {"eta_min": 1.2, "eta_max": 2.4, "pt_min": 50.0, "pt_max": 55.0, "eff": 0.45204460966543675}, {"eta_min": 0.0, "eta_max": 0.6, "pt_min": 55.0, "pt_max": 60.0, "eff": 0.4115331171838932}, {"eta_min": 0.6, "eta_max": 1.2, "pt_min": 55.0, "pt_max": 60.0, "eff": 0.46129943502823983}, {"eta_min": 1.2, "eta_max": 2.4, "pt_min": 55.0, "pt_max": 60.0, "eff": 0.4622176058166751}, {"eta_min": 0.0, "eta_max": 0.6, "pt_min": 60.0, "pt_max": 1200.0, "eff": 0.4388332023686052}, {"eta_min": 0.6, "eta_max": 1.2, "pt_min": 60.0, "pt_max": 1200.0, "eff": 0.47267701965152603}, {"eta_min": 1.2, "eta_max": 2.4, "pt_min": 60.0, "pt_max": 1200.0, "eff": 0.4842143287172389}], "udsg": [{"eta_min": 0.0, "eta_max": 0.6, "pt_min": 20.0, "pt_max": 25.0, "eff": 0.08000878997938848}, {"eta_min": 0.6, "eta_max": 1.2, "pt_min": 20.0, "pt_max": 25.0, "eff": 0.10703679521465337}, {"eta_min": 1.2, "eta_max": 2.4, "pt_min": 20.0, "pt_max": 25.0, "eff": 0.18013200581741728}, {"eta_min": 0.0, "eta_max": 0.6, "pt_min": 25.0, "pt_max": 1200.0, "eff": 0.06658100804049882}, {"eta_min": 0.6, "eta_max": 1.2, "pt_min": 25.0, "pt_max": 1200.0, "eff": 0.08998280772523465}, {"eta_min": 1.2, "eta_max": 2.4, "pt_min": 25.0, "pt_max": 1200.0, "eff": 0.15082518251702665}]}, "TTTo2L2Nu": {"b": [{"eta_min": 0.0, "eta_max": 0.6, "pt_min": 20.0, "pt_max": 25.0, "eff": 0.8137998606842705}, {"eta_min": 0.6, "eta_max": 1.2, "pt_min": 20.0, "pt_max": 25.0, "eff": 0.8174079293260955}, {"eta_min": 1.2, "eta_max": 2.4, "pt_min": 20.0, "pt_max": 25.0, "eff": 0.7917928430973434}, {"eta_min": 0.0, "eta_max": 0.6, "pt_min": 25.0, "pt_max": 30.0, "eff": 0.8446644762911725}, {"eta_min": 0.6, "eta_max": 1.2, "pt_min": 25.0, "pt_max": 30.0, "eff": 0.8489325950238236}, {"eta_min": 1.2, "eta_max": 2.4, "pt_min": 25.0, "pt_max": 30.0, "eff": 0.8258484405401038}, {"eta_min": 0.0, "eta_max": 0.6, "pt_min": 30.0, "pt_max": 35.0, "eff": 0.8629264823636641}, {"eta_min": 0.6, "eta_max": 1.2, "pt_min": 30.0, "pt_max": 35.0, "eff": 0.8670439282733071}, {"eta_min": 1.2, "eta_max": 2.4, "pt_min": 30.0, "pt_max": 35.0, "eff": 0.8445966202247059}, {"eta_min": 0.0, "eta_max": 0.6, "pt_min": 35.0, "pt_max": 40.0, "eff": 0.8739219628693609}, {"eta_min": 0.6, "eta_max": 1.2, "pt_min": 35.0, "pt_max": 40.0, "eff": 0.8783349481293323}, {"eta_min": 1.2, "eta_max": 2.4, "pt_min": 35.0, "pt_max": 40.0, "eff": 0.8567087641095976}, {"eta_min": 0.0, "eta_max": 0.6, "pt_min": 40.0, "pt_max": 45.0, "eff": 0.8819184225823425}, {"eta_min": 0.6, "eta_max": 1.2, "pt_min": 40.0, "pt_max": 45.0, "eff": 0.8861144042676955}, {"eta_min": 1.2, "eta_max": 2.4, "pt_min": 40.0, "pt_max": 45.0, "eff": 0.8637478602143466}, {"eta_min": 0.0, "eta_max": 0.6, "pt_min": 45.0, "pt_max": 50.0, "eff": 0.889709035369427}, {"eta_min": 0.6, "eta_max": 1.2, "pt_min": 45.0, "pt_max": 50.0, "eff": 0.8919971019823864}, {"eta_min": 1.2, "eta_max": 2.4, "pt_min": 45.0, "pt_max": 50.0, "eff": 0.8678096182553479}, {"eta_min": 0.0, "eta_max": 0.6, "pt_min": 50.0, "pt_max": 55.0, "eff": 0.894027265561715}, {"eta_min": 0.6, "eta_max": 1.2, "pt_min": 50.0, "pt_max": 55.0, "eff": 0.897950334579244}, {"eta_min": 1.2, "eta_max": 2.4, "pt_min": 50.0, "pt_max": 55.0, "eff": 0.8720335358026265}, {"eta_min": 0.0, "eta_max": 0.6, "pt_min": 55.0, "pt_max": 60.0, "eff": 0.8975053737396324}, {"eta_min": 0.6, "eta_max": 1.2, "pt_min": 55.0, "pt_max": 60.0, "eff": 0.8996113039649657}, {"eta_min": 1.2, "eta_max": 2.4, "pt_min": 55.0, "pt_max": 60.0, "eff": 0.876472126123772}, {"eta_min": 0.0, "eta_max": 0.6, "pt_min": 60.0, "pt_max": 65.0, "eff": 0.9017814077621163}, {"eta_min": 0.6, "eta_max": 1.2, "pt_min": 60.0, "pt_max": 65.0, "eff": 0.9031056061902107}, {"eta_min": 1.2, "eta_max": 2.4, "pt_min": 60.0, "pt_max": 65.0, "eff": 0.8776890830955836}, {"eta_min": 0.0, "eta_max": 0.6, "pt_min": 65.0, "pt_max": 70.0, "eff": 0.9038276504043149}, {"eta_min": 0.6, "eta_max": 1.2, "pt_min": 65.0, "pt_max": 70.0, "eff": 0.9048952018012504}, {"eta_min": 1.2, "eta_max": 2.4, "pt_min": 65.0, "pt_max": 70.0, "eff": 0.882059657251084}, {"eta_min": 0.0, "eta_max": 0.6, "pt_min": 70.0, "pt_max": 75.0, "eff": 0.9067367970396387}, {"eta_min": 0.6, "eta_max": 1.2, "pt_min": 70.0, "pt_max": 75.0, "eff": 0.9078724075267436}, {"eta_min": 1.2, "eta_max": 2.4, "pt_min": 70.0, "pt_max": 75.0, "eff": 0.8827916676613053}, {"eta_min": 0.0, "eta_max": 0.6, "pt_min": 75.0, "pt_max": 80.0, "eff": 0.9081955633739591}, {"eta_min": 0.6, "eta_max": 1.2, "pt_min": 75.0, "pt_max": 80.0, "eff": 0.9075129277689011}, {"eta_min": 1.2, "eta_max": 2.4, "pt_min": 75.0, "pt_max": 80.0, "eff": 0.8850776537927735}, {"eta_min": 0.0, "eta_max": 0.6, "pt_min": 80.0, "pt_max": 85.0, "eff": 0.9113290352931891}, {"eta_min": 0.6, "eta_max": 1.2, "pt_min": 80.0, "pt_max": 85.0, "eff": 0.9097248706071662}, {"eta_min": 1.2, "eta_max": 2.4, "pt_min": 80.0, "pt_max": 85.0, "eff": 0.8886494607921512}, {"eta_min": 0.0, "eta_max": 0.6, "pt_min": 85.0, "pt_max": 90.0, "eff": 0.9115254319117417}, {"eta_min": 0.6, "eta_max": 1.2, "pt_min": 85.0, "pt_max": 90.0, "eff": 0.9101018436515514}, {"eta_min": 1.2, "eta_max": 2.4, "pt_min": 85.0, "pt_max": 90.0, "eff": 0.888034311171737}, {"eta_min": 0.0, "eta_max": 0.6, "pt_min": 90.0, "pt_max": 95.0, "eff": 0.9114217238107692}, {"eta_min": 0.6, "eta_max": 1.2, "pt_min": 90.0, "pt_max": 95.0, "eff": 0.9134336677811434}, {"eta_min": 1.2, "eta_max": 2.4, "pt_min": 90.0, "pt_max": 95.0, "eff": 0.8901241987174492}, {"eta_min": 0.0, "eta_max": 0.6, "pt_min": 95.0, "pt_max": 100.0, "eff": 0.9135233498820006}, {"eta_min": 0.6, "eta_max": 1.2, "pt_min": 95.0, "pt_max": 100.0, "eff": 0.9147546287075583}, {"eta_min": 1.2, "eta_max": 2.4, "pt_min": 95.0, "pt_max": 100.0, "eff": 0.8919608557883629}, {"eta_min": 0.0, "eta_max": 0.6, "pt_min": 100.0, "pt_max": 105.0, "eff": 0.9137799666512295}, {"eta_min": 0.6, "eta_max": 1.2, "pt_min": 100.0, "pt_max": 105.0, "eff": 0.9148429275855876}, {"eta_min": 1.2, "eta_max": 2.4, "pt_min": 100.0, "pt_max": 105.0, "eff": 0.8922915640830491}, {"eta_min": 0.0, "eta_max": 0.6, "pt_min": 105.0, "pt_max": 110.0, "eff": 0.9145093688359093}, {"eta_min": 0.6, "eta_max": 1.2, "pt_min": 105.0, "pt_max": 110.0, "eff": 0.9161373483867241}, {"eta_min": 1.2, "eta_max": 2.4, "pt_min": 105.0, "pt_max": 110.0, "eff": 0.8948136668348929}, {"eta_min": 0.0, "eta_max": 0.6, "pt_min": 110.0, "pt_max": 115.0, "eff": 0.9158374046748154}, {"eta_min": 0.6, "eta_max": 1.2, "pt_min": 110.0, "pt_max": 115.0, "eff": 0.9171433096918653}, {"eta_min": 1.2, "eta_max": 2.4, "pt_min": 110.0, "pt_max": 115.0, "eff": 0.8962107037852223}, {"eta_min": 0.0, "eta_max": 0.6, "pt_min": 115.0, "pt_max": 120.0, "eff": 0.9161311506163445}, {"eta_min": 0.6, "eta_max": 1.2, "pt_min": 115.0, "pt_max": 120.0, "eff": 0.917099058930327}, {"eta_min": 1.2, "eta_max": 2.4, "pt_min": 115.0, "pt_max": 120.0, "eff": 0.8927494582116724}, {"eta_min": 0.0, "eta_max": 0.6, "pt_min": 120.0, "pt_max": 125.0, "eff": 0.9187322443182077}, {"eta_min": 0.6, "eta_max": 1.2, "pt_min": 120.0, "pt_max": 125.0, "eff": 0.9169624169624507}, {"eta_min": 1.2, "eta_max": 2.4, "pt_min": 120.0, "pt_max": 125.0, "eff": 0.8948809998670889}, {"eta_min": 0.0, "eta_max": 0.6, "pt_min": 125.0, "pt_max": 130.0, "eff": 0.9194504962479109}, {"eta_min": 0.6, "eta_max": 1.2, "pt_min": 125.0, "pt_max": 130.0, "eff": 0.9179632248939557}, {"eta_min": 1.2, "eta_max": 2.4, "pt_min": 125.0, "pt_max": 130.0, "eff": 0.8946715464301807}, {"eta_min": 0.0, "eta_max": 0.6, "pt_min": 130.0, "pt_max": 135.0, "eff": 0.9177866678653632}, {"eta_min": 0.6, "eta_max": 1.2, "pt_min": 130.0, "pt_max": 135.0, "eff": 0.920772749788788}, {"eta_min": 1.2, "eta_max": 2.4, "pt_min": 130.0, "pt_max": 135.0, "eff": 0.8952390976389107}, {"eta_min": 0.0, "eta_max": 0.6, "pt_min": 135.0, "pt_max": 140.0, "eff": 0.920101377297666}, {"eta_min": 0.6, "eta_max": 1.2, "pt_min": 135.0, "pt_max": 140.0, "eff": 0.9188771653026148}, {"eta_min": 1.2, "eta_max": 2.4, "pt_min": 135.0, "pt_max": 140.0, "eff": 0.896361721092369}, {"eta_min": 0.0, "eta_max": 0.6, "pt_min": 140.0, "pt_max": 1200.0, "eff": 0.9149599359247789}, {"eta_min": 0.6, "eta_max": 1.2, "pt_min": 140.0, "pt_max": 1200.0, "eff": 0.9127802330593651}, {"eta_min": 1.2, "eta_max": 2.4, "pt_min": 140.0, "pt_max": 1200.0, "eff": 0.8901334699334649}], "c": [{"eta_min": 0.0, "eta_max": 0.6, "pt_min": 20.0, "pt_max": 25.0, "eff": 0.3607996323529587}, {"eta_min": 0.6, "eta_max": 1.2, "pt_min": 20.0, "pt_max": 25.0, "eff": 0.37837707448861707}, {"eta_min": 1.2, "eta_max": 2.4, "pt_min": 20.0, "pt_max": 25.0, "eff": 0.39148408433264886}, {"eta_min": 0.0, "eta_max": 0.6, "pt_min": 25.0, "pt_max": 30.0, "eff": 0.3573436172297585}, {"eta_min": 0.6, "eta_max": 1.2, "pt_min": 25.0, "pt_max": 30.0, "eff": 0.377592488789089}, {"eta_min": 1.2, "eta_max": 2.4, "pt_min": 25.0, "pt_max": 30.0, "eff": 0.4035774175517957}, {"eta_min": 0.0, "eta_max": 0.6, "pt_min": 30.0, "pt_max": 1200.0, "eff": 0.35927579116219854}, {"eta_min": 0.6, "eta_max": 1.2, "pt_min": 30.0, "pt_max": 1200.0, "eff": 0.3839782028267287}, {"eta_min": 1.2, "eta_max": 2.4, "pt_min": 30.0, "pt_max": 1200.0, "eff": 0.4128204127800219}], "udsg": [{"eta_min": 0.0, "eta_max": 0.6, "pt_min": 20.0, "pt_max": 25.0, "eff": 0.08280594790867885}, {"eta_min": 0.6, "eta_max": 1.2, "pt_min": 20.0, "pt_max": 25.0, "eff": 0.11086062698782206}, {"eta_min": 1.2, "eta_max": 2.4, "pt_min": 20.0, "pt_max": 25.0, "eff": 0.18449300495899898}, {"eta_min": 0.0, "eta_max": 0.6, "pt_min": 25.0, "pt_max": 30.0, "eff": 0.08200030966448424}, {"eta_min": 0.6, "eta_max": 1.2, "pt_min": 25.0, "pt_max": 30.0, "eff": 0.10513345516156784}, {"eta_min": 1.2, "eta_max": 2.4, "pt_min": 25.0, "pt_max": 30.0, "eff": 0.1704324432795945}, {"eta_min": 0.0, "eta_max": 0.6, "pt_min": 30.0, "pt_max": 35.0, "eff": 0.0801970979932633}, {"eta_min": 0.6, "eta_max": 1.2, "pt_min": 30.0, "pt_max": 35.0, "eff": 0.10245914783723749}, {"eta_min": 1.2, "eta_max": 2.4, "pt_min": 30.0, "pt_max": 35.0, "eff": 0.15917443933078262}, {"eta_min": 0.0, "eta_max": 0.6, "pt_min": 35.0, "pt_max": 40.0, "eff": 0.0779292945132806}, {"eta_min": 0.6, "eta_max": 1.2, "pt_min": 35.0, "pt_max": 40.0, "eff": 0.09981845865503777}, {"eta_min": 1.2, "eta_max": 2.4, "pt_min": 35.0, "pt_max": 40.0, "eff": 0.1532816273266976}, {"eta_min": 0.0, "eta_max": 0.6, "pt_min": 40.0, "pt_max": 45.0, "eff": 0.07615556913027138}, {"eta_min": 0.6, "eta_max": 1.2, "pt_min": 40.0, "pt_max": 45.0, "eff": 0.09707778795521593}, {"eta_min": 1.2, "eta_max": 2.4, "pt_min": 40.0, "pt_max": 45.0, "eff": 0.1514309437672183}, {"eta_min": 0.0, "eta_max": 0.6, "pt_min": 45.0, "pt_max": 1200.0, "eff": 0.07931913091425172}, {"eta_min": 0.6, "eta_max": 1.2, "pt_min": 45.0, "pt_max": 1200.0, "eff": 0.10033335416935488}, {"eta_min": 1.2, "eta_max": 2.4, "pt_min": 45.0, "pt_max": 1200.0, "eff": 0.15928623111556928}]}, "Signal_500_100": {"b": [{"eta_min": 0.0, "eta_max": 0.6, "pt_min": 20.0, "pt_max": 25.0, "eff": 0.7957165921016445}, {"eta_min": 0.6, "eta_max": 1.2, "pt_min": 20.0, "pt_max": 25.0, "eff": 0.8032550094285119}, {"eta_min": 1.2, "eta_max": 2.4, "pt_min": 20.0, "pt_max": 25.0, "eff": 0.7790349416945409}, {"eta_min": 0.0, "eta_max": 0.6, "pt_min": 25.0, "pt_max": 30.0, "eff": 0.840270437637482}, {"eta_min": 0.6, "eta_max": 1.2, "pt_min": 25.0, "pt_max": 30.0, "eff": 0.8347160935347272}, {"eta_min": 1.2, "eta_max": 2.4, "pt_min": 25.0, "pt_max": 30.0, "eff": 0.814342884360094}, {"eta_min": 0.0, "eta_max": 0.6, "pt_min": 30.0, "pt_max": 35.0, "eff": 0.8468242566306545}, {"eta_min": 0.6, "eta_max": 1.2, "pt_min": 30.0, "pt_max": 35.0, "eff": 0.8664723332057284}, {"eta_min": 1.2, "eta_max": 2.4, "pt_min": 30.0, "pt_max": 35.0, "eff": 0.8455986111885272}, {"eta_min": 0.0, "eta_max": 0.6, "pt_min": 35.0, "pt_max": 1200.0, "eff": 0.8975917640009207}, {"eta_min": 0.6, "eta_max": 1.2, "pt_min": 35.0, "pt_max": 1200.0, "eff": 0.8971222569934361}, {"eta_min": 1.2, "eta_max": 2.4, "pt_min": 35.0, "pt_max": 1200.0, "eff": 0.8718607541998032}], "c": [{"eta_min": 0.0, "eta_max": 0.6, "pt_min": 20.0, "pt_max": 25.0, "eff": 0.3221166698912153}, {"eta_min": 0.6, "eta_max": 1.2, "pt_min": 20.0, "pt_max": 25.0, "eff": 0.35128015582221445}, {"eta_min": 1.2, "eta_max": 2.4, "pt_min": 20.0, "pt_max": 25.0, "eff": 0.3660674714700948}, {"eta_min": 0.0, "eta_max": 0.6, "pt_min": 25.0, "pt_max": 1200.0, "eff": 0.34698740722196575}, {"eta_min": 0.6, "eta_max": 1.2, "pt_min": 25.0, "pt_max": 1200.0, "eff": 0.3673366387833109}, {"eta_min": 1.2, "eta_max": 2.4, "pt_min": 25.0, "pt_max": 1200.0, "eff": 0.3957737770388677}], "udsg": [{"eta_min": 0.0, "eta_max": 0.6, "pt_min": 20.0, "pt_max": 25.0, "eff": 0.07229898221461598}, {"eta_min": 0.6, "eta_max": 1.2, "pt_min": 20.0, "pt_max": 25.0, "eff": 0.10342144114939866}, {"eta_min": 1.2, "eta_max": 2.4, "pt_min": 20.0, "pt_max": 25.0, "eff": 0.18623565745701254}, {"eta_min": 0.0, "eta_max": 0.6, "pt_min": 25.0, "pt_max": 1200.0, "eff": 0.06391497353316233}, {"eta_min": 0.6, "eta_max": 1.2, "pt_min": 25.0, "pt_max": 1200.0, "eff": 0.08746295977403806}, {"eta_min": 1.2, "eta_max": 2.4, "pt_min": 25.0, "pt_max": 1200.0, "eff": 0.1498787015796544}]}, "ST_tW_antitop": {"b": [{"eta_min": 0.0, "eta_max": 0.6, "pt_min": 20.0, "pt_max": 25.0, "eff": 0.8010532475131675}, {"eta_min": 0.6, "eta_max": 1.2, "pt_min": 20.0, "pt_max": 25.0, "eff": 0.8225058004640389}, {"eta_min": 1.2, "eta_max": 2.4, "pt_min": 20.0, "pt_max": 25.0, "eff": 0.7830669840190424}, {"eta_min": 0.0, "eta_max": 0.6, "pt_min": 25.0, "pt_max": 30.0, "eff": 0.846695557963165}, {"eta_min": 0.6, "eta_max": 1.2, "pt_min": 25.0, "pt_max": 30.0, "eff": 0.8351153629713015}, {"eta_min": 1.2, "eta_max": 2.4, "pt_min": 25.0, "pt_max": 30.0, "eff": 0.8113207547169823}, {"eta_min": 0.0, "eta_max": 0.6, "pt_min": 30.0, "pt_max": 35.0, "eff": 0.857491459248415}, {"eta_min": 0.6, "eta_max": 1.2, "pt_min": 30.0, "pt_max": 35.0, "eff": 0.8547425474254756}, {"eta_min": 1.2, "eta_max": 2.4, "pt_min": 30.0, "pt_max": 35.0, "eff": 0.8405289770517319}, {"eta_min": 0.0, "eta_max": 0.6, "pt_min": 35.0, "pt_max": 40.0, "eff": 0.8514182800540309}, {"eta_min": 0.6, "eta_max": 1.2, "pt_min": 35.0, "pt_max": 40.0, "eff": 0.8740384615384625}, {"eta_min": 1.2, "eta_max": 2.4, "pt_min": 35.0, "pt_max": 40.0, "eff": 0.8508771929824571}, {"eta_min": 0.0, "eta_max": 0.6, "pt_min": 40.0, "pt_max": 45.0, "eff": 0.8738551207327236}, {"eta_min": 0.6, "eta_max": 1.2, "pt_min": 40.0, "pt_max": 45.0, "eff": 0.8685821950070665}, {"eta_min": 1.2, "eta_max": 2.4, "pt_min": 40.0, "pt_max": 45.0, "eff": 0.8596000000000009}, {"eta_min": 0.0, "eta_max": 0.6, "pt_min": 45.0, "pt_max": 50.0, "eff": 0.8817733990147791}, {"eta_min": 0.6, "eta_max": 1.2, "pt_min": 45.0, "pt_max": 50.0, "eff": 0.884652049571021}, {"eta_min": 1.2, "eta_max": 2.4, "pt_min": 45.0, "pt_max": 50.0, "eff": 0.8549289711579864}, {"eta_min": 0.0, "eta_max": 0.6, "pt_min": 50.0, "pt_max": 55.0, "eff": 0.8894801473598043}, {"eta_min": 0.6, "eta_max": 1.2, "pt_min": 50.0, "pt_max": 55.0, "eff": 0.8808574277168505}, {"eta_min": 1.2, "eta_max": 2.4, "pt_min": 50.0, "pt_max": 55.0, "eff": 0.8683127572016471}, {"eta_min": 0.0, "eta_max": 0.6, "pt_min": 55.0, "pt_max": 60.0, "eff": 0.893175074183977}, {"eta_min": 0.6, "eta_max": 1.2, "pt_min": 55.0, "pt_max": 60.0, "eff": 0.9095092024539885}, {"eta_min": 1.2, "eta_max": 2.4, "pt_min": 55.0, "pt_max": 60.0, "eff": 0.8840579710144937}, {"eta_min": 0.0, "eta_max": 0.6, "pt_min": 60.0, "pt_max": 65.0, "eff": 0.890576150066995}, {"eta_min": 0.6, "eta_max": 1.2, "pt_min": 60.0, "pt_max": 65.0, "eff": 0.9026402640264035}, {"eta_min": 1.2, "eta_max": 2.4, "pt_min": 60.0, "pt_max": 65.0, "eff": 0.8736176935229079}, {"eta_min": 0.0, "eta_max": 0.6, "pt_min": 65.0, "pt_max": 70.0, "eff": 0.8889956751561758}, {"eta_min": 0.6, "eta_max": 1.2, "pt_min": 65.0, "pt_max": 70.0, "eff": 0.8959044368600693}, {"eta_min": 1.2, "eta_max": 2.4, "pt_min": 65.0, "pt_max": 70.0, "eff": 0.8909306461173692}, {"eta_min": 0.0, "eta_max": 0.6, "pt_min": 70.0, "pt_max": 75.0, "eff": 0.901804670912952}, {"eta_min": 0.6, "eta_max": 1.2, "pt_min": 70.0, "pt_max": 75.0, "eff": 0.9051186017478162}, {"eta_min": 1.2, "eta_max": 2.4, "pt_min": 70.0, "pt_max": 75.0, "eff": 0.8871892925430223}, {"eta_min": 0.0, "eta_max": 0.6, "pt_min": 75.0, "pt_max": 80.0, "eff": 0.8923418423973373}, {"eta_min": 0.6, "eta_max": 1.2, "pt_min": 75.0, "pt_max": 80.0, "eff": 0.9098532494758921}, {"eta_min": 1.2, "eta_max": 2.4, "pt_min": 75.0, "pt_max": 80.0, "eff": 0.886590584878746}, {"eta_min": 0.0, "eta_max": 0.6, "pt_min": 80.0, "pt_max": 1200.0, "eff": 0.9154113557357818}, {"eta_min": 0.6, "eta_max": 1.2, "pt_min": 80.0, "pt_max": 1200.0, "eff": 0.912456268814549}, {"eta_min": 1.2, "eta_max": 2.4, "pt_min": 80.0, "pt_max": 1200.0, "eff": 0.8917760758569959}], "c": [{"eta_min": 0.0, "eta_max": 0.6, "pt_min": 20.0, "pt_max": 25.0, "eff": 0.3693045563549167}, {"eta_min": 0.6, "eta_max": 1.2, "pt_min": 20.0, "pt_max": 25.0, "eff": 0.40310077519379806}, {"eta_min": 1.2, "eta_max": 2.4, "pt_min": 20.0, "pt_max": 25.0, "eff": 0.41120000000000645}, {"eta_min": 0.0, "eta_max": 0.6, "pt_min": 25.0, "pt_max": 1200.0, "eff": 0.4154987633965402}, {"eta_min": 0.6, "eta_max": 1.2, "pt_min": 25.0, "pt_max": 1200.0, "eff": 0.4106070713809239}, {"eta_min": 1.2, "eta_max": 2.4, "pt_min": 25.0, "pt_max": 1200.0, "eff": 0.43934522069570575}], "udsg": [{"eta_min": 0.0, "eta_max": 0.6, "pt_min": 20.0, "pt_max": 25.0, "eff": 0.07980456026058451}, {"eta_min": 0.6, "eta_max": 1.2, "pt_min": 20.0, "pt_max": 25.0, "eff": 0.10212831113152587}, {"eta_min": 1.2, "eta_max": 2.4, "pt_min": 20.0, "pt_max": 25.0, "eff": 0.1798074803438236}, {"eta_min": 0.0, "eta_max": 0.6, "pt_min": 25.0, "pt_max": 1200.0, "eff": 0.07724262868566137}, {"eta_min": 0.6, "eta_max": 1.2, "pt_min": 25.0, "pt_max": 1200.0, "eff": 0.09877011058667971}, {"eta_min": 1.2, "eta_max": 2.4, "pt_min": 25.0, "pt_max": 1200.0, "eff": 0.15619967793888828}]}, "ST_tW_top": {"b": [{"eta_min": 0.0, "eta_max": 0.6, "pt_min": 20.0, "pt_max": 25.0, "eff": 0.8075385494003409}, {"eta_min": 0.6, "eta_max": 1.2, "pt_min": 20.0, "pt_max": 25.0, "eff": 0.811666666666665}, {"eta_min": 1.2, "eta_max": 2.4, "pt_min": 20.0, "pt_max": 25.0, "eff": 0.7754629629629617}, {"eta_min": 0.0, "eta_max": 0.6, "pt_min": 25.0, "pt_max": 30.0, "eff": 0.8403193612774438}, {"eta_min": 0.6, "eta_max": 1.2, "pt_min": 25.0, "pt_max": 30.0, "eff": 0.8459530026109646}, {"eta_min": 1.2, "eta_max": 2.4, "pt_min": 25.0, "pt_max": 30.0, "eff": 0.8302020560085066}, {"eta_min": 0.0, "eta_max": 0.6, "pt_min": 30.0, "pt_max": 35.0, "eff": 0.8496204933586325}, {"eta_min": 0.6, "eta_max": 1.2, "pt_min": 30.0, "pt_max": 35.0, "eff": 0.8504624871531333}, {"eta_min": 1.2, "eta_max": 2.4, "pt_min": 30.0, "pt_max": 35.0, "eff": 0.8284753363228688}, {"eta_min": 0.0, "eta_max": 0.6, "pt_min": 35.0, "pt_max": 40.0, "eff": 0.8770562770562761}, {"eta_min": 0.6, "eta_max": 1.2, "pt_min": 35.0, "pt_max": 40.0, "eff": 0.8692307692307681}, {"eta_min": 1.2, "eta_max": 2.4, "pt_min": 35.0, "pt_max": 40.0, "eff": 0.8520642201834853}, {"eta_min": 0.0, "eta_max": 0.6, "pt_min": 40.0, "pt_max": 45.0, "eff": 0.8832989690721641}, {"eta_min": 0.6, "eta_max": 1.2, "pt_min": 40.0, "pt_max": 45.0, "eff": 0.8710736052508194}, {"eta_min": 1.2, "eta_max": 2.4, "pt_min": 40.0, "pt_max": 45.0, "eff": 0.8643216080402001}, {"eta_min": 0.0, "eta_max": 0.6, "pt_min": 45.0, "pt_max": 50.0, "eff": 0.8987804878048773}, {"eta_min": 0.6, "eta_max": 1.2, "pt_min": 45.0, "pt_max": 50.0, "eff": 0.8872710192578667}, {"eta_min": 1.2, "eta_max": 2.4, "pt_min": 45.0, "pt_max": 50.0, "eff": 0.852346278317151}, {"eta_min": 0.0, "eta_max": 0.6, "pt_min": 50.0, "pt_max": 55.0, "eff": 0.8993865030674839}, {"eta_min": 0.6, "eta_max": 1.2, "pt_min": 50.0, "pt_max": 55.0, "eff": 0.8897755610972559}, {"eta_min": 1.2, "eta_max": 2.4, "pt_min": 50.0, "pt_max": 55.0, "eff": 0.8650503202195781}, {"eta_min": 0.0, "eta_max": 0.6, "pt_min": 55.0, "pt_max": 60.0, "eff": 0.895187601957585}, {"eta_min": 0.6, "eta_max": 1.2, "pt_min": 55.0, "pt_max": 60.0, "eff": 0.8973973973973965}, {"eta_min": 1.2, "eta_max": 2.4, "pt_min": 55.0, "pt_max": 60.0, "eff": 0.8777830412126945}, {"eta_min": 0.0, "eta_max": 0.6, "pt_min": 60.0, "pt_max": 65.0, "eff": 0.8980034722222214}, {"eta_min": 0.6, "eta_max": 1.2, "pt_min": 60.0, "pt_max": 65.0, "eff": 0.8943736730360925}, {"eta_min": 1.2, "eta_max": 2.4, "pt_min": 60.0, "pt_max": 65.0, "eff": 0.8759532282663944}, {"eta_min": 0.0, "eta_max": 0.6, "pt_min": 65.0, "pt_max": 70.0, "eff": 0.8944700460829484}, {"eta_min": 0.6, "eta_max": 1.2, "pt_min": 65.0, "pt_max": 70.0, "eff": 0.8930635838150279}, {"eta_min": 1.2, "eta_max": 2.4, "pt_min": 65.0, "pt_max": 70.0, "eff": 0.8968432919954895}, {"eta_min": 0.0, "eta_max": 0.6, "pt_min": 70.0, "pt_max": 75.0, "eff": 0.8900255754475693}, {"eta_min": 0.6, "eta_max": 1.2, "pt_min": 70.0, "pt_max": 75.0, "eff": 0.9012048192771075}, {"eta_min": 1.2, "eta_max": 2.4, "pt_min": 70.0, "pt_max": 75.0, "eff": 0.8774728781110389}, {"eta_min": 0.0, "eta_max": 0.6, "pt_min": 75.0, "pt_max": 1200.0, "eff": 0.910009998889018}, {"eta_min": 0.6, "eta_max": 1.2, "pt_min": 75.0, "pt_max": 1200.0, "eff": 0.911646307606892}, {"eta_min": 1.2, "eta_max": 2.4, "pt_min": 75.0, "pt_max": 1200.0, "eff": 0.887186070769488}], "c": [{"eta_min": 0.0, "eta_max": 0.6, "pt_min": 20.0, "pt_max": 25.0, "eff": 0.36828644501278945}, {"eta_min": 0.6, "eta_max": 1.2, "pt_min": 20.0, "pt_max": 25.0, "eff": 0.3798449612403118}, {"eta_min": 1.2, "eta_max": 2.4, "pt_min": 20.0, "pt_max": 25.0, "eff": 0.4091603053435054}, {"eta_min": 0.0, "eta_max": 0.6, "pt_min": 25.0, "pt_max": 1200.0, "eff": 0.4192521877486267}, {"eta_min": 0.6, "eta_max": 1.2, "pt_min": 25.0, "pt_max": 1200.0, "eff": 0.4098819142324394}, {"eta_min": 1.2, "eta_max": 2.4, "pt_min": 25.0, "pt_max": 1200.0, "eff": 0.4294337453291257}], "udsg": [{"eta_min": 0.0, "eta_max": 0.6, "pt_min": 20.0, "pt_max": 25.0, "eff": 0.08464994926802374}, {"eta_min": 0.6, "eta_max": 1.2, "pt_min": 20.0, "pt_max": 25.0, "eff": 0.10714825449601253}, {"eta_min": 1.2, "eta_max": 2.4, "pt_min": 20.0, "pt_max": 25.0, "eff": 0.1824182200624267}, {"eta_min": 0.0, "eta_max": 0.6, "pt_min": 25.0, "pt_max": 1200.0, "eff": 0.0743697993147122}, {"eta_min": 0.6, "eta_max": 1.2, "pt_min": 25.0, "pt_max": 1200.0, "eff": 0.09546007296310842}, {"eta_min": 1.2, "eta_max": 2.4, "pt_min": 25.0, "pt_max": 1200.0, "eff": 0.1540144756773514}]}, "Signal_1000_100": {"b": [{"eta_min": 0.0, "eta_max": 0.6, "pt_min": 20.0, "pt_max": 25.0, "eff": 0.7948101444707582}, {"eta_min": 0.6, "eta_max": 1.2, "pt_min": 20.0, "pt_max": 25.0, "eff": 0.7959213294673007}, {"eta_min": 1.2, "eta_max": 2.4, "pt_min": 20.0, "pt_max": 25.0, "eff": 0.7765010734322568}, {"eta_min": 0.0, "eta_max": 0.6, "pt_min": 25.0, "pt_max": 30.0, "eff": 0.8335371408571227}, {"eta_min": 0.6, "eta_max": 1.2, "pt_min": 25.0, "pt_max": 30.0, "eff": 0.839780483930872}, {"eta_min": 1.2, "eta_max": 2.4, "pt_min": 25.0, "pt_max": 30.0, "eff": 0.8182234313647522}, {"eta_min": 0.0, "eta_max": 0.6, "pt_min": 30.0, "pt_max": 35.0, "eff": 0.8761772614299302}, {"eta_min": 0.6, "eta_max": 1.2, "pt_min": 30.0, "pt_max": 35.0, "eff": 0.8652077651248034}, {"eta_min": 1.2, "eta_max": 2.4, "pt_min": 30.0, "pt_max": 35.0, "eff": 0.8431475275741332}, {"eta_min": 0.0, "eta_max": 0.6, "pt_min": 35.0, "pt_max": 40.0, "eff": 0.8777880858881255}, {"eta_min": 0.6, "eta_max": 1.2, "pt_min": 35.0, "pt_max": 40.0, "eff": 0.8599917785399995}, {"eta_min": 1.2, "eta_max": 2.4, "pt_min": 35.0, "pt_max": 40.0, "eff": 0.8488954219975855}, {"eta_min": 0.0, "eta_max": 0.6, "pt_min": 40.0, "pt_max": 1200.0, "eff": 0.9002445084049145}, {"eta_min": 0.6, "eta_max": 1.2, "pt_min": 40.0, "pt_max": 1200.0, "eff": 0.8993084920650134}, {"eta_min": 1.2, "eta_max": 2.4, "pt_min": 40.0, "pt_max": 1200.0, "eff": 0.87414088002634}], "c": [{"eta_min": 0.0, "eta_max": 0.6, "pt_min": 20.0, "pt_max": 25.0, "eff": 0.3532150251506581}, {"eta_min": 0.6, "eta_max": 1.2, "pt_min": 20.0, "pt_max": 25.0, "eff": 0.3493439717358495}, {"eta_min": 1.2, "eta_max": 2.4, "pt_min": 20.0, "pt_max": 25.0, "eff": 0.3755980507945473}, {"eta_min": 0.0, "eta_max": 0.6, "pt_min": 25.0, "pt_max": 1200.0, "eff": 0.38277401117625753}, {"eta_min": 0.6, "eta_max": 1.2, "pt_min": 25.0, "pt_max": 1200.0, "eff": 0.4050647113148868}, {"eta_min": 1.2, "eta_max": 2.4, "pt_min": 25.0, "pt_max": 1200.0, "eff": 0.4106701921347806}], "udsg": [{"eta_min": 0.0, "eta_max": 0.6, "pt_min": 20.0, "pt_max": 25.0, "eff": 0.07093315003161603}, {"eta_min": 0.6, "eta_max": 1.2, "pt_min": 20.0, "pt_max": 25.0, "eff": 0.1045436966778099}, {"eta_min": 1.2, "eta_max": 2.4, "pt_min": 20.0, "pt_max": 25.0, "eff": 0.180889566289051}, {"eta_min": 0.0, "eta_max": 0.6, "pt_min": 25.0, "pt_max": 1200.0, "eff": 0.07177986902762905}, {"eta_min": 0.6, "eta_max": 1.2, "pt_min": 25.0, "pt_max": 1200.0, "eff": 0.09016049631518243}, {"eta_min": 1.2, "eta_max": 2.4, "pt_min": 25.0, "pt_max": 1200.0, "eff": 0.15131312780337447}]}, "WZ": {"b": [{"eta_min": 0.0, "eta_max": 0.6, "pt_min": 20.0, "pt_max": 25.0, "eff": 0.8139534883720934}, {"eta_min": 0.6, "eta_max": 1.2, "pt_min": 20.0, "pt_max": 25.0, "eff": 0.65625}, {"eta_min": 1.2, "eta_max": 2.4, "pt_min": 20.0, "pt_max": 25.0, "eff": 0.6323529411764709}, {"eta_min": 0.0, "eta_max": 0.6, "pt_min": 25.0, "pt_max": 30.0, "eff": 0.9629629629629629}, {"eta_min": 0.6, "eta_max": 1.2, "pt_min": 25.0, "pt_max": 30.0, "eff": 0.896551724137931}, {"eta_min": 1.2, "eta_max": 2.4, "pt_min": 25.0, "pt_max": 30.0, "eff": 0.6829268292682932}, {"eta_min": 0.0, "eta_max": 0.6, "pt_min": 30.0, "pt_max": 1200.0, "eff": 0.8393442622950792}, {"eta_min": 0.6, "eta_max": 1.2, "pt_min": 30.0, "pt_max": 1200.0, "eff": 0.8589743589743578}, {"eta_min": 1.2, "eta_max": 2.4, "pt_min": 30.0, "pt_max": 1200.0, "eff": 0.7891373801916897}], "c": [{"eta_min": 0.0, "eta_max": 0.6, "pt_min": 20.0, "pt_max": 25.0, "eff": 0.3736730360934147}, {"eta_min": 0.6, "eta_max": 1.2, "pt_min": 20.0, "pt_max": 25.0, "eff": 0.37580993520517975}, {"eta_min": 1.2, "eta_max": 2.4, "pt_min": 20.0, "pt_max": 25.0, "eff": 0.45259593679459026}, {"eta_min": 0.0, "eta_max": 0.6, "pt_min": 25.0, "pt_max": 1200.0, "eff": 0.4278074866309721}, {"eta_min": 0.6, "eta_max": 1.2, "pt_min": 25.0, "pt_max": 1200.0, "eff": 0.46105919003111}, {"eta_min": 1.2, "eta_max": 2.4, "pt_min": 25.0, "pt_max": 1200.0, "eff": 0.46152678706933103}], "udsg": [{"eta_min": 0.0, "eta_max": 0.6, "pt_min": 20.0, "pt_max": 25.0, "eff": 0.08446866485012719}, {"eta_min": 0.6, "eta_max": 1.2, "pt_min": 20.0, "pt_max": 25.0, "eff": 0.11377980364655094}, {"eta_min": 1.2, "eta_max": 2.4, "pt_min": 20.0, "pt_max": 25.0, "eff": 0.1882559012428442}, {"eta_min": 0.0, "eta_max": 0.6, "pt_min": 25.0, "pt_max": 1200.0, "eff": 0.07429241442203395}, {"eta_min": 0.6, "eta_max": 1.2, "pt_min": 25.0, "pt_max": 1200.0, "eff": 0.09574880931378331}, {"eta_min": 1.2, "eta_max": 2.4, "pt_min": 25.0, "pt_max": 1200.0, "eff": 0.15938983050858382}]}, "WWW": {"b": [{"eta_min": 0.0, "eta_max": 0.6, "pt_min": 20.0, "pt_max": 1200.0, "eff": 1.0}, {"eta_min": 0.6, "eta_max": 1.2, "pt_min": 20.0, "pt_max": 1200.0, "eff": 1.0}, {"eta_min": 1.2, "eta_max": 2.4, "pt_min": 20.0, "pt_max": 1200.0, "eff": 0.923076923076923}], "c": [{"eta_min": 0.0, "eta_max": 0.6, "pt_min": 20.0, "pt_max": 1200.0, "eff": 0.38764044943820236}, {"eta_min": 0.6, "eta_max": 1.2, "pt_min": 20.0, "pt_max": 1200.0, "eff": 0.5153846153846169}, {"eta_min": 1.2, "eta_max": 2.4, "pt_min": 20.0, "pt_max": 1200.0, "eff": 0.4691943127962071}], "udsg": [{"eta_min": 0.0, "eta_max": 0.6, "pt_min": 20.0, "pt_max": 25.0, "eff": 0.08256880733944967}, {"eta_min": 0.6, "eta_max": 1.2, "pt_min": 20.0, "pt_max": 25.0, "eff": 0.09259259259259274}, {"eta_min": 1.2, "eta_max": 2.4, "pt_min": 20.0, "pt_max": 25.0, "eff": 0.2194092827004214}, {"eta_min": 0.0, "eta_max": 0.6, "pt_min": 25.0, "pt_max": 30.0, "eff": 0.12727272727272748}, {"eta_min": 0.6, "eta_max": 1.2, "pt_min": 25.0, "pt_max": 30.0, "eff": 0.11111111111111129}, {"eta_min": 1.2, "eta_max": 2.4, "pt_min": 25.0, "pt_max": 30.0, "eff": 0.15862068965517265}, {"eta_min": 0.0, "eta_max": 0.6, "pt_min": 30.0, "pt_max": 1200.0, "eff": 0.07105943152454744}, {"eta_min": 0.6, "eta_max": 1.2, "pt_min": 30.0, "pt_max": 1200.0, "eff": 0.08751793400286935}, {"eta_min": 1.2, "eta_max": 2.4, "pt_min": 30.0, "pt_max": 1200.0, "eff": 0.1547131147540962}]}, "WWZ": {"b": [{"eta_min": 0.0, "eta_max": 0.6, "pt_min": 20.0, "pt_max": 1200.0, "eff": 0.923913043478261}, {"eta_min": 0.6, "eta_max": 1.2, "pt_min": 20.0, "pt_max": 1200.0, "eff": 0.8857142857142857}, {"eta_min": 1.2, "eta_max": 2.4, "pt_min": 20.0, "pt_max": 1200.0, "eff": 0.8130841121495328}], "c": [{"eta_min": 0.0, "eta_max": 0.6, "pt_min": 20.0, "pt_max": 25.0, "eff": 0.3333333333333333}, {"eta_min": 0.6, "eta_max": 1.2, "pt_min": 20.0, "pt_max": 25.0, "eff": 0.41860465116279066}, {"eta_min": 1.2, "eta_max": 2.4, "pt_min": 20.0, "pt_max": 25.0, "eff": 0.3620689655172414}, {"eta_min": 0.0, "eta_max": 0.6, "pt_min": 25.0, "pt_max": 1200.0, "eff": 0.4254966887417253}, {"eta_min": 0.6, "eta_max": 1.2, "pt_min": 25.0, "pt_max": 1200.0, "eff": 0.49369369369369703}, {"eta_min": 1.2, "eta_max": 2.4, "pt_min": 25.0, "pt_max": 1200.0, "eff": 0.5073825503355729}], "udsg": [{"eta_min": 0.0, "eta_max": 0.6, "pt_min": 20.0, "pt_max": 25.0, "eff": 0.11029411764706004}, {"eta_min": 0.6, "eta_max": 1.2, "pt_min": 20.0, "pt_max": 25.0, "eff": 0.10948905109489172}, {"eta_min": 1.2, "eta_max": 2.4, "pt_min": 20.0, "pt_max": 25.0, "eff": 0.17861975642760755}, {"eta_min": 0.0, "eta_max": 0.6, "pt_min": 25.0, "pt_max": 1200.0, "eff": 0.0847299813780271}, {"eta_min": 0.6, "eta_max": 1.2, "pt_min": 25.0, "pt_max": 1200.0, "eff": 0.11444521981856359}, {"eta_min": 1.2, "eta_max": 2.4, "pt_min": 25.0, "pt_max": 1200.0, "eff": 0.1600638128157413}]}, "WZZ": {"b": [{"eta_min": 0.0, "eta_max": 0.6, "pt_min": 20.0, "pt_max": 25.0, "eff": 0.857142857142857}, {"eta_min": 0.6, "eta_max": 1.2, "pt_min": 20.0, "pt_max": 25.0, "eff": 0.7659574468085103}, {"eta_min": 1.2, "eta_max": 2.4, "pt_min": 20.0, "pt_max": 25.0, "eff": 0.7681159420289854}, {"eta_min": 0.0, "eta_max": 0.6, "pt_min": 25.0, "pt_max": 1200.0, "eff": 0.8617449664429498}, {"eta_min": 0.6, "eta_max": 1.2, "pt_min": 25.0, "pt_max": 1200.0, "eff": 0.8887323943661944}, {"eta_min": 1.2, "eta_max": 2.4, "pt_min": 25.0, "pt_max": 1200.0, "eff": 0.8863636363636338}], "c": [{"eta_min": 0.0, "eta_max": 0.6, "pt_min": 20.0, "pt_max": 25.0, "eff": 0.41747572815533945}, {"eta_min": 0.6, "eta_max": 1.2, "pt_min": 20.0, "pt_max": 25.0, "eff": 0.3577981651376143}, {"eta_min": 1.2, "eta_max": 2.4, "pt_min": 20.0, "pt_max": 25.0, "eff": 0.40372670807453387}, {"eta_min": 0.0, "eta_max": 0.6, "pt_min": 25.0, "pt_max": 1200.0, "eff": 0.42950819672132257}, {"eta_min": 0.6, "eta_max": 1.2, "pt_min": 25.0, "pt_max": 1200.0, "eff": 0.4445312500000056}, {"eta_min": 1.2, "eta_max": 2.4, "pt_min": 25.0, "pt_max": 1200.0, "eff": 0.48666271487849994}], "udsg": [{"eta_min": 0.0, "eta_max": 0.6, "pt_min": 20.0, "pt_max": 25.0, "eff": 0.07939698492462312}, {"eta_min": 0.6, "eta_max": 1.2, "pt_min": 20.0, "pt_max": 25.0, "eff": 0.11866235167205981}, {"eta_min": 1.2, "eta_max": 2.4, "pt_min": 20.0, "pt_max": 25.0, "eff": 0.17303493449782104}, {"eta_min": 0.0, "eta_max": 0.6, "pt_min": 25.0, "pt_max": 1200.0, "eff": 0.08322630362187797}, {"eta_min": 0.6, "eta_max": 1.2, "pt_min": 25.0, "pt_max": 1200.0, "eff": 0.10343827070940681}, {"eta_min": 1.2, "eta_max": 2.4, "pt_min": 25.0, "pt_max": 1200.0, "eff": 0.16301862136554723}]}, "TTGamma": {"b": [{"eta_min": 0.0, "eta_max": 0.6, "pt_min": 20.0, "pt_max": 25.0, "eff": 0.8070410902333549}, {"eta_min": 0.6, "eta_max": 1.2, "pt_min": 20.0, "pt_max": 25.0, "eff": 0.8120514865019101}, {"eta_min": 1.2, "eta_max": 2.4, "pt_min": 20.0, "pt_max": 25.0, "eff": 0.7836411609498937}, {"eta_min": 0.0, "eta_max": 0.6, "pt_min": 25.0, "pt_max": 30.0, "eff": 0.8454242051642562}, {"eta_min": 0.6, "eta_max": 1.2, "pt_min": 25.0, "pt_max": 30.0, "eff": 0.8464519976148102}, {"eta_min": 1.2, "eta_max": 2.4, "pt_min": 25.0, "pt_max": 30.0, "eff": 0.8222534332085093}, {"eta_min": 0.0, "eta_max": 0.6, "pt_min": 30.0, "pt_max": 35.0, "eff": 0.8521629897150201}, {"eta_min": 0.6, "eta_max": 1.2, "pt_min": 30.0, "pt_max": 35.0, "eff": 0.8658427368798309}, {"eta_min": 1.2, "eta_max": 2.4, "pt_min": 30.0, "pt_max": 35.0, "eff": 0.8412389645369017}, {"eta_min": 0.0, "eta_max": 0.6, "pt_min": 35.0, "pt_max": 40.0, "eff": 0.8705969595847375}, {"eta_min": 0.6, "eta_max": 1.2, "pt_min": 35.0, "pt_max": 40.0, "eff": 0.8707344055825194}, {"eta_min": 1.2, "eta_max": 2.4, "pt_min": 35.0, "pt_max": 40.0, "eff": 0.8535930154466241}, {"eta_min": 0.0, "eta_max": 0.6, "pt_min": 40.0, "pt_max": 45.0, "eff": 0.881791217536003}, {"eta_min": 0.6, "eta_max": 1.2, "pt_min": 40.0, "pt_max": 45.0, "eff": 0.8879797070616284}, {"eta_min": 1.2, "eta_max": 2.4, "pt_min": 40.0, "pt_max": 45.0, "eff": 0.855194606190638}, {"eta_min": 0.0, "eta_max": 0.6, "pt_min": 45.0, "pt_max": 50.0, "eff": 0.8894418769996558}, {"eta_min": 0.6, "eta_max": 1.2, "pt_min": 45.0, "pt_max": 50.0, "eff": 0.882521248842899}, {"eta_min": 1.2, "eta_max": 2.4, "pt_min": 45.0, "pt_max": 50.0, "eff": 0.8662005028284249}, {"eta_min": 0.0, "eta_max": 0.6, "pt_min": 50.0, "pt_max": 55.0, "eff": 0.8857680613870106}, {"eta_min": 0.6, "eta_max": 1.2, "pt_min": 50.0, "pt_max": 55.0, "eff": 0.8953916243210225}, {"eta_min": 1.2, "eta_max": 2.4, "pt_min": 50.0, "pt_max": 55.0, "eff": 0.8711901004900079}, {"eta_min": 0.0, "eta_max": 0.6, "pt_min": 55.0, "pt_max": 60.0, "eff": 0.8953585219959226}, {"eta_min": 0.6, "eta_max": 1.2, "pt_min": 55.0, "pt_max": 60.0, "eff": 0.8935433931336083}, {"eta_min": 1.2, "eta_max": 2.4, "pt_min": 55.0, "pt_max": 60.0, "eff": 0.874357155524045}, {"eta_min": 0.0, "eta_max": 0.6, "pt_min": 60.0, "pt_max": 65.0, "eff": 0.8968279397629083}, {"eta_min": 0.6, "eta_max": 1.2, "pt_min": 60.0, "pt_max": 65.0, "eff": 0.8990790483499755}, {"eta_min": 1.2, "eta_max": 2.4, "pt_min": 60.0, "pt_max": 65.0, "eff": 0.8682384257058835}, {"eta_min": 0.0, "eta_max": 0.6, "pt_min": 65.0, "pt_max": 70.0, "eff": 0.9017241379310467}, {"eta_min": 0.6, "eta_max": 1.2, "pt_min": 65.0, "pt_max": 70.0, "eff": 0.9020008166598755}, {"eta_min": 1.2, "eta_max": 2.4, "pt_min": 65.0, "pt_max": 70.0, "eff": 0.8777083333333516}, {"eta_min": 0.0, "eta_max": 0.6, "pt_min": 70.0, "pt_max": 75.0, "eff": 0.9068844175764805}, {"eta_min": 0.6, "eta_max": 1.2, "pt_min": 70.0, "pt_max": 75.0, "eff": 0.9027977441114827}, {"eta_min": 1.2, "eta_max": 2.4, "pt_min": 70.0, "pt_max": 75.0, "eff": 0.879031332491699}, {"eta_min": 0.0, "eta_max": 0.6, "pt_min": 75.0, "pt_max": 80.0, "eff": 0.9067284448025921}, {"eta_min": 0.6, "eta_max": 1.2, "pt_min": 75.0, "pt_max": 80.0, "eff": 0.8978424126832931}, {"eta_min": 1.2, "eta_max": 2.4, "pt_min": 75.0, "pt_max": 80.0, "eff": 0.8832090008560801}, {"eta_min": 0.0, "eta_max": 0.6, "pt_min": 80.0, "pt_max": 85.0, "eff": 0.9080312266067941}, {"eta_min": 0.6, "eta_max": 1.2, "pt_min": 80.0, "pt_max": 85.0, "eff": 0.9077203015336798}, {"eta_min": 1.2, "eta_max": 2.4, "pt_min": 80.0, "pt_max": 85.0, "eff": 0.8841471754890119}, {"eta_min": 0.0, "eta_max": 0.6, "pt_min": 85.0, "pt_max": 1200.0, "eff": 0.9130997834196528}, {"eta_min": 0.6, "eta_max": 1.2, "pt_min": 85.0, "pt_max": 1200.0, "eff": 0.9142448852545173}, {"eta_min": 1.2, "eta_max": 2.4, "pt_min": 85.0, "pt_max": 1200.0, "eff": 0.8912974498569928}], "c": [{"eta_min": 0.0, "eta_max": 0.6, "pt_min": 20.0, "pt_max": 25.0, "eff": 0.361502347417841}, {"eta_min": 0.6, "eta_max": 1.2, "pt_min": 20.0, "pt_max": 25.0, "eff": 0.382620882971269}, {"eta_min": 1.2, "eta_max": 2.4, "pt_min": 20.0, "pt_max": 25.0, "eff": 0.39395194697596103}, {"eta_min": 0.0, "eta_max": 0.6, "pt_min": 25.0, "pt_max": 1200.0, "eff": 0.3690170441280003}, {"eta_min": 0.6, "eta_max": 1.2, "pt_min": 25.0, "pt_max": 1200.0, "eff": 0.37956298200518507}, {"eta_min": 1.2, "eta_max": 2.4, "pt_min": 25.0, "pt_max": 1200.0, "eff": 0.40918934186996014}], "udsg": [{"eta_min": 0.0, "eta_max": 0.6, "pt_min": 20.0, "pt_max": 25.0, "eff": 0.07920954674840604}, {"eta_min": 0.6, "eta_max": 1.2, "pt_min": 20.0, "pt_max": 25.0, "eff": 0.10336509827280584}, {"eta_min": 1.2, "eta_max": 2.4, "pt_min": 20.0, "pt_max": 25.0, "eff": 0.17870049748203598}, {"eta_min": 0.0, "eta_max": 0.6, "pt_min": 25.0, "pt_max": 1200.0, "eff": 0.10767337749057546}, {"eta_min": 0.6, "eta_max": 1.2, "pt_min": 25.0, "pt_max": 1200.0, "eff": 0.12387346125908207}, {"eta_min": 1.2, "eta_max": 2.4, "pt_min": 25.0, "pt_max": 1200.0, "eff": 0.17356118557079706}]}, "DYJetsToLL": {"b": [{"eta_min": 0.0, "eta_max": 0.6, "pt_min": 20.0, "pt_max": 25.0, "eff": 0.7751452838622871}, {"eta_min": 0.6, "eta_max": 1.2, "pt_min": 20.0, "pt_max": 25.0, "eff": 0.7891737891737608}, {"eta_min": 1.2, "eta_max": 2.4, "pt_min": 20.0, "pt_max": 25.0, "eff": 0.7510140405616005}, {"eta_min": 0.0, "eta_max": 0.6, "pt_min": 25.0, "pt_max": 30.0, "eff": 0.8147073052733176}, {"eta_min": 0.6, "eta_max": 1.2, "pt_min": 25.0, "pt_max": 30.0, "eff": 0.8229220443985326}, {"eta_min": 1.2, "eta_max": 2.4, "pt_min": 25.0, "pt_max": 30.0, "eff": 0.7962495492246456}, {"eta_min": 0.0, "eta_max": 0.6, "pt_min": 30.0, "pt_max": 35.0, "eff": 0.8521303258145153}, {"eta_min": 0.6, "eta_max": 1.2, "pt_min": 30.0, "pt_max": 35.0, "eff": 0.8455723542116463}, {"eta_min": 1.2, "eta_max": 2.4, "pt_min": 30.0, "pt_max": 35.0, "eff": 0.8195312499999801}, {"eta_min": 0.0, "eta_max": 0.6, "pt_min": 35.0, "pt_max": 40.0, "eff": 0.8531044926804434}, {"eta_min": 0.6, "eta_max": 1.2, "pt_min": 35.0, "pt_max": 40.0, "eff": 0.8422489082969281}, {"eta_min": 1.2, "eta_max": 2.4, "pt_min": 35.0, "pt_max": 40.0, "eff": 0.8436285097192033}, {"eta_min": 0.0, "eta_max": 0.6, "pt_min": 40.0, "pt_max": 45.0, "eff": 0.847288046340159}, {"eta_min": 0.6, "eta_max": 1.2, "pt_min": 40.0, "pt_max": 45.0, "eff": 0.8642857142857114}, {"eta_min": 1.2, "eta_max": 2.4, "pt_min": 40.0, "pt_max": 45.0, "eff": 0.8489483747609738}, {"eta_min": 0.0, "eta_max": 0.6, "pt_min": 45.0, "pt_max": 1200.0, "eff": 0.8894823043509293}, {"eta_min": 0.6, "eta_max": 1.2, "pt_min": 45.0, "pt_max": 1200.0, "eff": 0.888973255715861}, {"eta_min": 1.2, "eta_max": 2.4, "pt_min": 45.0, "pt_max": 1200.0, "eff": 0.8702174407152147}], "c": [{"eta_min": 0.0, "eta_max": 0.6, "pt_min": 20.0, "pt_max": 25.0, "eff": 0.3595584781587521}, {"eta_min": 0.6, "eta_max": 1.2, "pt_min": 20.0, "pt_max": 25.0, "eff": 0.3834355828220703}, {"eta_min": 1.2, "eta_max": 2.4, "pt_min": 20.0, "pt_max": 25.0, "eff": 0.40006056935195544}, {"eta_min": 0.0, "eta_max": 0.6, "pt_min": 25.0, "pt_max": 30.0, "eff": 0.3726456099680991}, {"eta_min": 0.6, "eta_max": 1.2, "pt_min": 25.0, "pt_max": 30.0, "eff": 0.3947692307691978}, {"eta_min": 1.2, "eta_max": 2.4, "pt_min": 25.0, "pt_max": 30.0, "eff": 0.42589867563591904}, {"eta_min": 0.0, "eta_max": 0.6, "pt_min": 30.0, "pt_max": 1200.0, "eff": 0.39664437917871165}, {"eta_min": 0.6, "eta_max": 1.2, "pt_min": 30.0, "pt_max": 1200.0, "eff": 0.4242967210176819}, {"eta_min": 1.2, "eta_max": 2.4, "pt_min": 30.0, "pt_max": 1200.0, "eff": 0.4345089656807698}], "udsg": [{"eta_min": 0.0, "eta_max": 0.6, "pt_min": 20.0, "pt_max": 25.0, "eff": 0.07256671680872762}, {"eta_min": 0.6, "eta_max": 1.2, "pt_min": 20.0, "pt_max": 25.0, "eff": 0.10479377340130218}, {"eta_min": 1.2, "eta_max": 2.4, "pt_min": 20.0, "pt_max": 25.0, "eff": 0.1847107495768778}, {"eta_min": 0.0, "eta_max": 0.6, "pt_min": 25.0, "pt_max": 1200.0, "eff": 0.058547442895344005}, {"eta_min": 0.6, "eta_max": 1.2, "pt_min": 25.0, "pt_max": 1200.0, "eff": 0.08196185564331988}, {"eta_min": 1.2, "eta_max": 2.4, "pt_min": 25.0, "pt_max": 1200.0, "eff": 0.14893900554223286}]}}