{"Signal_800_200": {"b": [{"eta_min": 0.0, "eta_max": 0.6, "pt_min": 20.0, "pt_max": 25.0, "eff": 0.8370221691345077}, {"eta_min": 0.6, "eta_max": 1.2, "pt_min": 20.0, "pt_max": 25.0, "eff": 0.8304359645044421}, {"eta_min": 1.2, "eta_max": 2.4, "pt_min": 20.0, "pt_max": 25.0, "eff": 0.7992032973445954}, {"eta_min": 0.0, "eta_max": 0.6, "pt_min": 25.0, "pt_max": 30.0, "eff": 0.8633816520130049}, {"eta_min": 0.6, "eta_max": 1.2, "pt_min": 25.0, "pt_max": 30.0, "eff": 0.8578451146518975}, {"eta_min": 1.2, "eta_max": 2.4, "pt_min": 25.0, "pt_max": 30.0, "eff": 0.8275143942034963}, {"eta_min": 0.0, "eta_max": 0.6, "pt_min": 30.0, "pt_max": 35.0, "eff": 0.8731981274860926}, {"eta_min": 0.6, "eta_max": 1.2, "pt_min": 30.0, "pt_max": 35.0, "eff": 0.868046042052801}, {"eta_min": 1.2, "eta_max": 2.4, "pt_min": 30.0, "pt_max": 35.0, "eff": 0.8455003959464777}, {"eta_min": 0.0, "eta_max": 0.6, "pt_min": 35.0, "pt_max": 1500.0, "eff": 0.9081042918638199}, {"eta_min": 0.6, "eta_max": 1.2, "pt_min": 35.0, "pt_max": 1500.0, "eff": 0.8981963051392551}, {"eta_min": 1.2, "eta_max": 2.4, "pt_min": 35.0, "pt_max": 1500.0, "eff": 0.8692157279898196}], "c": [{"eta_min": 0.0, "eta_max": 0.6, "pt_min": 20.0, "pt_max": 25.0, "eff": 0.4087493475617594}, {"eta_min": 0.6, "eta_max": 1.2, "pt_min": 20.0, "pt_max": 25.0, "eff": 0.4169783584443989}, {"eta_min": 1.2, "eta_max": 2.4, "pt_min": 20.0, "pt_max": 25.0, "eff": 0.4411723931773621}, {"eta_min": 0.0, "eta_max": 0.6, "pt_min": 25.0, "pt_max": 1500.0, "eff": 0.37063224773892944}, {"eta_min": 0.6, "eta_max": 1.2, "pt_min": 25.0, "pt_max": 1500.0, "eff": 0.39423438854560233}, {"eta_min": 1.2, "eta_max": 2.4, "pt_min": 25.0, "pt_max": 1500.0, "eff": 0.35561532920992667}], "udsg": [{"eta_min": 0.0, "eta_max": 0.6, "pt_min": 20.0, "pt_max": 25.0, "eff": 0.21379608267214964}, {"eta_min": 0.6, "eta_max": 1.2, "pt_min": 20.0, "pt_max": 25.0, "eff": 0.23104860878568453}, {"eta_min": 1.2, "eta_max": 2.4, "pt_min": 20.0, "pt_max": 25.0, "eff": 0.34965406380697694}, {"eta_min": 0.0, "eta_max": 0.6, "pt_min": 25.0, "pt_max": 1500.0, "eff": 0.09541120349720422}, {"eta_min": 0.6, "eta_max": 1.2, "pt_min": 25.0, "pt_max": 1500.0, "eff": 0.10009612933993696}, {"eta_min": 1.2, "eta_max": 2.4, "pt_min": 25.0, "pt_max": 1500.0, "eff": 0.15684393463102508}]}, "Signal_400_100": {"b": [{"eta_min": 0.0, "eta_max": 0.6, "pt_min": 20.0, "pt_max": 25.0, "eff": 0.8460733186735454}, {"eta_min": 0.6, "eta_max": 1.2, "pt_min": 20.0, "pt_max": 25.0, "eff": 0.8399717617136702}, {"eta_min": 1.2, "eta_max": 2.4, "pt_min": 20.0, "pt_max": 25.0, "eff": 0.810135397219846}, {"eta_min": 0.0, "eta_max": 0.6, "pt_min": 25.0, "pt_max": 30.0, "eff": 0.8719833945869393}, {"eta_min": 0.6, "eta_max": 1.2, "pt_min": 25.0, "pt_max": 30.0, "eff": 0.8562808067425213}, {"eta_min": 1.2, "eta_max": 2.4, "pt_min": 25.0, "pt_max": 30.0, "eff": 0.830856390470397}, {"eta_min": 0.0, "eta_max": 0.6, "pt_min": 30.0, "pt_max": 1500.0, "eff": 0.8984563787544358}, {"eta_min": 0.6, "eta_max": 1.2, "pt_min": 30.0, "pt_max": 1500.0, "eff": 0.8830143811352943}, {"eta_min": 1.2, "eta_max": 2.4, "pt_min": 30.0, "pt_max": 1500.0, "eff": 0.8653020137344386}], "c": [{"eta_min": 0.0, "eta_max": 0.6, "pt_min": 20.0, "pt_max": 25.0, "eff": 0.445157978343493}, {"eta_min": 0.6, "eta_max": 1.2, "pt_min": 20.0, "pt_max": 25.0, "eff": 0.38870802235888474}, {"eta_min": 1.2, "eta_max": 2.4, "pt_min": 20.0, "pt_max": 25.0, "eff": 0.4518341232716741}, {"eta_min": 0.0, "eta_max": 0.6, "pt_min": 25.0, "pt_max": 1500.0, "eff": 0.3509652701549519}, {"eta_min": 0.6, "eta_max": 1.2, "pt_min": 25.0, "pt_max": 1500.0, "eff": 0.35937674816048815}, {"eta_min": 1.2, "eta_max": 2.4, "pt_min": 25.0, "pt_max": 1500.0, "eff": 0.35135511360874366}], "udsg": [{"eta_min": 0.0, "eta_max": 0.6, "pt_min": 20.0, "pt_max": 25.0, "eff": 0.22566973452371206}, {"eta_min": 0.6, "eta_max": 1.2, "pt_min": 20.0, "pt_max": 25.0, "eff": 0.2398501307880517}, {"eta_min": 1.2, "eta_max": 2.4, "pt_min": 20.0, "pt_max": 25.0, "eff": 0.3541277117755998}, {"eta_min": 0.0, "eta_max": 0.6, "pt_min": 25.0, "pt_max": 1500.0, "eff": 0.12023452196829078}, {"eta_min": 0.6, "eta_max": 1.2, "pt_min": 25.0, "pt_max": 1500.0, "eff": 0.1263037612299933}, {"eta_min": 1.2, "eta_max": 2.4, "pt_min": 25.0, "pt_max": 1500.0, "eff": 0.17294368965490708}]}, "ST_t-channel_antitop": {"b": [{"eta_min": 0.0, "eta_max": 0.6, "pt_min": 20.0, "pt_max": 25.0, "eff": 0.8120805369127514}, {"eta_min": 0.6, "eta_max": 1.2, "pt_min": 20.0, "pt_max": 25.0, "eff": 0.870503597122302}, {"eta_min": 1.2, "eta_max": 2.4, "pt_min": 20.0, "pt_max": 25.0, "eff": 0.800884955752215}, {"eta_min": 0.0, "eta_max": 0.6, "pt_min": 25.0, "pt_max": 1500.0, "eff": 0.9040565561353268}, {"eta_min": 0.6, "eta_max": 1.2, "pt_min": 25.0, "pt_max": 1500.0, "eff": 0.8926868044515051}, {"eta_min": 1.2, "eta_max": 2.4, "pt_min": 25.0, "pt_max": 1500.0, "eff": 0.8822968332697388}], "c": [{"eta_min": 0.0, "eta_max": 0.6, "pt_min": 20.0, "pt_max": 25.0, "eff": 0.5555555555555556}, {"eta_min": 0.6, "eta_max": 1.2, "pt_min": 20.0, "pt_max": 25.0, "eff": 0.5588235294117647}, {"eta_min": 1.2, "eta_max": 2.4, "pt_min": 20.0, "pt_max": 25.0, "eff": 0.5151515151515139}, {"eta_min": 0.0, "eta_max": 0.6, "pt_min": 25.0, "pt_max": 1500.0, "eff": 0.3655030800821399}, {"eta_min": 0.6, "eta_max": 1.2, "pt_min": 25.0, "pt_max": 1500.0, "eff": 0.37603305785124413}, {"eta_min": 1.2, "eta_max": 2.4, "pt_min": 25.0, "pt_max": 1500.0, "eff": 0.39648437500000216}], "udsg": [{"eta_min": 0.0, "eta_max": 0.6, "pt_min": 20.0, "pt_max": 25.0, "eff": 0.22563176895307135}, {"eta_min": 0.6, "eta_max": 1.2, "pt_min": 20.0, "pt_max": 25.0, "eff": 0.25040650406504394}, {"eta_min": 1.2, "eta_max": 2.4, "pt_min": 20.0, "pt_max": 25.0, "eff": 0.3884795713328883}, {"eta_min": 0.0, "eta_max": 0.6, "pt_min": 25.0, "pt_max": 1500.0, "eff": 0.10388548057259181}, {"eta_min": 0.6, "eta_max": 1.2, "pt_min": 25.0, "pt_max": 1500.0, "eff": 0.11307420494699001}, {"eta_min": 1.2, "eta_max": 2.4, "pt_min": 25.0, "pt_max": 1500.0, "eff": 0.18186895011166898}]}, "ZGToLLG": {"b": [{"eta_min": 0.0, "eta_max": 0.6, "pt_min": 20.0, "pt_max": 25.0, "eff": 0.8081023454157743}, {"eta_min": 0.6, "eta_max": 1.2, "pt_min": 20.0, "pt_max": 25.0, "eff": 0.9268292682926812}, {"eta_min": 1.2, "eta_max": 2.4, "pt_min": 20.0, "pt_max": 25.0, "eff": 0.7876884422110614}, {"eta_min": 0.0, "eta_max": 0.6, "pt_min": 25.0, "pt_max": 30.0, "eff": 0.860091743119263}, {"eta_min": 0.6, "eta_max": 1.2, "pt_min": 25.0, "pt_max": 30.0, "eff": 0.8386308068459619}, {"eta_min": 1.2, "eta_max": 2.4, "pt_min": 25.0, "pt_max": 30.0, "eff": 0.8089887640449408}, {"eta_min": 0.0, "eta_max": 0.6, "pt_min": 30.0, "pt_max": 1500.0, "eff": 0.8892771749126489}, {"eta_min": 0.6, "eta_max": 1.2, "pt_min": 30.0, "pt_max": 1500.0, "eff": 0.884333821376297}, {"eta_min": 1.2, "eta_max": 2.4, "pt_min": 30.0, "pt_max": 1500.0, "eff": 0.8492980273680472}], "c": [{"eta_min": 0.0, "eta_max": 0.6, "pt_min": 20.0, "pt_max": 25.0, "eff": 0.41136556403732805}, {"eta_min": 0.6, "eta_max": 1.2, "pt_min": 20.0, "pt_max": 25.0, "eff": 0.4193548387096866}, {"eta_min": 1.2, "eta_max": 2.4, "pt_min": 20.0, "pt_max": 25.0, "eff": 0.4617563739376626}, {"eta_min": 0.0, "eta_max": 0.6, "pt_min": 25.0, "pt_max": 1500.0, "eff": 0.3881292973997243}, {"eta_min": 0.6, "eta_max": 1.2, "pt_min": 25.0, "pt_max": 1500.0, "eff": 0.3992315433170863}, {"eta_min": 1.2, "eta_max": 2.4, "pt_min": 25.0, "pt_max": 1500.0, "eff": 0.40204441311233213}], "udsg": [{"eta_min": 0.0, "eta_max": 0.6, "pt_min": 20.0, "pt_max": 25.0, "eff": 0.22053849276139958}, {"eta_min": 0.6, "eta_max": 1.2, "pt_min": 20.0, "pt_max": 25.0, "eff": 0.2523284951065244}, {"eta_min": 1.2, "eta_max": 2.4, "pt_min": 20.0, "pt_max": 25.0, "eff": 0.37117133628136767}, {"eta_min": 0.0, "eta_max": 0.6, "pt_min": 25.0, "pt_max": 1500.0, "eff": 0.14487525905744275}, {"eta_min": 0.6, "eta_max": 1.2, "pt_min": 25.0, "pt_max": 1500.0, "eff": 0.150630561424016}, {"eta_min": 1.2, "eta_max": 2.4, "pt_min": 25.0, "pt_max": 1500.0, "eff": 0.1915213699624174}]}, "Signal_600_200": {"b": [{"eta_min": 0.0, "eta_max": 0.6, "pt_min": 20.0, "pt_max": 25.0, "eff": 0.837095907904981}, {"eta_min": 0.6, "eta_max": 1.2, "pt_min": 20.0, "pt_max": 25.0, "eff": 0.8182352212625497}, {"eta_min": 1.2, "eta_max": 2.4, "pt_min": 20.0, "pt_max": 25.0, "eff": 0.8057947823805094}, {"eta_min": 0.0, "eta_max": 0.6, "pt_min": 25.0, "pt_max": 30.0, "eff": 0.8582255721701102}, {"eta_min": 0.6, "eta_max": 1.2, "pt_min": 25.0, "pt_max": 30.0, "eff": 0.8593843747845709}, {"eta_min": 1.2, "eta_max": 2.4, "pt_min": 25.0, "pt_max": 30.0, "eff": 0.8143335225042614}, {"eta_min": 0.0, "eta_max": 0.6, "pt_min": 30.0, "pt_max": 35.0, "eff": 0.8781011594342335}, {"eta_min": 0.6, "eta_max": 1.2, "pt_min": 30.0, "pt_max": 35.0, "eff": 0.8824393265732631}, {"eta_min": 1.2, "eta_max": 2.4, "pt_min": 30.0, "pt_max": 35.0, "eff": 0.839752651606502}, {"eta_min": 0.0, "eta_max": 0.6, "pt_min": 35.0, "pt_max": 1500.0, "eff": 0.9023880994448112}, {"eta_min": 0.6, "eta_max": 1.2, "pt_min": 35.0, "pt_max": 1500.0, "eff": 0.8935899393284646}, {"eta_min": 1.2, "eta_max": 2.4, "pt_min": 35.0, "pt_max": 1500.0, "eff": 0.86633191939985}], "c": [{"eta_min": 0.0, "eta_max": 0.6, "pt_min": 20.0, "pt_max": 25.0, "eff": 0.3944144059962566}, {"eta_min": 0.6, "eta_max": 1.2, "pt_min": 20.0, "pt_max": 25.0, "eff": 0.38962454981121636}, {"eta_min": 1.2, "eta_max": 2.4, "pt_min": 20.0, "pt_max": 25.0, "eff": 0.46336294685681134}, {"eta_min": 0.0, "eta_max": 0.6, "pt_min": 25.0, "pt_max": 1500.0, "eff": 0.358897457105394}, {"eta_min": 0.6, "eta_max": 1.2, "pt_min": 25.0, "pt_max": 1500.0, "eff": 0.3616969403215136}, {"eta_min": 1.2, "eta_max": 2.4, "pt_min": 25.0, "pt_max": 1500.0, "eff": 0.3505172875830736}], "udsg": [{"eta_min": 0.0, "eta_max": 0.6, "pt_min": 20.0, "pt_max": 25.0, "eff": 0.21573720562796814}, {"eta_min": 0.6, "eta_max": 1.2, "pt_min": 20.0, "pt_max": 25.0, "eff": 0.24010029979322434}, {"eta_min": 1.2, "eta_max": 2.4, "pt_min": 20.0, "pt_max": 25.0, "eff": 0.35454167329736497}, {"eta_min": 0.0, "eta_max": 0.6, "pt_min": 25.0, "pt_max": 1500.0, "eff": 0.10732994055468927}, {"eta_min": 0.6, "eta_max": 1.2, "pt_min": 25.0, "pt_max": 1500.0, "eff": 0.10852203689781416}, {"eta_min": 1.2, "eta_max": 2.4, "pt_min": 25.0, "pt_max": 1500.0, "eff": 0.16400341271701002}]}, "ZZZ": {"b": [{"eta_min": 0.0, "eta_max": 0.6, "pt_min": 20.0, "pt_max": 25.0, "eff": 0.9062499981339991}, {"eta_min": 0.6, "eta_max": 1.2, "pt_min": 20.0, "pt_max": 25.0, "eff": 0.863636373854464}, {"eta_min": 1.2, "eta_max": 2.4, "pt_min": 20.0, "pt_max": 25.0, "eff": 0.7826086973519711}, {"eta_min": 0.0, "eta_max": 0.6, "pt_min": 25.0, "pt_max": 30.0, "eff": 0.7857142903020048}, {"eta_min": 0.6, "eta_max": 1.2, "pt_min": 25.0, "pt_max": 30.0, "eff": 0.9615384588781275}, {"eta_min": 1.2, "eta_max": 2.4, "pt_min": 25.0, "pt_max": 30.0, "eff": 0.8108108074445843}, {"eta_min": 0.0, "eta_max": 0.6, "pt_min": 30.0, "pt_max": 1500.0, "eff": 0.908227847038688}, {"eta_min": 0.6, "eta_max": 1.2, "pt_min": 30.0, "pt_max": 1500.0, "eff": 0.8679867993630115}, {"eta_min": 1.2, "eta_max": 2.4, "pt_min": 30.0, "pt_max": 1500.0, "eff": 0.8823529401618855}], "c": [{"eta_min": 0.0, "eta_max": 0.6, "pt_min": 20.0, "pt_max": 25.0, "eff": 0.3461538541348482}, {"eta_min": 0.6, "eta_max": 1.2, "pt_min": 20.0, "pt_max": 25.0, "eff": 0.39130434145184634}, {"eta_min": 1.2, "eta_max": 2.4, "pt_min": 20.0, "pt_max": 25.0, "eff": 0.5306122383908881}, {"eta_min": 0.0, "eta_max": 0.6, "pt_min": 25.0, "pt_max": 1500.0, "eff": 0.41049382311962535}, {"eta_min": 0.6, "eta_max": 1.2, "pt_min": 25.0, "pt_max": 1500.0, "eff": 0.43430657039705073}, {"eta_min": 1.2, "eta_max": 2.4, "pt_min": 25.0, "pt_max": 1500.0, "eff": 0.4082191753773576}], "udsg": [{"eta_min": 0.0, "eta_max": 0.6, "pt_min": 20.0, "pt_max": 25.0, "eff": 0.20731707302585886}, {"eta_min": 0.6, "eta_max": 1.2, "pt_min": 20.0, "pt_max": 25.0, "eff": 0.25652173611754386}, {"eta_min": 1.2, "eta_max": 2.4, "pt_min": 20.0, "pt_max": 25.0, "eff": 0.36575052976303773}, {"eta_min": 0.0, "eta_max": 0.6, "pt_min": 25.0, "pt_max": 1500.0, "eff": 0.11091854423146706}, {"eta_min": 0.6, "eta_max": 1.2, "pt_min": 25.0, "pt_max": 1500.0, "eff": 0.10907903397416926}, {"eta_min": 1.2, "eta_max": 2.4, "pt_min": 25.0, "pt_max": 1500.0, "eff": 0.18093023272936665}]}, "ZZ": {"b": [{"eta_min": 0.0, "eta_max": 0.6, "pt_min": 20.0, "pt_max": 25.0, "eff": 0.8227848101265828}, {"eta_min": 0.6, "eta_max": 1.2, "pt_min": 20.0, "pt_max": 25.0, "eff": 0.8026315789473689}, {"eta_min": 1.2, "eta_max": 2.4, "pt_min": 20.0, "pt_max": 25.0, "eff": 0.7826086956521727}, {"eta_min": 0.0, "eta_max": 0.6, "pt_min": 25.0, "pt_max": 30.0, "eff": 0.9264705882352944}, {"eta_min": 0.6, "eta_max": 1.2, "pt_min": 25.0, "pt_max": 30.0, "eff": 0.8571428571428575}, {"eta_min": 1.2, "eta_max": 2.4, "pt_min": 25.0, "pt_max": 30.0, "eff": 0.8240740740740731}, {"eta_min": 0.0, "eta_max": 0.6, "pt_min": 30.0, "pt_max": 35.0, "eff": 0.9218750000000002}, {"eta_min": 0.6, "eta_max": 1.2, "pt_min": 30.0, "pt_max": 35.0, "eff": 0.9117647058823533}, {"eta_min": 1.2, "eta_max": 2.4, "pt_min": 30.0, "pt_max": 35.0, "eff": 0.8279569892473116}, {"eta_min": 0.0, "eta_max": 0.6, "pt_min": 35.0, "pt_max": 1500.0, "eff": 0.8991596638655462}, {"eta_min": 0.6, "eta_max": 1.2, "pt_min": 35.0, "pt_max": 1500.0, "eff": 0.8727544910179665}, {"eta_min": 1.2, "eta_max": 2.4, "pt_min": 35.0, "pt_max": 1500.0, "eff": 0.8905109489051041}], "c": [{"eta_min": 0.0, "eta_max": 0.6, "pt_min": 20.0, "pt_max": 25.0, "eff": 0.41573033707865253}, {"eta_min": 0.6, "eta_max": 1.2, "pt_min": 20.0, "pt_max": 25.0, "eff": 0.35897435897435964}, {"eta_min": 1.2, "eta_max": 2.4, "pt_min": 20.0, "pt_max": 25.0, "eff": 0.4246575342465745}, {"eta_min": 0.0, "eta_max": 0.6, "pt_min": 25.0, "pt_max": 30.0, "eff": 0.3936170212765964}, {"eta_min": 0.6, "eta_max": 1.2, "pt_min": 25.0, "pt_max": 30.0, "eff": 0.3866666666666674}, {"eta_min": 1.2, "eta_max": 2.4, "pt_min": 25.0, "pt_max": 30.0, "eff": 0.40799999999999975}, {"eta_min": 0.0, "eta_max": 0.6, "pt_min": 30.0, "pt_max": 1500.0, "eff": 0.3755458515283908}, {"eta_min": 0.6, "eta_max": 1.2, "pt_min": 30.0, "pt_max": 1500.0, "eff": 0.4149253731343355}, {"eta_min": 1.2, "eta_max": 2.4, "pt_min": 30.0, "pt_max": 1500.0, "eff": 0.40497737556561286}], "udsg": [{"eta_min": 0.0, "eta_max": 0.6, "pt_min": 20.0, "pt_max": 25.0, "eff": 0.25268292682926796}, {"eta_min": 0.6, "eta_max": 1.2, "pt_min": 20.0, "pt_max": 25.0, "eff": 0.28349514563106765}, {"eta_min": 1.2, "eta_max": 2.4, "pt_min": 20.0, "pt_max": 25.0, "eff": 0.40315315315314215}, {"eta_min": 0.0, "eta_max": 0.6, "pt_min": 25.0, "pt_max": 1500.0, "eff": 0.12921057177405104}, {"eta_min": 0.6, "eta_max": 1.2, "pt_min": 25.0, "pt_max": 1500.0, "eff": 0.13872939433227724}, {"eta_min": 1.2, "eta_max": 2.4, "pt_min": 25.0, "pt_max": 1500.0, "eff": 0.1951975213013464}]}, "ST_t-channel_top": {"b": [{"eta_min": 0.0, "eta_max": 0.6, "pt_min": 20.0, "pt_max": 25.0, "eff": 0.8159722222222224}, {"eta_min": 0.6, "eta_max": 1.2, "pt_min": 20.0, "pt_max": 25.0, "eff": 0.8184931506849317}, {"eta_min": 1.2, "eta_max": 2.4, "pt_min": 20.0, "pt_max": 25.0, "eff": 0.806451612903226}, {"eta_min": 0.0, "eta_max": 0.6, "pt_min": 25.0, "pt_max": 1500.0, "eff": 0.8935409752361527}, {"eta_min": 0.6, "eta_max": 1.2, "pt_min": 25.0, "pt_max": 1500.0, "eff": 0.8941649899396409}, {"eta_min": 1.2, "eta_max": 2.4, "pt_min": 25.0, "pt_max": 1500.0, "eff": 0.8706732597946022}], "c": [{"eta_min": 0.0, "eta_max": 0.6, "pt_min": 20.0, "pt_max": 25.0, "eff": 0.5072463768115941}, {"eta_min": 0.6, "eta_max": 1.2, "pt_min": 20.0, "pt_max": 25.0, "eff": 0.4418604651162794}, {"eta_min": 1.2, "eta_max": 2.4, "pt_min": 20.0, "pt_max": 25.0, "eff": 0.43209876543209974}, {"eta_min": 0.0, "eta_max": 0.6, "pt_min": 25.0, "pt_max": 1500.0, "eff": 0.39776357827476067}, {"eta_min": 0.6, "eta_max": 1.2, "pt_min": 25.0, "pt_max": 1500.0, "eff": 0.40649149922720273}, {"eta_min": 1.2, "eta_max": 2.4, "pt_min": 25.0, "pt_max": 1500.0, "eff": 0.3893312101910723}], "udsg": [{"eta_min": 0.0, "eta_max": 0.6, "pt_min": 20.0, "pt_max": 25.0, "eff": 0.25234441602727514}, {"eta_min": 0.6, "eta_max": 1.2, "pt_min": 20.0, "pt_max": 25.0, "eff": 0.2808988764044887}, {"eta_min": 1.2, "eta_max": 2.4, "pt_min": 20.0, "pt_max": 25.0, "eff": 0.38532763532764186}, {"eta_min": 0.0, "eta_max": 0.6, "pt_min": 25.0, "pt_max": 1500.0, "eff": 0.11785323110624797}, {"eta_min": 0.6, "eta_max": 1.2, "pt_min": 25.0, "pt_max": 1500.0, "eff": 0.11495443247722133}, {"eta_min": 1.2, "eta_max": 2.4, "pt_min": 25.0, "pt_max": 1500.0, "eff": 0.16368357599927857}]}, "WW": {"b": [{"eta_min": 0.0, "eta_max": 0.6, "pt_min": 20.0, "pt_max": 25.0, "eff": 0.8421052631578948}, {"eta_min": 0.6, "eta_max": 1.2, "pt_min": 20.0, "pt_max": 25.0, "eff": 0.8148148148148148}, {"eta_min": 1.2, "eta_max": 2.4, "pt_min": 20.0, "pt_max": 25.0, "eff": 0.7547169811320752}, {"eta_min": 0.0, "eta_max": 0.6, "pt_min": 25.0, "pt_max": 30.0, "eff": 0.875}, {"eta_min": 0.6, "eta_max": 1.2, "pt_min": 25.0, "pt_max": 30.0, "eff": 0.9666666666666667}, {"eta_min": 1.2, "eta_max": 2.4, "pt_min": 25.0, "pt_max": 30.0, "eff": 0.7727272727272727}, {"eta_min": 0.0, "eta_max": 0.6, "pt_min": 30.0, "pt_max": 1500.0, "eff": 0.925287356321839}, {"eta_min": 0.6, "eta_max": 1.2, "pt_min": 30.0, "pt_max": 1500.0, "eff": 0.8435374149659861}, {"eta_min": 1.2, "eta_max": 2.4, "pt_min": 30.0, "pt_max": 1500.0, "eff": 0.8368200836820112}], "c": [{"eta_min": 0.0, "eta_max": 0.6, "pt_min": 20.0, "pt_max": 25.0, "eff": 0.45070422535211196}, {"eta_min": 0.6, "eta_max": 1.2, "pt_min": 20.0, "pt_max": 25.0, "eff": 0.3483146067415722}, {"eta_min": 1.2, "eta_max": 2.4, "pt_min": 20.0, "pt_max": 25.0, "eff": 0.44910179640718473}, {"eta_min": 0.0, "eta_max": 0.6, "pt_min": 25.0, "pt_max": 1500.0, "eff": 0.35220125786163947}, {"eta_min": 0.6, "eta_max": 1.2, "pt_min": 25.0, "pt_max": 1500.0, "eff": 0.399334442595678}, {"eta_min": 1.2, "eta_max": 2.4, "pt_min": 25.0, "pt_max": 1500.0, "eff": 0.3649122807017553}], "udsg": [{"eta_min": 0.0, "eta_max": 0.6, "pt_min": 20.0, "pt_max": 25.0, "eff": 0.24545454545453538}, {"eta_min": 0.6, "eta_max": 1.2, "pt_min": 20.0, "pt_max": 25.0, "eff": 0.2684242061114334}, {"eta_min": 1.2, "eta_max": 2.4, "pt_min": 20.0, "pt_max": 25.0, "eff": 0.39866369710466715}, {"eta_min": 0.0, "eta_max": 0.6, "pt_min": 25.0, "pt_max": 1500.0, "eff": 0.15952264978080177}, {"eta_min": 0.6, "eta_max": 1.2, "pt_min": 25.0, "pt_max": 1500.0, "eff": 0.1678151601134907}, {"eta_min": 1.2, "eta_max": 2.4, "pt_min": 25.0, "pt_max": 1500.0, "eff": 0.22329742559795038}]}, "Signal_600_400": {"b": [{"eta_min": 0.0, "eta_max": 0.6, "pt_min": 20.0, "pt_max": 25.0, "eff": 0.8446787588637572}, {"eta_min": 0.6, "eta_max": 1.2, "pt_min": 20.0, "pt_max": 25.0, "eff": 0.837395357099541}, {"eta_min": 1.2, "eta_max": 2.4, "pt_min": 20.0, "pt_max": 25.0, "eff": 0.8109776110389979}, {"eta_min": 0.0, "eta_max": 0.6, "pt_min": 25.0, "pt_max": 30.0, "eff": 0.8716597512575918}, {"eta_min": 0.6, "eta_max": 1.2, "pt_min": 25.0, "pt_max": 30.0, "eff": 0.8512017681518163}, {"eta_min": 1.2, "eta_max": 2.4, "pt_min": 25.0, "pt_max": 30.0, "eff": 0.8267694759627991}, {"eta_min": 0.0, "eta_max": 0.6, "pt_min": 30.0, "pt_max": 35.0, "eff": 0.8763944685530798}, {"eta_min": 0.6, "eta_max": 1.2, "pt_min": 30.0, "pt_max": 35.0, "eff": 0.8646529946485639}, {"eta_min": 1.2, "eta_max": 2.4, "pt_min": 30.0, "pt_max": 35.0, "eff": 0.8398716121467644}, {"eta_min": 0.0, "eta_max": 0.6, "pt_min": 35.0, "pt_max": 40.0, "eff": 0.8940474436361285}, {"eta_min": 0.6, "eta_max": 1.2, "pt_min": 35.0, "pt_max": 40.0, "eff": 0.8795780954841113}, {"eta_min": 1.2, "eta_max": 2.4, "pt_min": 35.0, "pt_max": 40.0, "eff": 0.8478989403587425}, {"eta_min": 0.0, "eta_max": 0.6, "pt_min": 40.0, "pt_max": 1500.0, "eff": 0.9075026235595437}, {"eta_min": 0.6, "eta_max": 1.2, "pt_min": 40.0, "pt_max": 1500.0, "eff": 0.8993889414277028}, {"eta_min": 1.2, "eta_max": 2.4, "pt_min": 40.0, "pt_max": 1500.0, "eff": 0.8625087826944605}], "c": [{"eta_min": 0.0, "eta_max": 0.6, "pt_min": 20.0, "pt_max": 25.0, "eff": 0.40151340496330623}, {"eta_min": 0.6, "eta_max": 1.2, "pt_min": 20.0, "pt_max": 25.0, "eff": 0.37652454495622306}, {"eta_min": 1.2, "eta_max": 2.4, "pt_min": 20.0, "pt_max": 25.0, "eff": 0.4187502778695015}, {"eta_min": 0.0, "eta_max": 0.6, "pt_min": 25.0, "pt_max": 1500.0, "eff": 0.36157661037869604}, {"eta_min": 0.6, "eta_max": 1.2, "pt_min": 25.0, "pt_max": 1500.0, "eff": 0.34826324923112745}, {"eta_min": 1.2, "eta_max": 2.4, "pt_min": 25.0, "pt_max": 1500.0, "eff": 0.3692923068946713}], "udsg": [{"eta_min": 0.0, "eta_max": 0.6, "pt_min": 20.0, "pt_max": 25.0, "eff": 0.21629559170676693}, {"eta_min": 0.6, "eta_max": 1.2, "pt_min": 20.0, "pt_max": 25.0, "eff": 0.24150959315042705}, {"eta_min": 1.2, "eta_max": 2.4, "pt_min": 20.0, "pt_max": 25.0, "eff": 0.3534942223886973}, {"eta_min": 0.0, "eta_max": 0.6, "pt_min": 25.0, "pt_max": 1500.0, "eff": 0.11547058110980978}, {"eta_min": 0.6, "eta_max": 1.2, "pt_min": 25.0, "pt_max": 1500.0, "eff": 0.12045226866504141}, {"eta_min": 1.2, "eta_max": 2.4, "pt_min": 25.0, "pt_max": 1500.0, "eff": 0.17096579815192714}]}, "Signal_1000_300": {"b": [{"eta_min": 0.0, "eta_max": 0.6, "pt_min": 20.0, "pt_max": 25.0, "eff": 0.8403858164321821}, {"eta_min": 0.6, "eta_max": 1.2, "pt_min": 20.0, "pt_max": 25.0, "eff": 0.8198161353475043}, {"eta_min": 1.2, "eta_max": 2.4, "pt_min": 20.0, "pt_max": 25.0, "eff": 0.8100360533306643}, {"eta_min": 0.0, "eta_max": 0.6, "pt_min": 25.0, "pt_max": 30.0, "eff": 0.8598084586769836}, {"eta_min": 0.6, "eta_max": 1.2, "pt_min": 25.0, "pt_max": 30.0, "eff": 0.8574535536256384}, {"eta_min": 1.2, "eta_max": 2.4, "pt_min": 25.0, "pt_max": 30.0, "eff": 0.8397483802578313}, {"eta_min": 0.0, "eta_max": 0.6, "pt_min": 30.0, "pt_max": 35.0, "eff": 0.8953793933478931}, {"eta_min": 0.6, "eta_max": 1.2, "pt_min": 30.0, "pt_max": 35.0, "eff": 0.8724711472079605}, {"eta_min": 1.2, "eta_max": 2.4, "pt_min": 30.0, "pt_max": 35.0, "eff": 0.8309303551328195}, {"eta_min": 0.0, "eta_max": 0.6, "pt_min": 35.0, "pt_max": 40.0, "eff": 0.8820355367664908}, {"eta_min": 0.6, "eta_max": 1.2, "pt_min": 35.0, "pt_max": 40.0, "eff": 0.8782637651289419}, {"eta_min": 1.2, "eta_max": 2.4, "pt_min": 35.0, "pt_max": 40.0, "eff": 0.8445863765461835}, {"eta_min": 0.0, "eta_max": 0.6, "pt_min": 40.0, "pt_max": 1500.0, "eff": 0.9084660724281837}, {"eta_min": 0.6, "eta_max": 1.2, "pt_min": 40.0, "pt_max": 1500.0, "eff": 0.9022638283563444}, {"eta_min": 1.2, "eta_max": 2.4, "pt_min": 40.0, "pt_max": 1500.0, "eff": 0.8744684247591868}], "c": [{"eta_min": 0.0, "eta_max": 0.6, "pt_min": 20.0, "pt_max": 25.0, "eff": 0.40229615396649054}, {"eta_min": 0.6, "eta_max": 1.2, "pt_min": 20.0, "pt_max": 25.0, "eff": 0.4380740220006209}, {"eta_min": 1.2, "eta_max": 2.4, "pt_min": 20.0, "pt_max": 25.0, "eff": 0.44196948651495}, {"eta_min": 0.0, "eta_max": 0.6, "pt_min": 25.0, "pt_max": 1500.0, "eff": 0.3640191505717176}, {"eta_min": 0.6, "eta_max": 1.2, "pt_min": 25.0, "pt_max": 1500.0, "eff": 0.3655001902608044}, {"eta_min": 1.2, "eta_max": 2.4, "pt_min": 25.0, "pt_max": 1500.0, "eff": 0.366308561709}], "udsg": [{"eta_min": 0.0, "eta_max": 0.6, "pt_min": 20.0, "pt_max": 25.0, "eff": 0.21490222269080783}, {"eta_min": 0.6, "eta_max": 1.2, "pt_min": 20.0, "pt_max": 25.0, "eff": 0.23306490967459373}, {"eta_min": 1.2, "eta_max": 2.4, "pt_min": 20.0, "pt_max": 25.0, "eff": 0.34809864576060734}, {"eta_min": 0.0, "eta_max": 0.6, "pt_min": 25.0, "pt_max": 1500.0, "eff": 0.09153786816771514}, {"eta_min": 0.6, "eta_max": 1.2, "pt_min": 25.0, "pt_max": 1500.0, "eff": 0.09388843754472426}, {"eta_min": 1.2, "eta_max": 2.4, "pt_min": 25.0, "pt_max": 1500.0, "eff": 0.14947515212804846}]}, "TTGJets": {"b": [{"eta_min": 0.0, "eta_max": 0.6, "pt_min": 20.0, "pt_max": 25.0, "eff": 0.8630136986301375}, {"eta_min": 0.6, "eta_max": 1.2, "pt_min": 20.0, "pt_max": 25.0, "eff": 0.8873239436619723}, {"eta_min": 1.2, "eta_max": 2.4, "pt_min": 20.0, "pt_max": 25.0, "eff": 0.8659793814432994}, {"eta_min": 0.0, "eta_max": 0.6, "pt_min": 25.0, "pt_max": 30.0, "eff": 0.8247422680412377}, {"eta_min": 0.6, "eta_max": 1.2, "pt_min": 25.0, "pt_max": 30.0, "eff": 0.8085106382978731}, {"eta_min": 1.2, "eta_max": 2.4, "pt_min": 25.0, "pt_max": 30.0, "eff": 0.7920000000000006}, {"eta_min": 0.0, "eta_max": 0.6, "pt_min": 30.0, "pt_max": 1500.0, "eff": 0.9112543381259257}, {"eta_min": 0.6, "eta_max": 1.2, "pt_min": 30.0, "pt_max": 1500.0, "eff": 0.8821243523315995}, {"eta_min": 1.2, "eta_max": 2.4, "pt_min": 30.0, "pt_max": 1500.0, "eff": 0.8666666666666597}], "c": [{"eta_min": 0.0, "eta_max": 0.6, "pt_min": 20.0, "pt_max": 1500.0, "eff": 0.39430894308942904}, {"eta_min": 0.6, "eta_max": 1.2, "pt_min": 20.0, "pt_max": 1500.0, "eff": 0.36206896551724127}, {"eta_min": 1.2, "eta_max": 2.4, "pt_min": 20.0, "pt_max": 1500.0, "eff": 0.44696969696969446}], "udsg": [{"eta_min": 0.0, "eta_max": 0.6, "pt_min": 20.0, "pt_max": 25.0, "eff": 0.21067415730336966}, {"eta_min": 0.6, "eta_max": 1.2, "pt_min": 20.0, "pt_max": 25.0, "eff": 0.28571428571428453}, {"eta_min": 1.2, "eta_max": 2.4, "pt_min": 20.0, "pt_max": 25.0, "eff": 0.32993197278911657}, {"eta_min": 0.0, "eta_max": 0.6, "pt_min": 25.0, "pt_max": 1500.0, "eff": 0.12270714737507803}, {"eta_min": 0.6, "eta_max": 1.2, "pt_min": 25.0, "pt_max": 1500.0, "eff": 0.14304041051956287}, {"eta_min": 1.2, "eta_max": 2.4, "pt_min": 25.0, "pt_max": 1500.0, "eff": 0.19059939629150605}]}, "TTToSemiLeptonic": {"b": [{"eta_min": 0.0, "eta_max": 0.6, "pt_min": 20.0, "pt_max": 25.0, "eff": 0.8590604026845601}, {"eta_min": 0.6, "eta_max": 1.2, "pt_min": 20.0, "pt_max": 25.0, "eff": 0.851043024771834}, {"eta_min": 1.2, "eta_max": 2.4, "pt_min": 20.0, "pt_max": 25.0, "eff": 0.8250959692898705}, {"eta_min": 0.0, "eta_max": 0.6, "pt_min": 25.0, "pt_max": 30.0, "eff": 0.880102040816355}, {"eta_min": 0.6, "eta_max": 1.2, "pt_min": 25.0, "pt_max": 30.0, "eff": 0.8633970628983102}, {"eta_min": 1.2, "eta_max": 2.4, "pt_min": 25.0, "pt_max": 30.0, "eff": 0.836534167038905}, {"eta_min": 0.0, "eta_max": 0.6, "pt_min": 30.0, "pt_max": 35.0, "eff": 0.8884272997032934}, {"eta_min": 0.6, "eta_max": 1.2, "pt_min": 30.0, "pt_max": 35.0, "eff": 0.8714189036770067}, {"eta_min": 1.2, "eta_max": 2.4, "pt_min": 30.0, "pt_max": 35.0, "eff": 0.8579182012018198}, {"eta_min": 0.0, "eta_max": 0.6, "pt_min": 35.0, "pt_max": 40.0, "eff": 0.8925580660452114}, {"eta_min": 0.6, "eta_max": 1.2, "pt_min": 35.0, "pt_max": 40.0, "eff": 0.8814156012599884}, {"eta_min": 1.2, "eta_max": 2.4, "pt_min": 35.0, "pt_max": 40.0, "eff": 0.849596840546355}, {"eta_min": 0.0, "eta_max": 0.6, "pt_min": 40.0, "pt_max": 45.0, "eff": 0.8899971501852587}, {"eta_min": 0.6, "eta_max": 1.2, "pt_min": 40.0, "pt_max": 45.0, "eff": 0.8875248838752736}, {"eta_min": 1.2, "eta_max": 2.4, "pt_min": 40.0, "pt_max": 45.0, "eff": 0.8614775725593937}, {"eta_min": 0.0, "eta_max": 0.6, "pt_min": 45.0, "pt_max": 50.0, "eff": 0.898894154818343}, {"eta_min": 0.6, "eta_max": 1.2, "pt_min": 45.0, "pt_max": 50.0, "eff": 0.8892018779342953}, {"eta_min": 1.2, "eta_max": 2.4, "pt_min": 45.0, "pt_max": 50.0, "eff": 0.8759525825571781}, {"eta_min": 0.0, "eta_max": 0.6, "pt_min": 50.0, "pt_max": 55.0, "eff": 0.8957000255951033}, {"eta_min": 0.6, "eta_max": 1.2, "pt_min": 50.0, "pt_max": 55.0, "eff": 0.8935810810811028}, {"eta_min": 1.2, "eta_max": 2.4, "pt_min": 50.0, "pt_max": 55.0, "eff": 0.8695531885461575}, {"eta_min": 0.0, "eta_max": 0.6, "pt_min": 55.0, "pt_max": 60.0, "eff": 0.903731815306784}, {"eta_min": 0.6, "eta_max": 1.2, "pt_min": 55.0, "pt_max": 60.0, "eff": 0.8989377845220233}, {"eta_min": 1.2, "eta_max": 2.4, "pt_min": 55.0, "pt_max": 60.0, "eff": 0.8681960672556532}, {"eta_min": 0.0, "eta_max": 0.6, "pt_min": 60.0, "pt_max": 65.0, "eff": 0.9072804009496336}, {"eta_min": 0.6, "eta_max": 1.2, "pt_min": 60.0, "pt_max": 65.0, "eff": 0.9015803473635003}, {"eta_min": 1.2, "eta_max": 2.4, "pt_min": 60.0, "pt_max": 65.0, "eff": 0.8704459561602679}, {"eta_min": 0.0, "eta_max": 0.6, "pt_min": 65.0, "pt_max": 70.0, "eff": 0.9082909390898007}, {"eta_min": 0.6, "eta_max": 1.2, "pt_min": 65.0, "pt_max": 70.0, "eff": 0.9066134928547896}, {"eta_min": 1.2, "eta_max": 2.4, "pt_min": 65.0, "pt_max": 70.0, "eff": 0.8835519039342952}, {"eta_min": 0.0, "eta_max": 0.6, "pt_min": 70.0, "pt_max": 75.0, "eff": 0.9048036209665828}, {"eta_min": 0.6, "eta_max": 1.2, "pt_min": 70.0, "pt_max": 75.0, "eff": 0.9016170212766179}, {"eta_min": 1.2, "eta_max": 2.4, "pt_min": 70.0, "pt_max": 75.0, "eff": 0.8766571572411753}, {"eta_min": 0.0, "eta_max": 0.6, "pt_min": 75.0, "pt_max": 80.0, "eff": 0.9090631208925753}, {"eta_min": 0.6, "eta_max": 1.2, "pt_min": 75.0, "pt_max": 80.0, "eff": 0.9080604534005257}, {"eta_min": 1.2, "eta_max": 2.4, "pt_min": 75.0, "pt_max": 80.0, "eff": 0.8929733869423975}, {"eta_min": 0.0, "eta_max": 0.6, "pt_min": 80.0, "pt_max": 85.0, "eff": 0.9079484250041002}, {"eta_min": 0.6, "eta_max": 1.2, "pt_min": 80.0, "pt_max": 85.0, "eff": 0.9028582464272168}, {"eta_min": 1.2, "eta_max": 2.4, "pt_min": 80.0, "pt_max": 85.0, "eff": 0.8892790745713999}, {"eta_min": 0.0, "eta_max": 0.6, "pt_min": 85.0, "pt_max": 90.0, "eff": 0.9139337150789717}, {"eta_min": 0.6, "eta_max": 1.2, "pt_min": 85.0, "pt_max": 90.0, "eff": 0.9095925297114007}, {"eta_min": 1.2, "eta_max": 2.4, "pt_min": 85.0, "pt_max": 90.0, "eff": 0.8856615952051986}, {"eta_min": 0.0, "eta_max": 0.6, "pt_min": 90.0, "pt_max": 95.0, "eff": 0.9137027330588009}, {"eta_min": 0.6, "eta_max": 1.2, "pt_min": 90.0, "pt_max": 95.0, "eff": 0.9080512351326903}, {"eta_min": 1.2, "eta_max": 2.4, "pt_min": 90.0, "pt_max": 95.0, "eff": 0.8874251497006346}, {"eta_min": 0.0, "eta_max": 0.6, "pt_min": 95.0, "pt_max": 100.0, "eff": 0.9162561576354907}, {"eta_min": 0.6, "eta_max": 1.2, "pt_min": 95.0, "pt_max": 100.0, "eff": 0.9137931034482983}, {"eta_min": 1.2, "eta_max": 2.4, "pt_min": 95.0, "pt_max": 100.0, "eff": 0.8849435728048478}, {"eta_min": 0.0, "eta_max": 0.6, "pt_min": 100.0, "pt_max": 105.0, "eff": 0.9130434782608955}, {"eta_min": 0.6, "eta_max": 1.2, "pt_min": 100.0, "pt_max": 105.0, "eff": 0.9007303218826175}, {"eta_min": 1.2, "eta_max": 2.4, "pt_min": 100.0, "pt_max": 105.0, "eff": 0.8858695652173882}, {"eta_min": 0.0, "eta_max": 0.6, "pt_min": 105.0, "pt_max": 110.0, "eff": 0.9095295536791604}, {"eta_min": 0.6, "eta_max": 1.2, "pt_min": 105.0, "pt_max": 110.0, "eff": 0.91374092009685}, {"eta_min": 1.2, "eta_max": 2.4, "pt_min": 105.0, "pt_max": 110.0, "eff": 0.8836135839103164}, {"eta_min": 0.0, "eta_max": 0.6, "pt_min": 110.0, "pt_max": 1500.0, "eff": 0.9194558884472055}, {"eta_min": 0.6, "eta_max": 1.2, "pt_min": 110.0, "pt_max": 1500.0, "eff": 0.9159329205685107}, {"eta_min": 1.2, "eta_max": 2.4, "pt_min": 110.0, "pt_max": 1500.0, "eff": 0.8933218343395006}], "c": [{"eta_min": 0.0, "eta_max": 0.6, "pt_min": 20.0, "pt_max": 25.0, "eff": 0.45458089668614116}, {"eta_min": 0.6, "eta_max": 1.2, "pt_min": 20.0, "pt_max": 25.0, "eff": 0.44538526672309536}, {"eta_min": 1.2, "eta_max": 2.4, "pt_min": 20.0, "pt_max": 25.0, "eff": 0.4742690058479397}, {"eta_min": 0.0, "eta_max": 0.6, "pt_min": 25.0, "pt_max": 30.0, "eff": 0.4537815126050218}, {"eta_min": 0.6, "eta_max": 1.2, "pt_min": 25.0, "pt_max": 30.0, "eff": 0.451319381255665}, {"eta_min": 1.2, "eta_max": 2.4, "pt_min": 25.0, "pt_max": 30.0, "eff": 0.44407786209170275}, {"eta_min": 0.0, "eta_max": 0.6, "pt_min": 30.0, "pt_max": 1500.0, "eff": 0.39267895457922597}, {"eta_min": 0.6, "eta_max": 1.2, "pt_min": 30.0, "pt_max": 1500.0, "eff": 0.40176902952523563}, {"eta_min": 1.2, "eta_max": 2.4, "pt_min": 30.0, "pt_max": 1500.0, "eff": 0.4113692116658577}], "udsg": [{"eta_min": 0.0, "eta_max": 0.6, "pt_min": 20.0, "pt_max": 25.0, "eff": 0.1861403508772403}, {"eta_min": 0.6, "eta_max": 1.2, "pt_min": 20.0, "pt_max": 25.0, "eff": 0.20623422749794615}, {"eta_min": 1.2, "eta_max": 2.4, "pt_min": 20.0, "pt_max": 25.0, "eff": 0.32639214428433794}, {"eta_min": 0.0, "eta_max": 0.6, "pt_min": 25.0, "pt_max": 1500.0, "eff": 0.08049838019390021}, {"eta_min": 0.6, "eta_max": 1.2, "pt_min": 25.0, "pt_max": 1500.0, "eff": 0.08890775859336895}, {"eta_min": 1.2, "eta_max": 2.4, "pt_min": 25.0, "pt_max": 1500.0, "eff": 0.14954414186457443}]}, "TTTo2L2Nu": {"b": [{"eta_min": 0.0, "eta_max": 0.6, "pt_min": 20.0, "pt_max": 25.0, "eff": 0.858460277341417}, {"eta_min": 0.6, "eta_max": 1.2, "pt_min": 20.0, "pt_max": 25.0, "eff": 0.8478852383156745}, {"eta_min": 1.2, "eta_max": 2.4, "pt_min": 20.0, "pt_max": 25.0, "eff": 0.824772345504439}, {"eta_min": 0.0, "eta_max": 0.6, "pt_min": 25.0, "pt_max": 30.0, "eff": 0.8747662217146628}, {"eta_min": 0.6, "eta_max": 1.2, "pt_min": 25.0, "pt_max": 30.0, "eff": 0.8670200981168503}, {"eta_min": 1.2, "eta_max": 2.4, "pt_min": 25.0, "pt_max": 30.0, "eff": 0.8411109928197654}, {"eta_min": 0.0, "eta_max": 0.6, "pt_min": 30.0, "pt_max": 35.0, "eff": 0.8844083341641322}, {"eta_min": 0.6, "eta_max": 1.2, "pt_min": 30.0, "pt_max": 35.0, "eff": 0.8762060599221846}, {"eta_min": 1.2, "eta_max": 2.4, "pt_min": 30.0, "pt_max": 35.0, "eff": 0.8496435220925964}, {"eta_min": 0.0, "eta_max": 0.6, "pt_min": 35.0, "pt_max": 40.0, "eff": 0.8915736944879363}, {"eta_min": 0.6, "eta_max": 1.2, "pt_min": 35.0, "pt_max": 40.0, "eff": 0.883473839154333}, {"eta_min": 1.2, "eta_max": 2.4, "pt_min": 35.0, "pt_max": 40.0, "eff": 0.8562333150893482}, {"eta_min": 0.0, "eta_max": 0.6, "pt_min": 40.0, "pt_max": 45.0, "eff": 0.8951018782770622}, {"eta_min": 0.6, "eta_max": 1.2, "pt_min": 40.0, "pt_max": 45.0, "eff": 0.8892030348226853}, {"eta_min": 1.2, "eta_max": 2.4, "pt_min": 40.0, "pt_max": 45.0, "eff": 0.8604815127313533}, {"eta_min": 0.0, "eta_max": 0.6, "pt_min": 45.0, "pt_max": 50.0, "eff": 0.8992684422639178}, {"eta_min": 0.6, "eta_max": 1.2, "pt_min": 45.0, "pt_max": 50.0, "eff": 0.8919543196335643}, {"eta_min": 1.2, "eta_max": 2.4, "pt_min": 45.0, "pt_max": 50.0, "eff": 0.8661200506460288}, {"eta_min": 0.0, "eta_max": 0.6, "pt_min": 50.0, "pt_max": 55.0, "eff": 0.9029700771665214}, {"eta_min": 0.6, "eta_max": 1.2, "pt_min": 50.0, "pt_max": 55.0, "eff": 0.8946251768034346}, {"eta_min": 1.2, "eta_max": 2.4, "pt_min": 50.0, "pt_max": 55.0, "eff": 0.868646414175933}, {"eta_min": 0.0, "eta_max": 0.6, "pt_min": 55.0, "pt_max": 60.0, "eff": 0.9066052718776368}, {"eta_min": 0.6, "eta_max": 1.2, "pt_min": 55.0, "pt_max": 60.0, "eff": 0.8982593704816328}, {"eta_min": 1.2, "eta_max": 2.4, "pt_min": 55.0, "pt_max": 60.0, "eff": 0.8708848873177705}, {"eta_min": 0.0, "eta_max": 0.6, "pt_min": 60.0, "pt_max": 65.0, "eff": 0.9086730492706206}, {"eta_min": 0.6, "eta_max": 1.2, "pt_min": 60.0, "pt_max": 65.0, "eff": 0.9012509901804415}, {"eta_min": 1.2, "eta_max": 2.4, "pt_min": 60.0, "pt_max": 65.0, "eff": 0.8744981123030436}, {"eta_min": 0.0, "eta_max": 0.6, "pt_min": 65.0, "pt_max": 70.0, "eff": 0.9103460923786652}, {"eta_min": 0.6, "eta_max": 1.2, "pt_min": 65.0, "pt_max": 70.0, "eff": 0.9038901965774337}, {"eta_min": 1.2, "eta_max": 2.4, "pt_min": 65.0, "pt_max": 70.0, "eff": 0.8743727627858905}, {"eta_min": 0.0, "eta_max": 0.6, "pt_min": 70.0, "pt_max": 75.0, "eff": 0.9121292259309912}, {"eta_min": 0.6, "eta_max": 1.2, "pt_min": 70.0, "pt_max": 75.0, "eff": 0.9054954490812757}, {"eta_min": 1.2, "eta_max": 2.4, "pt_min": 70.0, "pt_max": 75.0, "eff": 0.8793556453513223}, {"eta_min": 0.0, "eta_max": 0.6, "pt_min": 75.0, "pt_max": 80.0, "eff": 0.9147291577204224}, {"eta_min": 0.6, "eta_max": 1.2, "pt_min": 75.0, "pt_max": 80.0, "eff": 0.9070095833412279}, {"eta_min": 1.2, "eta_max": 2.4, "pt_min": 75.0, "pt_max": 80.0, "eff": 0.880936929628947}, {"eta_min": 0.0, "eta_max": 0.6, "pt_min": 80.0, "pt_max": 85.0, "eff": 0.915194524133112}, {"eta_min": 0.6, "eta_max": 1.2, "pt_min": 80.0, "pt_max": 85.0, "eff": 0.9074413184618492}, {"eta_min": 1.2, "eta_max": 2.4, "pt_min": 80.0, "pt_max": 85.0, "eff": 0.879546197301541}, {"eta_min": 0.0, "eta_max": 0.6, "pt_min": 85.0, "pt_max": 90.0, "eff": 0.9136890435813391}, {"eta_min": 0.6, "eta_max": 1.2, "pt_min": 85.0, "pt_max": 90.0, "eff": 0.9085876378277575}, {"eta_min": 1.2, "eta_max": 2.4, "pt_min": 85.0, "pt_max": 90.0, "eff": 0.882609962132334}, {"eta_min": 0.0, "eta_max": 0.6, "pt_min": 90.0, "pt_max": 95.0, "eff": 0.9152241727323263}, {"eta_min": 0.6, "eta_max": 1.2, "pt_min": 90.0, "pt_max": 95.0, "eff": 0.9093288607659925}, {"eta_min": 1.2, "eta_max": 2.4, "pt_min": 90.0, "pt_max": 95.0, "eff": 0.8820718314040766}, {"eta_min": 0.0, "eta_max": 0.6, "pt_min": 95.0, "pt_max": 100.0, "eff": 0.9168947272396086}, {"eta_min": 0.6, "eta_max": 1.2, "pt_min": 95.0, "pt_max": 100.0, "eff": 0.9076765550784327}, {"eta_min": 1.2, "eta_max": 2.4, "pt_min": 95.0, "pt_max": 100.0, "eff": 0.8841657454863259}, {"eta_min": 0.0, "eta_max": 0.6, "pt_min": 100.0, "pt_max": 105.0, "eff": 0.9168783842739333}, {"eta_min": 0.6, "eta_max": 1.2, "pt_min": 100.0, "pt_max": 105.0, "eff": 0.9104655277805405}, {"eta_min": 1.2, "eta_max": 2.4, "pt_min": 100.0, "pt_max": 105.0, "eff": 0.8839416883264886}, {"eta_min": 0.0, "eta_max": 0.6, "pt_min": 105.0, "pt_max": 110.0, "eff": 0.9158470564893961}, {"eta_min": 0.6, "eta_max": 1.2, "pt_min": 105.0, "pt_max": 110.0, "eff": 0.912337662337753}, {"eta_min": 1.2, "eta_max": 2.4, "pt_min": 105.0, "pt_max": 110.0, "eff": 0.8836796005586807}, {"eta_min": 0.0, "eta_max": 0.6, "pt_min": 110.0, "pt_max": 1500.0, "eff": 0.9197913612544173}, {"eta_min": 0.6, "eta_max": 1.2, "pt_min": 110.0, "pt_max": 1500.0, "eff": 0.9143447965413549}, {"eta_min": 1.2, "eta_max": 2.4, "pt_min": 110.0, "pt_max": 1500.0, "eff": 0.8904738323288388}], "c": [{"eta_min": 0.0, "eta_max": 0.6, "pt_min": 20.0, "pt_max": 25.0, "eff": 0.4238628872774158}, {"eta_min": 0.6, "eta_max": 1.2, "pt_min": 20.0, "pt_max": 25.0, "eff": 0.42388362652222417}, {"eta_min": 1.2, "eta_max": 2.4, "pt_min": 20.0, "pt_max": 25.0, "eff": 0.44355566247663747}, {"eta_min": 0.0, "eta_max": 0.6, "pt_min": 25.0, "pt_max": 1500.0, "eff": 0.3803311901762952}, {"eta_min": 0.6, "eta_max": 1.2, "pt_min": 25.0, "pt_max": 1500.0, "eff": 0.3682799273150272}, {"eta_min": 1.2, "eta_max": 2.4, "pt_min": 25.0, "pt_max": 1500.0, "eff": 0.37962557229442884}], "udsg": [{"eta_min": 0.0, "eta_max": 0.6, "pt_min": 20.0, "pt_max": 25.0, "eff": 0.21952136178886342}, {"eta_min": 0.6, "eta_max": 1.2, "pt_min": 20.0, "pt_max": 25.0, "eff": 0.23617050139502124}, {"eta_min": 1.2, "eta_max": 2.4, "pt_min": 20.0, "pt_max": 25.0, "eff": 0.34794785318167115}, {"eta_min": 0.0, "eta_max": 0.6, "pt_min": 25.0, "pt_max": 30.0, "eff": 0.2127192296872349}, {"eta_min": 0.6, "eta_max": 1.2, "pt_min": 25.0, "pt_max": 30.0, "eff": 0.21424348159208453}, {"eta_min": 1.2, "eta_max": 2.4, "pt_min": 25.0, "pt_max": 30.0, "eff": 0.2668706324097963}, {"eta_min": 0.0, "eta_max": 0.6, "pt_min": 30.0, "pt_max": 35.0, "eff": 0.21529348309524368}, {"eta_min": 0.6, "eta_max": 1.2, "pt_min": 30.0, "pt_max": 35.0, "eff": 0.2171575007316828}, {"eta_min": 1.2, "eta_max": 2.4, "pt_min": 30.0, "pt_max": 35.0, "eff": 0.24569355706296914}, {"eta_min": 0.0, "eta_max": 0.6, "pt_min": 35.0, "pt_max": 40.0, "eff": 0.19101630699457428}, {"eta_min": 0.6, "eta_max": 1.2, "pt_min": 35.0, "pt_max": 40.0, "eff": 0.19577868386862649}, {"eta_min": 1.2, "eta_max": 2.4, "pt_min": 35.0, "pt_max": 40.0, "eff": 0.229027434717779}, {"eta_min": 0.0, "eta_max": 0.6, "pt_min": 40.0, "pt_max": 1500.0, "eff": 0.10592395584018202}, {"eta_min": 0.6, "eta_max": 1.2, "pt_min": 40.0, "pt_max": 1500.0, "eff": 0.10963343312396898}, {"eta_min": 1.2, "eta_max": 2.4, "pt_min": 40.0, "pt_max": 1500.0, "eff": 0.1462466142422185}]}, "ST_tW_antitop": {"b": [{"eta_min": 0.0, "eta_max": 0.6, "pt_min": 20.0, "pt_max": 25.0, "eff": 0.827676240208881}, {"eta_min": 0.6, "eta_max": 1.2, "pt_min": 20.0, "pt_max": 25.0, "eff": 0.8150943396226453}, {"eta_min": 1.2, "eta_max": 2.4, "pt_min": 20.0, "pt_max": 25.0, "eff": 0.8106936416184873}, {"eta_min": 0.0, "eta_max": 0.6, "pt_min": 25.0, "pt_max": 30.0, "eff": 0.8678160919540255}, {"eta_min": 0.6, "eta_max": 1.2, "pt_min": 25.0, "pt_max": 30.0, "eff": 0.8743654822335052}, {"eta_min": 1.2, "eta_max": 2.4, "pt_min": 25.0, "pt_max": 30.0, "eff": 0.8327109783420373}, {"eta_min": 0.0, "eta_max": 0.6, "pt_min": 30.0, "pt_max": 35.0, "eff": 0.900414937759331}, {"eta_min": 0.6, "eta_max": 1.2, "pt_min": 30.0, "pt_max": 35.0, "eff": 0.8663646659116673}, {"eta_min": 1.2, "eta_max": 2.4, "pt_min": 30.0, "pt_max": 35.0, "eff": 0.8543247344461226}, {"eta_min": 0.0, "eta_max": 0.6, "pt_min": 35.0, "pt_max": 40.0, "eff": 0.8890925756186911}, {"eta_min": 0.6, "eta_max": 1.2, "pt_min": 35.0, "pt_max": 40.0, "eff": 0.8822269807280495}, {"eta_min": 1.2, "eta_max": 2.4, "pt_min": 35.0, "pt_max": 40.0, "eff": 0.8590272052761665}, {"eta_min": 0.0, "eta_max": 0.6, "pt_min": 40.0, "pt_max": 45.0, "eff": 0.8970070422535147}, {"eta_min": 0.6, "eta_max": 1.2, "pt_min": 40.0, "pt_max": 45.0, "eff": 0.881052631578944}, {"eta_min": 1.2, "eta_max": 2.4, "pt_min": 40.0, "pt_max": 45.0, "eff": 0.8594009983360981}, {"eta_min": 0.0, "eta_max": 0.6, "pt_min": 45.0, "pt_max": 50.0, "eff": 0.8982300884955687}, {"eta_min": 0.6, "eta_max": 1.2, "pt_min": 45.0, "pt_max": 50.0, "eff": 0.8902821316614379}, {"eta_min": 1.2, "eta_max": 2.4, "pt_min": 45.0, "pt_max": 50.0, "eff": 0.8857395925597802}, {"eta_min": 0.0, "eta_max": 0.6, "pt_min": 50.0, "pt_max": 55.0, "eff": 0.8986988847583576}, {"eta_min": 0.6, "eta_max": 1.2, "pt_min": 50.0, "pt_max": 55.0, "eff": 0.9201277955271533}, {"eta_min": 1.2, "eta_max": 2.4, "pt_min": 50.0, "pt_max": 55.0, "eff": 0.8691049085659197}, {"eta_min": 0.0, "eta_max": 0.6, "pt_min": 55.0, "pt_max": 60.0, "eff": 0.8948374760994192}, {"eta_min": 0.6, "eta_max": 1.2, "pt_min": 55.0, "pt_max": 60.0, "eff": 0.8966986155484531}, {"eta_min": 1.2, "eta_max": 2.4, "pt_min": 55.0, "pt_max": 60.0, "eff": 0.8810068649885606}, {"eta_min": 0.0, "eta_max": 0.6, "pt_min": 60.0, "pt_max": 65.0, "eff": 0.8962818003913822}, {"eta_min": 0.6, "eta_max": 1.2, "pt_min": 60.0, "pt_max": 65.0, "eff": 0.8945497630331775}, {"eta_min": 1.2, "eta_max": 2.4, "pt_min": 60.0, "pt_max": 65.0, "eff": 0.8679471788715513}, {"eta_min": 0.0, "eta_max": 0.6, "pt_min": 65.0, "pt_max": 70.0, "eff": 0.9278242677824218}, {"eta_min": 0.6, "eta_max": 1.2, "pt_min": 65.0, "pt_max": 70.0, "eff": 0.9194805194805212}, {"eta_min": 1.2, "eta_max": 2.4, "pt_min": 65.0, "pt_max": 70.0, "eff": 0.887139107611551}, {"eta_min": 0.0, "eta_max": 0.6, "pt_min": 70.0, "pt_max": 75.0, "eff": 0.9195804195804211}, {"eta_min": 0.6, "eta_max": 1.2, "pt_min": 70.0, "pt_max": 75.0, "eff": 0.90277777777778}, {"eta_min": 1.2, "eta_max": 2.4, "pt_min": 70.0, "pt_max": 75.0, "eff": 0.8873239436619744}, {"eta_min": 0.0, "eta_max": 0.6, "pt_min": 75.0, "pt_max": 1500.0, "eff": 0.9195085255767756}, {"eta_min": 0.6, "eta_max": 1.2, "pt_min": 75.0, "pt_max": 1500.0, "eff": 0.9133819951338041}, {"eta_min": 1.2, "eta_max": 2.4, "pt_min": 75.0, "pt_max": 1500.0, "eff": 0.8879453572087639}], "c": [{"eta_min": 0.0, "eta_max": 0.6, "pt_min": 20.0, "pt_max": 25.0, "eff": 0.4210526315789474}, {"eta_min": 0.6, "eta_max": 1.2, "pt_min": 20.0, "pt_max": 25.0, "eff": 0.4181818181818182}, {"eta_min": 1.2, "eta_max": 2.4, "pt_min": 20.0, "pt_max": 25.0, "eff": 0.5035971223021558}, {"eta_min": 0.0, "eta_max": 0.6, "pt_min": 25.0, "pt_max": 1500.0, "eff": 0.41525423728812255}, {"eta_min": 0.6, "eta_max": 1.2, "pt_min": 25.0, "pt_max": 1500.0, "eff": 0.3957863054928464}, {"eta_min": 1.2, "eta_max": 2.4, "pt_min": 25.0, "pt_max": 1500.0, "eff": 0.37834394904457636}], "udsg": [{"eta_min": 0.0, "eta_max": 0.6, "pt_min": 20.0, "pt_max": 25.0, "eff": 0.23093922651934207}, {"eta_min": 0.6, "eta_max": 1.2, "pt_min": 20.0, "pt_max": 25.0, "eff": 0.2346860643185342}, {"eta_min": 1.2, "eta_max": 2.4, "pt_min": 20.0, "pt_max": 25.0, "eff": 0.36971398490960944}, {"eta_min": 0.0, "eta_max": 0.6, "pt_min": 25.0, "pt_max": 1500.0, "eff": 0.15018371096144978}, {"eta_min": 0.6, "eta_max": 1.2, "pt_min": 25.0, "pt_max": 1500.0, "eff": 0.14734422880492778}, {"eta_min": 1.2, "eta_max": 2.4, "pt_min": 25.0, "pt_max": 1500.0, "eff": 0.19477803668518393}]}, "ST_tW_top": {"b": [{"eta_min": 0.0, "eta_max": 0.6, "pt_min": 20.0, "pt_max": 25.0, "eff": 0.8432432432432462}, {"eta_min": 0.6, "eta_max": 1.2, "pt_min": 20.0, "pt_max": 25.0, "eff": 0.8401084010840139}, {"eta_min": 1.2, "eta_max": 2.4, "pt_min": 20.0, "pt_max": 25.0, "eff": 0.806201550387599}, {"eta_min": 0.0, "eta_max": 0.6, "pt_min": 25.0, "pt_max": 30.0, "eff": 0.8504221954161666}, {"eta_min": 0.6, "eta_max": 1.2, "pt_min": 25.0, "pt_max": 30.0, "eff": 0.8597222222222249}, {"eta_min": 1.2, "eta_max": 2.4, "pt_min": 25.0, "pt_max": 30.0, "eff": 0.8262676641729031}, {"eta_min": 0.0, "eta_max": 0.6, "pt_min": 30.0, "pt_max": 35.0, "eff": 0.8739789964994187}, {"eta_min": 0.6, "eta_max": 1.2, "pt_min": 30.0, "pt_max": 35.0, "eff": 0.8721704394141169}, {"eta_min": 1.2, "eta_max": 2.4, "pt_min": 30.0, "pt_max": 35.0, "eff": 0.8414322250639406}, {"eta_min": 0.0, "eta_max": 0.6, "pt_min": 35.0, "pt_max": 40.0, "eff": 0.8802197802197821}, {"eta_min": 0.6, "eta_max": 1.2, "pt_min": 35.0, "pt_max": 40.0, "eff": 0.8884803921568647}, {"eta_min": 1.2, "eta_max": 2.4, "pt_min": 35.0, "pt_max": 40.0, "eff": 0.85987261146497}, {"eta_min": 0.0, "eta_max": 0.6, "pt_min": 40.0, "pt_max": 45.0, "eff": 0.8955375253549711}, {"eta_min": 0.6, "eta_max": 1.2, "pt_min": 40.0, "pt_max": 45.0, "eff": 0.8712753277711582}, {"eta_min": 1.2, "eta_max": 2.4, "pt_min": 40.0, "pt_max": 45.0, "eff": 0.8583162217659158}, {"eta_min": 0.0, "eta_max": 0.6, "pt_min": 45.0, "pt_max": 50.0, "eff": 0.9036742800397233}, {"eta_min": 0.6, "eta_max": 1.2, "pt_min": 45.0, "pt_max": 50.0, "eff": 0.9106078665077488}, {"eta_min": 1.2, "eta_max": 2.4, "pt_min": 45.0, "pt_max": 50.0, "eff": 0.8798735511064296}, {"eta_min": 0.0, "eta_max": 0.6, "pt_min": 50.0, "pt_max": 55.0, "eff": 0.8852791878172606}, {"eta_min": 0.6, "eta_max": 1.2, "pt_min": 50.0, "pt_max": 55.0, "eff": 0.8887559808612459}, {"eta_min": 1.2, "eta_max": 2.4, "pt_min": 50.0, "pt_max": 55.0, "eff": 0.8668981481481504}, {"eta_min": 0.0, "eta_max": 0.6, "pt_min": 55.0, "pt_max": 60.0, "eff": 0.9036269430051828}, {"eta_min": 0.6, "eta_max": 1.2, "pt_min": 55.0, "pt_max": 60.0, "eff": 0.8797953964194395}, {"eta_min": 1.2, "eta_max": 2.4, "pt_min": 55.0, "pt_max": 60.0, "eff": 0.8815286624203843}, {"eta_min": 0.0, "eta_max": 0.6, "pt_min": 60.0, "pt_max": 65.0, "eff": 0.8984547461368669}, {"eta_min": 0.6, "eta_max": 1.2, "pt_min": 60.0, "pt_max": 65.0, "eff": 0.8861454046639253}, {"eta_min": 1.2, "eta_max": 2.4, "pt_min": 60.0, "pt_max": 65.0, "eff": 0.8867667121418848}, {"eta_min": 0.0, "eta_max": 0.6, "pt_min": 65.0, "pt_max": 70.0, "eff": 0.9074733096085424}, {"eta_min": 0.6, "eta_max": 1.2, "pt_min": 65.0, "pt_max": 70.0, "eff": 0.8905325443787004}, {"eta_min": 1.2, "eta_max": 2.4, "pt_min": 65.0, "pt_max": 70.0, "eff": 0.8761194029850772}, {"eta_min": 0.0, "eta_max": 0.6, "pt_min": 70.0, "pt_max": 1500.0, "eff": 0.918600179464134}, {"eta_min": 0.6, "eta_max": 1.2, "pt_min": 70.0, "pt_max": 1500.0, "eff": 0.9098083427283099}, {"eta_min": 1.2, "eta_max": 2.4, "pt_min": 70.0, "pt_max": 1500.0, "eff": 0.885410946366483}], "c": [{"eta_min": 0.0, "eta_max": 0.6, "pt_min": 20.0, "pt_max": 25.0, "eff": 0.4558823529411776}, {"eta_min": 0.6, "eta_max": 1.2, "pt_min": 20.0, "pt_max": 25.0, "eff": 0.5000000000000018}, {"eta_min": 1.2, "eta_max": 2.4, "pt_min": 20.0, "pt_max": 25.0, "eff": 0.45679012345679054}, {"eta_min": 0.0, "eta_max": 0.6, "pt_min": 25.0, "pt_max": 1500.0, "eff": 0.41200828157350466}, {"eta_min": 0.6, "eta_max": 1.2, "pt_min": 25.0, "pt_max": 1500.0, "eff": 0.401006711409403}, {"eta_min": 1.2, "eta_max": 2.4, "pt_min": 25.0, "pt_max": 1500.0, "eff": 0.39565217391304963}], "udsg": [{"eta_min": 0.0, "eta_max": 0.6, "pt_min": 20.0, "pt_max": 25.0, "eff": 0.22617534942819983}, {"eta_min": 0.6, "eta_max": 1.2, "pt_min": 20.0, "pt_max": 25.0, "eff": 0.2562604340567503}, {"eta_min": 1.2, "eta_max": 2.4, "pt_min": 20.0, "pt_max": 25.0, "eff": 0.363910681955354}, {"eta_min": 0.0, "eta_max": 0.6, "pt_min": 25.0, "pt_max": 1500.0, "eff": 0.1413477759033726}, {"eta_min": 0.6, "eta_max": 1.2, "pt_min": 25.0, "pt_max": 1500.0, "eff": 0.14409671443889568}, {"eta_min": 1.2, "eta_max": 2.4, "pt_min": 25.0, "pt_max": 1500.0, "eff": 0.1947990543735239}]}, "WZ": {"b": [{"eta_min": 0.0, "eta_max": 0.6, "pt_min": 20.0, "pt_max": 25.0, "eff": 0.6842105263157892}, {"eta_min": 0.6, "eta_max": 1.2, "pt_min": 20.0, "pt_max": 25.0, "eff": 0.71875}, {"eta_min": 1.2, "eta_max": 2.4, "pt_min": 20.0, "pt_max": 25.0, "eff": 0.7528089887640446}, {"eta_min": 0.0, "eta_max": 0.6, "pt_min": 25.0, "pt_max": 1500.0, "eff": 0.8412162162162148}, {"eta_min": 0.6, "eta_max": 1.2, "pt_min": 25.0, "pt_max": 1500.0, "eff": 0.8566037735849067}, {"eta_min": 1.2, "eta_max": 2.4, "pt_min": 25.0, "pt_max": 1500.0, "eff": 0.8100558659217845}], "c": [{"eta_min": 0.0, "eta_max": 0.6, "pt_min": 20.0, "pt_max": 25.0, "eff": 0.44360902255638923}, {"eta_min": 0.6, "eta_max": 1.2, "pt_min": 20.0, "pt_max": 25.0, "eff": 0.41711229946524003}, {"eta_min": 1.2, "eta_max": 2.4, "pt_min": 20.0, "pt_max": 25.0, "eff": 0.46488764044943365}, {"eta_min": 0.0, "eta_max": 0.6, "pt_min": 25.0, "pt_max": 1500.0, "eff": 0.4084821428571629}, {"eta_min": 0.6, "eta_max": 1.2, "pt_min": 25.0, "pt_max": 1500.0, "eff": 0.405740181268904}, {"eta_min": 1.2, "eta_max": 2.4, "pt_min": 25.0, "pt_max": 1500.0, "eff": 0.4230625233994889}], "udsg": [{"eta_min": 0.0, "eta_max": 0.6, "pt_min": 20.0, "pt_max": 25.0, "eff": 0.25431425976387156}, {"eta_min": 0.6, "eta_max": 1.2, "pt_min": 20.0, "pt_max": 25.0, "eff": 0.27703807521609153}, {"eta_min": 1.2, "eta_max": 2.4, "pt_min": 20.0, "pt_max": 25.0, "eff": 0.3877661299037959}, {"eta_min": 0.0, "eta_max": 0.6, "pt_min": 25.0, "pt_max": 1500.0, "eff": 0.1352761132905022}, {"eta_min": 0.6, "eta_max": 1.2, "pt_min": 25.0, "pt_max": 1500.0, "eff": 0.14480615966498353}, {"eta_min": 1.2, "eta_max": 2.4, "pt_min": 25.0, "pt_max": 1500.0, "eff": 0.1963728434317152}]}, "WWW": {"b": [{"eta_min": 0.0, "eta_max": 0.6, "pt_min": 20.0, "pt_max": 1500.0, "eff": 1.0}, {"eta_min": 0.6, "eta_max": 1.2, "pt_min": 20.0, "pt_max": 1500.0, "eff": 1.0}, {"eta_min": 1.2, "eta_max": 2.4, "pt_min": 20.0, "pt_max": 1500.0, "eff": 1.0}], "c": [{"eta_min": 0.0, "eta_max": 0.6, "pt_min": 20.0, "pt_max": 1500.0, "eff": 0.4716981132075466}, {"eta_min": 0.6, "eta_max": 1.2, "pt_min": 20.0, "pt_max": 1500.0, "eff": 0.45454545454545375}, {"eta_min": 1.2, "eta_max": 2.4, "pt_min": 20.0, "pt_max": 1500.0, "eff": 0.4999999999999992}], "udsg": [{"eta_min": 0.0, "eta_max": 0.6, "pt_min": 20.0, "pt_max": 25.0, "eff": 0.3055555555555556}, {"eta_min": 0.6, "eta_max": 1.2, "pt_min": 20.0, "pt_max": 25.0, "eff": 0.2857142857142858}, {"eta_min": 1.2, "eta_max": 2.4, "pt_min": 20.0, "pt_max": 25.0, "eff": 0.37209302325581317}, {"eta_min": 0.0, "eta_max": 0.6, "pt_min": 25.0, "pt_max": 1500.0, "eff": 0.11578947368421016}, {"eta_min": 0.6, "eta_max": 1.2, "pt_min": 25.0, "pt_max": 1500.0, "eff": 0.11224489795918331}, {"eta_min": 1.2, "eta_max": 2.4, "pt_min": 25.0, "pt_max": 1500.0, "eff": 0.18435754189944106}]}, "WWZ": {"b": [{"eta_min": 0.0, "eta_max": 0.6, "pt_min": 20.0, "pt_max": 1500.0, "eff": 0.8666666666666669}, {"eta_min": 0.6, "eta_max": 1.2, "pt_min": 20.0, "pt_max": 1500.0, "eff": 0.8750000000000002}, {"eta_min": 1.2, "eta_max": 2.4, "pt_min": 20.0, "pt_max": 1500.0, "eff": 0.9487179487179488}], "c": [{"eta_min": 0.0, "eta_max": 0.6, "pt_min": 20.0, "pt_max": 25.0, "eff": 0.27272727272727265}, {"eta_min": 0.6, "eta_max": 1.2, "pt_min": 20.0, "pt_max": 25.0, "eff": 0.5714285714285714}, {"eta_min": 1.2, "eta_max": 2.4, "pt_min": 20.0, "pt_max": 25.0, "eff": 0.48275862068965536}, {"eta_min": 0.0, "eta_max": 0.6, "pt_min": 25.0, "pt_max": 1500.0, "eff": 0.3888888888888869}, {"eta_min": 0.6, "eta_max": 1.2, "pt_min": 25.0, "pt_max": 1500.0, "eff": 0.41150442477875965}, {"eta_min": 1.2, "eta_max": 2.4, "pt_min": 25.0, "pt_max": 1500.0, "eff": 0.4589552238805942}], "udsg": [{"eta_min": 0.0, "eta_max": 0.6, "pt_min": 20.0, "pt_max": 25.0, "eff": 0.18125000000000027}, {"eta_min": 0.6, "eta_max": 1.2, "pt_min": 20.0, "pt_max": 25.0, "eff": 0.2500000000000003}, {"eta_min": 1.2, "eta_max": 2.4, "pt_min": 20.0, "pt_max": 25.0, "eff": 0.36781609195402093}, {"eta_min": 0.0, "eta_max": 0.6, "pt_min": 25.0, "pt_max": 1500.0, "eff": 0.09090909090909204}, {"eta_min": 0.6, "eta_max": 1.2, "pt_min": 25.0, "pt_max": 1500.0, "eff": 0.10876132930513653}, {"eta_min": 1.2, "eta_max": 2.4, "pt_min": 25.0, "pt_max": 1500.0, "eff": 0.1639344262295124}]}, "Signal_800_400": {"b": [{"eta_min": 0.0, "eta_max": 0.6, "pt_min": 20.0, "pt_max": 25.0, "eff": 0.8315730430209263}, {"eta_min": 0.6, "eta_max": 1.2, "pt_min": 20.0, "pt_max": 25.0, "eff": 0.8473732194672104}, {"eta_min": 1.2, "eta_max": 2.4, "pt_min": 20.0, "pt_max": 25.0, "eff": 0.8109272870130203}, {"eta_min": 0.0, "eta_max": 0.6, "pt_min": 25.0, "pt_max": 30.0, "eff": 0.8425839733732583}, {"eta_min": 0.6, "eta_max": 1.2, "pt_min": 25.0, "pt_max": 30.0, "eff": 0.8402706421806895}, {"eta_min": 1.2, "eta_max": 2.4, "pt_min": 25.0, "pt_max": 30.0, "eff": 0.8309706297883332}, {"eta_min": 0.0, "eta_max": 0.6, "pt_min": 30.0, "pt_max": 35.0, "eff": 0.887484547466888}, {"eta_min": 0.6, "eta_max": 1.2, "pt_min": 30.0, "pt_max": 35.0, "eff": 0.8702003728628107}, {"eta_min": 1.2, "eta_max": 2.4, "pt_min": 30.0, "pt_max": 35.0, "eff": 0.8431323380680739}, {"eta_min": 0.0, "eta_max": 0.6, "pt_min": 35.0, "pt_max": 1500.0, "eff": 0.9086247528091201}, {"eta_min": 0.6, "eta_max": 1.2, "pt_min": 35.0, "pt_max": 1500.0, "eff": 0.8953023636421349}, {"eta_min": 1.2, "eta_max": 2.4, "pt_min": 35.0, "pt_max": 1500.0, "eff": 0.8708496616818169}], "c": [{"eta_min": 0.0, "eta_max": 0.6, "pt_min": 20.0, "pt_max": 25.0, "eff": 0.41803860346874055}, {"eta_min": 0.6, "eta_max": 1.2, "pt_min": 20.0, "pt_max": 25.0, "eff": 0.42762692757181037}, {"eta_min": 1.2, "eta_max": 2.4, "pt_min": 20.0, "pt_max": 25.0, "eff": 0.4517993942753566}, {"eta_min": 0.0, "eta_max": 0.6, "pt_min": 25.0, "pt_max": 1500.0, "eff": 0.37203560297488886}, {"eta_min": 0.6, "eta_max": 1.2, "pt_min": 25.0, "pt_max": 1500.0, "eff": 0.352871088595866}, {"eta_min": 1.2, "eta_max": 2.4, "pt_min": 25.0, "pt_max": 1500.0, "eff": 0.36819884969609307}], "udsg": [{"eta_min": 0.0, "eta_max": 0.6, "pt_min": 20.0, "pt_max": 25.0, "eff": 0.21731791192166736}, {"eta_min": 0.6, "eta_max": 1.2, "pt_min": 20.0, "pt_max": 25.0, "eff": 0.23311406022137612}, {"eta_min": 1.2, "eta_max": 2.4, "pt_min": 20.0, "pt_max": 25.0, "eff": 0.34129764259733664}, {"eta_min": 0.0, "eta_max": 0.6, "pt_min": 25.0, "pt_max": 1500.0, "eff": 0.09664545005984854}, {"eta_min": 0.6, "eta_max": 1.2, "pt_min": 25.0, "pt_max": 1500.0, "eff": 0.09596851494978473}, {"eta_min": 1.2, "eta_max": 2.4, "pt_min": 25.0, "pt_max": 1500.0, "eff": 0.15766823780860692}]}, "WZZ": {"b": [{"eta_min": 0.0, "eta_max": 0.6, "pt_min": 20.0, "pt_max": 25.0, "eff": 0.6799999999999996}, {"eta_min": 0.6, "eta_max": 1.2, "pt_min": 20.0, "pt_max": 25.0, "eff": 0.7916666666666664}, {"eta_min": 1.2, "eta_max": 2.4, "pt_min": 20.0, "pt_max": 25.0, "eff": 0.7857142857142855}, {"eta_min": 0.0, "eta_max": 0.6, "pt_min": 25.0, "pt_max": 1500.0, "eff": 0.901162790697674}, {"eta_min": 0.6, "eta_max": 1.2, "pt_min": 25.0, "pt_max": 1500.0, "eff": 0.8949044585987256}, {"eta_min": 1.2, "eta_max": 2.4, "pt_min": 25.0, "pt_max": 1500.0, "eff": 0.8873239436619714}], "c": [{"eta_min": 0.0, "eta_max": 0.6, "pt_min": 20.0, "pt_max": 25.0, "eff": 0.6078431372549017}, {"eta_min": 0.6, "eta_max": 1.2, "pt_min": 20.0, "pt_max": 25.0, "eff": 0.27083333333333304}, {"eta_min": 1.2, "eta_max": 2.4, "pt_min": 20.0, "pt_max": 25.0, "eff": 0.5730337078651695}, {"eta_min": 0.0, "eta_max": 0.6, "pt_min": 25.0, "pt_max": 30.0, "eff": 0.4047619047619044}, {"eta_min": 0.6, "eta_max": 1.2, "pt_min": 25.0, "pt_max": 30.0, "eff": 0.3636363636363633}, {"eta_min": 1.2, "eta_max": 2.4, "pt_min": 25.0, "pt_max": 30.0, "eff": 0.3962264150943393}, {"eta_min": 0.0, "eta_max": 0.6, "pt_min": 30.0, "pt_max": 35.0, "eff": 0.4259259259259256}, {"eta_min": 0.6, "eta_max": 1.2, "pt_min": 30.0, "pt_max": 35.0, "eff": 0.47058823529411725}, {"eta_min": 1.2, "eta_max": 2.4, "pt_min": 30.0, "pt_max": 35.0, "eff": 0.5438596491228068}, {"eta_min": 0.0, "eta_max": 0.6, "pt_min": 35.0, "pt_max": 1500.0, "eff": 0.4357541899441326}, {"eta_min": 0.6, "eta_max": 1.2, "pt_min": 35.0, "pt_max": 1500.0, "eff": 0.4104166666666649}, {"eta_min": 1.2, "eta_max": 2.4, "pt_min": 35.0, "pt_max": 1500.0, "eff": 0.43842364532019573}], "udsg": [{"eta_min": 0.0, "eta_max": 0.6, "pt_min": 20.0, "pt_max": 25.0, "eff": 0.1954314720812173}, {"eta_min": 0.6, "eta_max": 1.2, "pt_min": 20.0, "pt_max": 25.0, "eff": 0.2715736040609119}, {"eta_min": 1.2, "eta_max": 2.4, "pt_min": 20.0, "pt_max": 25.0, "eff": 0.3606340819022445}, {"eta_min": 0.0, "eta_max": 0.6, "pt_min": 25.0, "pt_max": 30.0, "eff": 0.18205804749340293}, {"eta_min": 0.6, "eta_max": 1.2, "pt_min": 25.0, "pt_max": 30.0, "eff": 0.22839506172839416}, {"eta_min": 1.2, "eta_max": 2.4, "pt_min": 25.0, "pt_max": 30.0, "eff": 0.26666666666666466}, {"eta_min": 0.0, "eta_max": 0.6, "pt_min": 30.0, "pt_max": 1500.0, "eff": 0.09542876209542882}, {"eta_min": 0.6, "eta_max": 1.2, "pt_min": 30.0, "pt_max": 1500.0, "eff": 0.09921671018276906}, {"eta_min": 1.2, "eta_max": 2.4, "pt_min": 30.0, "pt_max": 1500.0, "eff": 0.15635641316685348}]}, "TTGamma": {"b": [{"eta_min": 0.0, "eta_max": 0.6, "pt_min": 20.0, "pt_max": 25.0, "eff": 0.856012310397908}, {"eta_min": 0.6, "eta_max": 1.2, "pt_min": 20.0, "pt_max": 25.0, "eff": 0.8437574886173235}, {"eta_min": 1.2, "eta_max": 2.4, "pt_min": 20.0, "pt_max": 25.0, "eff": 0.8266755808122469}, {"eta_min": 0.0, "eta_max": 0.6, "pt_min": 25.0, "pt_max": 30.0, "eff": 0.8787644787644509}, {"eta_min": 0.6, "eta_max": 1.2, "pt_min": 25.0, "pt_max": 30.0, "eff": 0.8580079348507096}, {"eta_min": 1.2, "eta_max": 2.4, "pt_min": 25.0, "pt_max": 30.0, "eff": 0.8404838709676934}, {"eta_min": 0.0, "eta_max": 0.6, "pt_min": 30.0, "pt_max": 35.0, "eff": 0.8829020635440189}, {"eta_min": 0.6, "eta_max": 1.2, "pt_min": 30.0, "pt_max": 35.0, "eff": 0.8614492753622941}, {"eta_min": 1.2, "eta_max": 2.4, "pt_min": 30.0, "pt_max": 35.0, "eff": 0.8434208457789192}, {"eta_min": 0.0, "eta_max": 0.6, "pt_min": 35.0, "pt_max": 40.0, "eff": 0.8944954128440052}, {"eta_min": 0.6, "eta_max": 1.2, "pt_min": 35.0, "pt_max": 40.0, "eff": 0.8779249047705006}, {"eta_min": 1.2, "eta_max": 2.4, "pt_min": 35.0, "pt_max": 40.0, "eff": 0.854176424668185}, {"eta_min": 0.0, "eta_max": 0.6, "pt_min": 40.0, "pt_max": 45.0, "eff": 0.8913978494623341}, {"eta_min": 0.6, "eta_max": 1.2, "pt_min": 40.0, "pt_max": 45.0, "eff": 0.8922035139091868}, {"eta_min": 1.2, "eta_max": 2.4, "pt_min": 40.0, "pt_max": 45.0, "eff": 0.8572850979090161}, {"eta_min": 0.0, "eta_max": 0.6, "pt_min": 45.0, "pt_max": 50.0, "eff": 0.8964603149851559}, {"eta_min": 0.6, "eta_max": 1.2, "pt_min": 45.0, "pt_max": 50.0, "eff": 0.8875184094255869}, {"eta_min": 1.2, "eta_max": 2.4, "pt_min": 45.0, "pt_max": 50.0, "eff": 0.864357618153855}, {"eta_min": 0.0, "eta_max": 0.6, "pt_min": 50.0, "pt_max": 55.0, "eff": 0.9007352941176171}, {"eta_min": 0.6, "eta_max": 1.2, "pt_min": 50.0, "pt_max": 55.0, "eff": 0.9015777610818585}, {"eta_min": 1.2, "eta_max": 2.4, "pt_min": 50.0, "pt_max": 55.0, "eff": 0.8575317604355229}, {"eta_min": 0.0, "eta_max": 0.6, "pt_min": 55.0, "pt_max": 60.0, "eff": 0.9005201560467836}, {"eta_min": 0.6, "eta_max": 1.2, "pt_min": 55.0, "pt_max": 60.0, "eff": 0.9001657000828508}, {"eta_min": 1.2, "eta_max": 2.4, "pt_min": 55.0, "pt_max": 60.0, "eff": 0.8670036943418009}, {"eta_min": 0.0, "eta_max": 0.6, "pt_min": 60.0, "pt_max": 65.0, "eff": 0.9057712860705063}, {"eta_min": 0.6, "eta_max": 1.2, "pt_min": 60.0, "pt_max": 65.0, "eff": 0.8955351420636746}, {"eta_min": 1.2, "eta_max": 2.4, "pt_min": 60.0, "pt_max": 65.0, "eff": 0.8692242475625421}, {"eta_min": 0.0, "eta_max": 0.6, "pt_min": 65.0, "pt_max": 70.0, "eff": 0.9099302807612267}, {"eta_min": 0.6, "eta_max": 1.2, "pt_min": 65.0, "pt_max": 70.0, "eff": 0.8963233614980727}, {"eta_min": 1.2, "eta_max": 2.4, "pt_min": 65.0, "pt_max": 70.0, "eff": 0.8710340104999029}, {"eta_min": 0.0, "eta_max": 0.6, "pt_min": 70.0, "pt_max": 75.0, "eff": 0.9136690647481837}, {"eta_min": 0.6, "eta_max": 1.2, "pt_min": 70.0, "pt_max": 75.0, "eff": 0.9010442565887761}, {"eta_min": 1.2, "eta_max": 2.4, "pt_min": 70.0, "pt_max": 75.0, "eff": 0.8782389937107096}, {"eta_min": 0.0, "eta_max": 0.6, "pt_min": 75.0, "pt_max": 1500.0, "eff": 0.9181502563481623}, {"eta_min": 0.6, "eta_max": 1.2, "pt_min": 75.0, "pt_max": 1500.0, "eff": 0.9106016899395174}, {"eta_min": 1.2, "eta_max": 2.4, "pt_min": 75.0, "pt_max": 1500.0, "eff": 0.8844969199178923}], "c": [{"eta_min": 0.0, "eta_max": 0.6, "pt_min": 20.0, "pt_max": 25.0, "eff": 0.3832599118942718}, {"eta_min": 0.6, "eta_max": 1.2, "pt_min": 20.0, "pt_max": 25.0, "eff": 0.4265842349304477}, {"eta_min": 1.2, "eta_max": 2.4, "pt_min": 20.0, "pt_max": 25.0, "eff": 0.4336206896551596}, {"eta_min": 0.0, "eta_max": 0.6, "pt_min": 25.0, "pt_max": 1500.0, "eff": 0.38884419415396015}, {"eta_min": 0.6, "eta_max": 1.2, "pt_min": 25.0, "pt_max": 1500.0, "eff": 0.36552531460347626}, {"eta_min": 1.2, "eta_max": 2.4, "pt_min": 25.0, "pt_max": 1500.0, "eff": 0.3890931372549426}], "udsg": [{"eta_min": 0.0, "eta_max": 0.6, "pt_min": 20.0, "pt_max": 25.0, "eff": 0.2189216683621921}, {"eta_min": 0.6, "eta_max": 1.2, "pt_min": 20.0, "pt_max": 25.0, "eff": 0.2323723515109744}, {"eta_min": 1.2, "eta_max": 2.4, "pt_min": 20.0, "pt_max": 25.0, "eff": 0.3514829892412465}, {"eta_min": 0.0, "eta_max": 0.6, "pt_min": 25.0, "pt_max": 1500.0, "eff": 0.20463408747349066}, {"eta_min": 0.6, "eta_max": 1.2, "pt_min": 25.0, "pt_max": 1500.0, "eff": 0.1981456431068425}, {"eta_min": 1.2, "eta_max": 2.4, "pt_min": 25.0, "pt_max": 1500.0, "eff": 0.2115871848306819}]}, "DYJetsToLL": {"b": [{"eta_min": 0.0, "eta_max": 0.6, "pt_min": 20.0, "pt_max": 25.0, "eff": 0.8367675888153738}, {"eta_min": 0.6, "eta_max": 1.2, "pt_min": 20.0, "pt_max": 25.0, "eff": 0.8512282897269976}, {"eta_min": 1.2, "eta_max": 2.4, "pt_min": 20.0, "pt_max": 25.0, "eff": 0.8166331911918286}, {"eta_min": 0.0, "eta_max": 0.6, "pt_min": 25.0, "pt_max": 1500.0, "eff": 0.8869286218318038}, {"eta_min": 0.6, "eta_max": 1.2, "pt_min": 25.0, "pt_max": 1500.0, "eff": 0.8822666970807437}, {"eta_min": 1.2, "eta_max": 2.4, "pt_min": 25.0, "pt_max": 1500.0, "eff": 0.8555611063660281}], "c": [{"eta_min": 0.0, "eta_max": 0.6, "pt_min": 20.0, "pt_max": 25.0, "eff": 0.40440857146800857}, {"eta_min": 0.6, "eta_max": 1.2, "pt_min": 20.0, "pt_max": 25.0, "eff": 0.4414848886502042}, {"eta_min": 1.2, "eta_max": 2.4, "pt_min": 20.0, "pt_max": 25.0, "eff": 0.45473625430484765}, {"eta_min": 0.0, "eta_max": 0.6, "pt_min": 25.0, "pt_max": 1500.0, "eff": 0.3789452259895203}, {"eta_min": 0.6, "eta_max": 1.2, "pt_min": 25.0, "pt_max": 1500.0, "eff": 0.3771154882899073}, {"eta_min": 1.2, "eta_max": 2.4, "pt_min": 25.0, "pt_max": 1500.0, "eff": 0.3921550258461427}], "udsg": [{"eta_min": 0.0, "eta_max": 0.6, "pt_min": 20.0, "pt_max": 25.0, "eff": 0.25170706379094626}, {"eta_min": 0.6, "eta_max": 1.2, "pt_min": 20.0, "pt_max": 25.0, "eff": 0.28363721188671276}, {"eta_min": 1.2, "eta_max": 2.4, "pt_min": 20.0, "pt_max": 25.0, "eff": 0.39570573055137753}, {"eta_min": 0.0, "eta_max": 0.6, "pt_min": 25.0, "pt_max": 30.0, "eff": 0.2135311468092998}, {"eta_min": 0.6, "eta_max": 1.2, "pt_min": 25.0, "pt_max": 30.0, "eff": 0.221118523480576}, {"eta_min": 1.2, "eta_max": 2.4, "pt_min": 25.0, "pt_max": 30.0, "eff": 0.29061235108008204}, {"eta_min": 0.0, "eta_max": 0.6, "pt_min": 30.0, "pt_max": 1500.0, "eff": 0.10067428608981645}, {"eta_min": 0.6, "eta_max": 1.2, "pt_min": 30.0, "pt_max": 1500.0, "eff": 0.11161834489273618}, {"eta_min": 1.2, "eta_max": 2.4, "pt_min": 30.0, "pt_max": 1500.0, "eff": 0.16241361369791252}]}}