{"Signal_600_300": {"b": [{"eta_min": 0.0, "eta_max": 0.6, "pt_min": 20.0, "pt_max": 25.0, "eff": 0.880868920232118}, {"eta_min": 0.6, "eta_max": 1.2, "pt_min": 20.0, "pt_max": 25.0, "eff": 0.8874088011833225}, {"eta_min": 1.2, "eta_max": 2.4, "pt_min": 20.0, "pt_max": 25.0, "eff": 0.8794049985484657}, {"eta_min": 0.0, "eta_max": 0.6, "pt_min": 25.0, "pt_max": 30.0, "eff": 0.9152128744702897}, {"eta_min": 0.6, "eta_max": 1.2, "pt_min": 25.0, "pt_max": 30.0, "eff": 0.8980752003171097}, {"eta_min": 1.2, "eta_max": 2.4, "pt_min": 25.0, "pt_max": 30.0, "eff": 0.8886973376549805}, {"eta_min": 0.0, "eta_max": 0.6, "pt_min": 30.0, "pt_max": 35.0, "eff": 0.9167992385654236}, {"eta_min": 0.6, "eta_max": 1.2, "pt_min": 30.0, "pt_max": 35.0, "eff": 0.906718542218475}, {"eta_min": 1.2, "eta_max": 2.4, "pt_min": 30.0, "pt_max": 35.0, "eff": 0.8924369833593019}, {"eta_min": 0.0, "eta_max": 0.6, "pt_min": 35.0, "pt_max": 1300.0, "eff": 0.9383089465416045}, {"eta_min": 0.6, "eta_max": 1.2, "pt_min": 35.0, "pt_max": 1300.0, "eff": 0.9299012701748566}, {"eta_min": 1.2, "eta_max": 2.4, "pt_min": 35.0, "pt_max": 1300.0, "eff": 0.9138819366042734}], "c": [{"eta_min": 0.0, "eta_max": 0.6, "pt_min": 20.0, "pt_max": 25.0, "eff": 0.49175531915998744}, {"eta_min": 0.6, "eta_max": 1.2, "pt_min": 20.0, "pt_max": 25.0, "eff": 0.49625392074585484}, {"eta_min": 1.2, "eta_max": 2.4, "pt_min": 20.0, "pt_max": 25.0, "eff": 0.530940516926905}, {"eta_min": 0.0, "eta_max": 0.6, "pt_min": 25.0, "pt_max": 1300.0, "eff": 0.4479100380241984}, {"eta_min": 0.6, "eta_max": 1.2, "pt_min": 25.0, "pt_max": 1300.0, "eff": 0.4478136723005637}, {"eta_min": 1.2, "eta_max": 2.4, "pt_min": 25.0, "pt_max": 1300.0, "eff": 0.44556159632131187}], "udsg": [{"eta_min": 0.0, "eta_max": 0.6, "pt_min": 20.0, "pt_max": 25.0, "eff": 0.3057688635224269}, {"eta_min": 0.6, "eta_max": 1.2, "pt_min": 20.0, "pt_max": 25.0, "eff": 0.31251345824469867}, {"eta_min": 1.2, "eta_max": 2.4, "pt_min": 20.0, "pt_max": 25.0, "eff": 0.3974534330248191}, {"eta_min": 0.0, "eta_max": 0.6, "pt_min": 25.0, "pt_max": 1300.0, "eff": 0.14433590490827877}, {"eta_min": 0.6, "eta_max": 1.2, "pt_min": 25.0, "pt_max": 1300.0, "eff": 0.14375653832858598}, {"eta_min": 1.2, "eta_max": 2.4, "pt_min": 25.0, "pt_max": 1300.0, "eff": 0.1869198614654537}]}, "ZGToLLG": {"b": [{"eta_min": 0.0, "eta_max": 0.6, "pt_min": 20.0, "pt_max": 25.0, "eff": 0.8435374149659864}, {"eta_min": 0.6, "eta_max": 1.2, "pt_min": 20.0, "pt_max": 25.0, "eff": 0.845360824742268}, {"eta_min": 1.2, "eta_max": 2.4, "pt_min": 20.0, "pt_max": 25.0, "eff": 0.8701298701298791}, {"eta_min": 0.0, "eta_max": 0.6, "pt_min": 25.0, "pt_max": 30.0, "eff": 0.8758169934640523}, {"eta_min": 0.6, "eta_max": 1.2, "pt_min": 25.0, "pt_max": 30.0, "eff": 0.8768898488120951}, {"eta_min": 1.2, "eta_max": 2.4, "pt_min": 25.0, "pt_max": 30.0, "eff": 0.8966521106259098}, {"eta_min": 0.0, "eta_max": 0.6, "pt_min": 30.0, "pt_max": 1300.0, "eff": 0.9192536047497761}, {"eta_min": 0.6, "eta_max": 1.2, "pt_min": 30.0, "pt_max": 1300.0, "eff": 0.9225287776356537}, {"eta_min": 1.2, "eta_max": 2.4, "pt_min": 30.0, "pt_max": 1300.0, "eff": 0.893900794245453}], "c": [{"eta_min": 0.0, "eta_max": 0.6, "pt_min": 20.0, "pt_max": 25.0, "eff": 0.510424155283988}, {"eta_min": 0.6, "eta_max": 1.2, "pt_min": 20.0, "pt_max": 25.0, "eff": 0.48578016910070904}, {"eta_min": 1.2, "eta_max": 2.4, "pt_min": 20.0, "pt_max": 25.0, "eff": 0.5116801437556282}, {"eta_min": 0.0, "eta_max": 0.6, "pt_min": 25.0, "pt_max": 1300.0, "eff": 0.472427592755853}, {"eta_min": 0.6, "eta_max": 1.2, "pt_min": 25.0, "pt_max": 1300.0, "eff": 0.476041898818776}, {"eta_min": 1.2, "eta_max": 2.4, "pt_min": 25.0, "pt_max": 1300.0, "eff": 0.47541866028705404}], "udsg": [{"eta_min": 0.0, "eta_max": 0.6, "pt_min": 20.0, "pt_max": 25.0, "eff": 0.3084292484767934}, {"eta_min": 0.6, "eta_max": 1.2, "pt_min": 20.0, "pt_max": 25.0, "eff": 0.3213565668203934}, {"eta_min": 1.2, "eta_max": 2.4, "pt_min": 20.0, "pt_max": 25.0, "eff": 0.4253920080936196}, {"eta_min": 0.0, "eta_max": 0.6, "pt_min": 25.0, "pt_max": 1300.0, "eff": 0.17312773976817902}, {"eta_min": 0.6, "eta_max": 1.2, "pt_min": 25.0, "pt_max": 1300.0, "eff": 0.17991835093487607}, {"eta_min": 1.2, "eta_max": 2.4, "pt_min": 25.0, "pt_max": 1300.0, "eff": 0.219644116638498}]}, "ZZZ": {"b": [{"eta_min": 0.0, "eta_max": 0.6, "pt_min": 20.0, "pt_max": 25.0, "eff": 0.8823529413987135}, {"eta_min": 0.6, "eta_max": 1.2, "pt_min": 20.0, "pt_max": 25.0, "eff": 0.8446601957215832}, {"eta_min": 1.2, "eta_max": 2.4, "pt_min": 20.0, "pt_max": 25.0, "eff": 0.8958333346667713}, {"eta_min": 0.0, "eta_max": 0.6, "pt_min": 25.0, "pt_max": 30.0, "eff": 0.9555555536961137}, {"eta_min": 0.6, "eta_max": 1.2, "pt_min": 25.0, "pt_max": 30.0, "eff": 0.8876404496226725}, {"eta_min": 1.2, "eta_max": 2.4, "pt_min": 25.0, "pt_max": 30.0, "eff": 0.9185185191599176}, {"eta_min": 0.0, "eta_max": 0.6, "pt_min": 30.0, "pt_max": 35.0, "eff": 0.9595959584720833}, {"eta_min": 0.6, "eta_max": 1.2, "pt_min": 30.0, "pt_max": 35.0, "eff": 0.9375000004390593}, {"eta_min": 1.2, "eta_max": 2.4, "pt_min": 30.0, "pt_max": 35.0, "eff": 0.9262295088688205}, {"eta_min": 0.0, "eta_max": 0.6, "pt_min": 35.0, "pt_max": 40.0, "eff": 0.9484536078412619}, {"eta_min": 0.6, "eta_max": 1.2, "pt_min": 35.0, "pt_max": 40.0, "eff": 0.9684210533414681}, {"eta_min": 1.2, "eta_max": 2.4, "pt_min": 35.0, "pt_max": 40.0, "eff": 0.9059829065001934}, {"eta_min": 0.0, "eta_max": 0.6, "pt_min": 40.0, "pt_max": 45.0, "eff": 0.928571429636435}, {"eta_min": 0.6, "eta_max": 1.2, "pt_min": 40.0, "pt_max": 45.0, "eff": 0.9690721645781303}, {"eta_min": 1.2, "eta_max": 2.4, "pt_min": 40.0, "pt_max": 45.0, "eff": 0.8596491218902509}, {"eta_min": 0.0, "eta_max": 0.6, "pt_min": 45.0, "pt_max": 1300.0, "eff": 0.9385416662737087}, {"eta_min": 0.6, "eta_max": 1.2, "pt_min": 45.0, "pt_max": 1300.0, "eff": 0.916767189257558}, {"eta_min": 1.2, "eta_max": 2.4, "pt_min": 45.0, "pt_max": 1300.0, "eff": 0.9194270361953113}], "c": [{"eta_min": 0.0, "eta_max": 0.6, "pt_min": 20.0, "pt_max": 25.0, "eff": 0.547169805378688}, {"eta_min": 0.6, "eta_max": 1.2, "pt_min": 20.0, "pt_max": 25.0, "eff": 0.5789473678606147}, {"eta_min": 1.2, "eta_max": 2.4, "pt_min": 20.0, "pt_max": 25.0, "eff": 0.5352112695120266}, {"eta_min": 0.0, "eta_max": 0.6, "pt_min": 25.0, "pt_max": 1300.0, "eff": 0.4946938772768876}, {"eta_min": 0.6, "eta_max": 1.2, "pt_min": 25.0, "pt_max": 1300.0, "eff": 0.5088183423867987}, {"eta_min": 1.2, "eta_max": 2.4, "pt_min": 25.0, "pt_max": 1300.0, "eff": 0.4969072163472052}], "udsg": [{"eta_min": 0.0, "eta_max": 0.6, "pt_min": 20.0, "pt_max": 25.0, "eff": 0.2917063875966538}, {"eta_min": 0.6, "eta_max": 1.2, "pt_min": 20.0, "pt_max": 25.0, "eff": 0.30594059669457546}, {"eta_min": 1.2, "eta_max": 2.4, "pt_min": 20.0, "pt_max": 25.0, "eff": 0.4266842800711911}, {"eta_min": 0.0, "eta_max": 0.6, "pt_min": 25.0, "pt_max": 1300.0, "eff": 0.1266778522565909}, {"eta_min": 0.6, "eta_max": 1.2, "pt_min": 25.0, "pt_max": 1300.0, "eff": 0.1441903874345733}, {"eta_min": 1.2, "eta_max": 2.4, "pt_min": 25.0, "pt_max": 1300.0, "eff": 0.19209039577544781}]}, "ZZ": {"b": [{"eta_min": 0.0, "eta_max": 0.6, "pt_min": 20.0, "pt_max": 25.0, "eff": 0.8830083565459619}, {"eta_min": 0.6, "eta_max": 1.2, "pt_min": 20.0, "pt_max": 25.0, "eff": 0.8791540785498498}, {"eta_min": 1.2, "eta_max": 2.4, "pt_min": 20.0, "pt_max": 25.0, "eff": 0.9090909090909096}, {"eta_min": 0.0, "eta_max": 0.6, "pt_min": 25.0, "pt_max": 30.0, "eff": 0.8908554572271394}, {"eta_min": 0.6, "eta_max": 1.2, "pt_min": 25.0, "pt_max": 30.0, "eff": 0.9261538461538468}, {"eta_min": 1.2, "eta_max": 2.4, "pt_min": 25.0, "pt_max": 30.0, "eff": 0.8711790393013108}, {"eta_min": 0.0, "eta_max": 0.6, "pt_min": 30.0, "pt_max": 35.0, "eff": 0.9068322981366467}, {"eta_min": 0.6, "eta_max": 1.2, "pt_min": 30.0, "pt_max": 35.0, "eff": 0.9049180327868861}, {"eta_min": 1.2, "eta_max": 2.4, "pt_min": 30.0, "pt_max": 35.0, "eff": 0.8908685968819605}, {"eta_min": 0.0, "eta_max": 0.6, "pt_min": 35.0, "pt_max": 1300.0, "eff": 0.9373730534867964}, {"eta_min": 0.6, "eta_max": 1.2, "pt_min": 35.0, "pt_max": 1300.0, "eff": 0.9386959603118346}, {"eta_min": 1.2, "eta_max": 2.4, "pt_min": 35.0, "pt_max": 1300.0, "eff": 0.9182641107561225}], "c": [{"eta_min": 0.0, "eta_max": 0.6, "pt_min": 20.0, "pt_max": 25.0, "eff": 0.5594059405940622}, {"eta_min": 0.6, "eta_max": 1.2, "pt_min": 20.0, "pt_max": 25.0, "eff": 0.5734463276836189}, {"eta_min": 1.2, "eta_max": 2.4, "pt_min": 20.0, "pt_max": 25.0, "eff": 0.5555555555555579}, {"eta_min": 0.0, "eta_max": 0.6, "pt_min": 25.0, "pt_max": 1300.0, "eff": 0.4899328859060329}, {"eta_min": 0.6, "eta_max": 1.2, "pt_min": 25.0, "pt_max": 1300.0, "eff": 0.4995319812792435}, {"eta_min": 1.2, "eta_max": 2.4, "pt_min": 25.0, "pt_max": 1300.0, "eff": 0.486620885626326}], "udsg": [{"eta_min": 0.0, "eta_max": 0.6, "pt_min": 20.0, "pt_max": 25.0, "eff": 0.32956448911222086}, {"eta_min": 0.6, "eta_max": 1.2, "pt_min": 20.0, "pt_max": 25.0, "eff": 0.34692542520714514}, {"eta_min": 1.2, "eta_max": 2.4, "pt_min": 20.0, "pt_max": 25.0, "eff": 0.4496238747072006}, {"eta_min": 0.0, "eta_max": 0.6, "pt_min": 25.0, "pt_max": 1300.0, "eff": 0.15847239332512622}, {"eta_min": 0.6, "eta_max": 1.2, "pt_min": 25.0, "pt_max": 1300.0, "eff": 0.17276606219746196}, {"eta_min": 1.2, "eta_max": 2.4, "pt_min": 25.0, "pt_max": 1300.0, "eff": 0.2198677790928082}]}, "WW": {"b": [{"eta_min": 0.0, "eta_max": 0.6, "pt_min": 20.0, "pt_max": 25.0, "eff": 0.8846153846153846}, {"eta_min": 0.6, "eta_max": 1.2, "pt_min": 20.0, "pt_max": 25.0, "eff": 0.9583333333333334}, {"eta_min": 1.2, "eta_max": 2.4, "pt_min": 20.0, "pt_max": 25.0, "eff": 0.8863636363636364}, {"eta_min": 0.0, "eta_max": 0.6, "pt_min": 25.0, "pt_max": 1300.0, "eff": 0.9090909090909086}, {"eta_min": 0.6, "eta_max": 1.2, "pt_min": 25.0, "pt_max": 1300.0, "eff": 0.9152542372881352}, {"eta_min": 1.2, "eta_max": 2.4, "pt_min": 25.0, "pt_max": 1300.0, "eff": 0.9062499999999997}], "c": [{"eta_min": 0.0, "eta_max": 0.6, "pt_min": 20.0, "pt_max": 25.0, "eff": 0.44155844155844226}, {"eta_min": 0.6, "eta_max": 1.2, "pt_min": 20.0, "pt_max": 25.0, "eff": 0.4545454545454553}, {"eta_min": 1.2, "eta_max": 2.4, "pt_min": 20.0, "pt_max": 25.0, "eff": 0.4970059880239511}, {"eta_min": 0.0, "eta_max": 0.6, "pt_min": 25.0, "pt_max": 1300.0, "eff": 0.47733711048158567}, {"eta_min": 0.6, "eta_max": 1.2, "pt_min": 25.0, "pt_max": 1300.0, "eff": 0.46962233169129636}, {"eta_min": 1.2, "eta_max": 2.4, "pt_min": 25.0, "pt_max": 1300.0, "eff": 0.4502427184466013}], "udsg": [{"eta_min": 0.0, "eta_max": 0.6, "pt_min": 20.0, "pt_max": 25.0, "eff": 0.36808413351625346}, {"eta_min": 0.6, "eta_max": 1.2, "pt_min": 20.0, "pt_max": 25.0, "eff": 0.3713567839196179}, {"eta_min": 1.2, "eta_max": 2.4, "pt_min": 20.0, "pt_max": 25.0, "eff": 0.47052401746726125}, {"eta_min": 0.0, "eta_max": 0.6, "pt_min": 25.0, "pt_max": 1300.0, "eff": 0.2105806984914308}, {"eta_min": 0.6, "eta_max": 1.2, "pt_min": 25.0, "pt_max": 1300.0, "eff": 0.22637212480073626}, {"eta_min": 1.2, "eta_max": 2.4, "pt_min": 25.0, "pt_max": 1300.0, "eff": 0.2804528184849237}]}, "TTGJets": {"b": [{"eta_min": 0.0, "eta_max": 0.6, "pt_min": 20.0, "pt_max": 25.0, "eff": 0.9215686274509807}, {"eta_min": 0.6, "eta_max": 1.2, "pt_min": 20.0, "pt_max": 25.0, "eff": 0.8808510638297878}, {"eta_min": 1.2, "eta_max": 2.4, "pt_min": 20.0, "pt_max": 25.0, "eff": 0.9119496855345915}, {"eta_min": 0.0, "eta_max": 0.6, "pt_min": 25.0, "pt_max": 30.0, "eff": 0.9222972972972976}, {"eta_min": 0.6, "eta_max": 1.2, "pt_min": 25.0, "pt_max": 30.0, "eff": 0.8720930232558145}, {"eta_min": 1.2, "eta_max": 2.4, "pt_min": 25.0, "pt_max": 30.0, "eff": 0.8664688427299708}, {"eta_min": 0.0, "eta_max": 0.6, "pt_min": 30.0, "pt_max": 1300.0, "eff": 0.933920704845818}, {"eta_min": 0.6, "eta_max": 1.2, "pt_min": 30.0, "pt_max": 1300.0, "eff": 0.934882895670692}, {"eta_min": 1.2, "eta_max": 2.4, "pt_min": 30.0, "pt_max": 1300.0, "eff": 0.9193911088047095}], "c": [{"eta_min": 0.0, "eta_max": 0.6, "pt_min": 20.0, "pt_max": 25.0, "eff": 0.6268656716417907}, {"eta_min": 0.6, "eta_max": 1.2, "pt_min": 20.0, "pt_max": 25.0, "eff": 0.5789473684210529}, {"eta_min": 1.2, "eta_max": 2.4, "pt_min": 20.0, "pt_max": 25.0, "eff": 0.495934959349592}, {"eta_min": 0.0, "eta_max": 0.6, "pt_min": 25.0, "pt_max": 1300.0, "eff": 0.47688564476885725}, {"eta_min": 0.6, "eta_max": 1.2, "pt_min": 25.0, "pt_max": 1300.0, "eff": 0.5071225071225081}, {"eta_min": 1.2, "eta_max": 2.4, "pt_min": 25.0, "pt_max": 1300.0, "eff": 0.5063291139240513}], "udsg": [{"eta_min": 0.0, "eta_max": 0.6, "pt_min": 20.0, "pt_max": 25.0, "eff": 0.2860869565217352}, {"eta_min": 0.6, "eta_max": 1.2, "pt_min": 20.0, "pt_max": 25.0, "eff": 0.3023049645390034}, {"eta_min": 1.2, "eta_max": 2.4, "pt_min": 20.0, "pt_max": 25.0, "eff": 0.4196326061997508}, {"eta_min": 0.0, "eta_max": 0.6, "pt_min": 25.0, "pt_max": 1300.0, "eff": 0.15718031775413643}, {"eta_min": 0.6, "eta_max": 1.2, "pt_min": 25.0, "pt_max": 1300.0, "eff": 0.15441565309360955}, {"eta_min": 1.2, "eta_max": 2.4, "pt_min": 25.0, "pt_max": 1300.0, "eff": 0.20658578856153254}]}, "TTToSemiLeptonic": {"b": [{"eta_min": 0.0, "eta_max": 0.6, "pt_min": 20.0, "pt_max": 25.0, "eff": 0.9008855585831048}, {"eta_min": 0.6, "eta_max": 1.2, "pt_min": 20.0, "pt_max": 25.0, "eff": 0.8971085242208019}, {"eta_min": 1.2, "eta_max": 2.4, "pt_min": 20.0, "pt_max": 25.0, "eff": 0.8891422057566244}, {"eta_min": 0.0, "eta_max": 0.6, "pt_min": 25.0, "pt_max": 30.0, "eff": 0.9192090395480216}, {"eta_min": 0.6, "eta_max": 1.2, "pt_min": 25.0, "pt_max": 30.0, "eff": 0.9053537284894825}, {"eta_min": 1.2, "eta_max": 2.4, "pt_min": 25.0, "pt_max": 30.0, "eff": 0.9015302727877944}, {"eta_min": 0.0, "eta_max": 0.6, "pt_min": 30.0, "pt_max": 35.0, "eff": 0.9189643577673671}, {"eta_min": 0.6, "eta_max": 1.2, "pt_min": 30.0, "pt_max": 35.0, "eff": 0.9178599323093468}, {"eta_min": 1.2, "eta_max": 2.4, "pt_min": 30.0, "pt_max": 35.0, "eff": 0.9049500348594616}, {"eta_min": 0.0, "eta_max": 0.6, "pt_min": 35.0, "pt_max": 40.0, "eff": 0.9246422598030494}, {"eta_min": 0.6, "eta_max": 1.2, "pt_min": 35.0, "pt_max": 40.0, "eff": 0.9269226678013408}, {"eta_min": 1.2, "eta_max": 2.4, "pt_min": 35.0, "pt_max": 40.0, "eff": 0.9145748200039379}, {"eta_min": 0.0, "eta_max": 0.6, "pt_min": 40.0, "pt_max": 45.0, "eff": 0.9271965853266009}, {"eta_min": 0.6, "eta_max": 1.2, "pt_min": 40.0, "pt_max": 45.0, "eff": 0.9242021276596143}, {"eta_min": 1.2, "eta_max": 2.4, "pt_min": 40.0, "pt_max": 45.0, "eff": 0.9162182936203317}, {"eta_min": 0.0, "eta_max": 0.6, "pt_min": 45.0, "pt_max": 50.0, "eff": 0.9292174303012476}, {"eta_min": 0.6, "eta_max": 1.2, "pt_min": 45.0, "pt_max": 50.0, "eff": 0.9300365026942802}, {"eta_min": 1.2, "eta_max": 2.4, "pt_min": 45.0, "pt_max": 50.0, "eff": 0.919566592850399}, {"eta_min": 0.0, "eta_max": 0.6, "pt_min": 50.0, "pt_max": 55.0, "eff": 0.9373881932021715}, {"eta_min": 0.6, "eta_max": 1.2, "pt_min": 50.0, "pt_max": 55.0, "eff": 0.9365432309929318}, {"eta_min": 1.2, "eta_max": 2.4, "pt_min": 50.0, "pt_max": 55.0, "eff": 0.9228169456889435}, {"eta_min": 0.0, "eta_max": 0.6, "pt_min": 55.0, "pt_max": 60.0, "eff": 0.9351366661946154}, {"eta_min": 0.6, "eta_max": 1.2, "pt_min": 55.0, "pt_max": 60.0, "eff": 0.9393651068246982}, {"eta_min": 1.2, "eta_max": 2.4, "pt_min": 55.0, "pt_max": 60.0, "eff": 0.9223277527366733}, {"eta_min": 0.0, "eta_max": 0.6, "pt_min": 60.0, "pt_max": 65.0, "eff": 0.9398137966424993}, {"eta_min": 0.6, "eta_max": 1.2, "pt_min": 60.0, "pt_max": 65.0, "eff": 0.9337542237240234}, {"eta_min": 1.2, "eta_max": 2.4, "pt_min": 60.0, "pt_max": 65.0, "eff": 0.9229866756054995}, {"eta_min": 0.0, "eta_max": 0.6, "pt_min": 65.0, "pt_max": 70.0, "eff": 0.9422490082392676}, {"eta_min": 0.6, "eta_max": 1.2, "pt_min": 65.0, "pt_max": 70.0, "eff": 0.9380304827964172}, {"eta_min": 1.2, "eta_max": 2.4, "pt_min": 65.0, "pt_max": 70.0, "eff": 0.9226721369961138}, {"eta_min": 0.0, "eta_max": 0.6, "pt_min": 70.0, "pt_max": 75.0, "eff": 0.9430675429567119}, {"eta_min": 0.6, "eta_max": 1.2, "pt_min": 70.0, "pt_max": 75.0, "eff": 0.936500335216967}, {"eta_min": 1.2, "eta_max": 2.4, "pt_min": 70.0, "pt_max": 75.0, "eff": 0.9232832104204985}, {"eta_min": 0.0, "eta_max": 0.6, "pt_min": 75.0, "pt_max": 80.0, "eff": 0.9386009919617189}, {"eta_min": 0.6, "eta_max": 1.2, "pt_min": 75.0, "pt_max": 80.0, "eff": 0.9407453287911973}, {"eta_min": 1.2, "eta_max": 2.4, "pt_min": 75.0, "pt_max": 80.0, "eff": 0.9257253780139366}, {"eta_min": 0.0, "eta_max": 0.6, "pt_min": 80.0, "pt_max": 85.0, "eff": 0.9402578536408508}, {"eta_min": 0.6, "eta_max": 1.2, "pt_min": 80.0, "pt_max": 85.0, "eff": 0.9429751143845905}, {"eta_min": 1.2, "eta_max": 2.4, "pt_min": 80.0, "pt_max": 85.0, "eff": 0.9273088820150688}, {"eta_min": 0.0, "eta_max": 0.6, "pt_min": 85.0, "pt_max": 90.0, "eff": 0.9415017462165622}, {"eta_min": 0.6, "eta_max": 1.2, "pt_min": 85.0, "pt_max": 90.0, "eff": 0.9395243217402097}, {"eta_min": 1.2, "eta_max": 2.4, "pt_min": 85.0, "pt_max": 90.0, "eff": 0.9266812333091049}, {"eta_min": 0.0, "eta_max": 0.6, "pt_min": 90.0, "pt_max": 95.0, "eff": 0.9437030859049532}, {"eta_min": 0.6, "eta_max": 1.2, "pt_min": 90.0, "pt_max": 95.0, "eff": 0.9428283591487617}, {"eta_min": 1.2, "eta_max": 2.4, "pt_min": 90.0, "pt_max": 95.0, "eff": 0.9245308310992284}, {"eta_min": 0.0, "eta_max": 0.6, "pt_min": 95.0, "pt_max": 100.0, "eff": 0.9477561196736501}, {"eta_min": 0.6, "eta_max": 1.2, "pt_min": 95.0, "pt_max": 100.0, "eff": 0.9421885753613358}, {"eta_min": 1.2, "eta_max": 2.4, "pt_min": 95.0, "pt_max": 100.0, "eff": 0.9243647234678615}, {"eta_min": 0.0, "eta_max": 0.6, "pt_min": 100.0, "pt_max": 105.0, "eff": 0.9420146202453625}, {"eta_min": 0.6, "eta_max": 1.2, "pt_min": 100.0, "pt_max": 105.0, "eff": 0.9397590361445776}, {"eta_min": 1.2, "eta_max": 2.4, "pt_min": 100.0, "pt_max": 105.0, "eff": 0.9285239361702117}, {"eta_min": 0.0, "eta_max": 0.6, "pt_min": 105.0, "pt_max": 110.0, "eff": 0.9465524275806028}, {"eta_min": 0.6, "eta_max": 1.2, "pt_min": 105.0, "pt_max": 110.0, "eff": 0.9424424424424416}, {"eta_min": 1.2, "eta_max": 2.4, "pt_min": 105.0, "pt_max": 110.0, "eff": 0.920917007286297}, {"eta_min": 0.0, "eta_max": 0.6, "pt_min": 110.0, "pt_max": 115.0, "eff": 0.9459106728538276}, {"eta_min": 0.6, "eta_max": 1.2, "pt_min": 110.0, "pt_max": 115.0, "eff": 0.9412631191309142}, {"eta_min": 1.2, "eta_max": 2.4, "pt_min": 110.0, "pt_max": 115.0, "eff": 0.9302964853720781}, {"eta_min": 0.0, "eta_max": 0.6, "pt_min": 115.0, "pt_max": 120.0, "eff": 0.941339869281045}, {"eta_min": 0.6, "eta_max": 1.2, "pt_min": 115.0, "pt_max": 120.0, "eff": 0.9365656565656555}, {"eta_min": 1.2, "eta_max": 2.4, "pt_min": 115.0, "pt_max": 120.0, "eff": 0.925353356890458}, {"eta_min": 0.0, "eta_max": 0.6, "pt_min": 120.0, "pt_max": 125.0, "eff": 0.9473497606807295}, {"eta_min": 0.6, "eta_max": 1.2, "pt_min": 120.0, "pt_max": 125.0, "eff": 0.9469378730930788}, {"eta_min": 1.2, "eta_max": 2.4, "pt_min": 120.0, "pt_max": 125.0, "eff": 0.9240039350713215}, {"eta_min": 0.0, "eta_max": 0.6, "pt_min": 125.0, "pt_max": 1300.0, "eff": 0.9469554708561033}, {"eta_min": 0.6, "eta_max": 1.2, "pt_min": 125.0, "pt_max": 1300.0, "eff": 0.9465467180730993}, {"eta_min": 1.2, "eta_max": 2.4, "pt_min": 125.0, "pt_max": 1300.0, "eff": 0.931201467090581}], "c": [{"eta_min": 0.0, "eta_max": 0.6, "pt_min": 20.0, "pt_max": 25.0, "eff": 0.5603947650718647}, {"eta_min": 0.6, "eta_max": 1.2, "pt_min": 20.0, "pt_max": 25.0, "eff": 0.5408138694919239}, {"eta_min": 1.2, "eta_max": 2.4, "pt_min": 20.0, "pt_max": 25.0, "eff": 0.5522840827979945}, {"eta_min": 0.0, "eta_max": 0.6, "pt_min": 25.0, "pt_max": 30.0, "eff": 0.5463647199046389}, {"eta_min": 0.6, "eta_max": 1.2, "pt_min": 25.0, "pt_max": 30.0, "eff": 0.5472510767671549}, {"eta_min": 1.2, "eta_max": 2.4, "pt_min": 25.0, "pt_max": 30.0, "eff": 0.5388569078947285}, {"eta_min": 0.0, "eta_max": 0.6, "pt_min": 30.0, "pt_max": 35.0, "eff": 0.5544602067804667}, {"eta_min": 0.6, "eta_max": 1.2, "pt_min": 30.0, "pt_max": 35.0, "eff": 0.5274284185175163}, {"eta_min": 1.2, "eta_max": 2.4, "pt_min": 30.0, "pt_max": 35.0, "eff": 0.5371389270976523}, {"eta_min": 0.0, "eta_max": 0.6, "pt_min": 35.0, "pt_max": 40.0, "eff": 0.5245861733203404}, {"eta_min": 0.6, "eta_max": 1.2, "pt_min": 35.0, "pt_max": 40.0, "eff": 0.5250688705234045}, {"eta_min": 1.2, "eta_max": 2.4, "pt_min": 35.0, "pt_max": 40.0, "eff": 0.5301460197833158}, {"eta_min": 0.0, "eta_max": 0.6, "pt_min": 40.0, "pt_max": 45.0, "eff": 0.5268951713785235}, {"eta_min": 0.6, "eta_max": 1.2, "pt_min": 40.0, "pt_max": 45.0, "eff": 0.5385484326461337}, {"eta_min": 1.2, "eta_max": 2.4, "pt_min": 40.0, "pt_max": 45.0, "eff": 0.5155578041993315}, {"eta_min": 0.0, "eta_max": 0.6, "pt_min": 45.0, "pt_max": 50.0, "eff": 0.5239928149858759}, {"eta_min": 0.6, "eta_max": 1.2, "pt_min": 45.0, "pt_max": 50.0, "eff": 0.5087349397590232}, {"eta_min": 1.2, "eta_max": 2.4, "pt_min": 45.0, "pt_max": 50.0, "eff": 0.5101214574898669}, {"eta_min": 0.0, "eta_max": 0.6, "pt_min": 50.0, "pt_max": 55.0, "eff": 0.4963730569948072}, {"eta_min": 0.6, "eta_max": 1.2, "pt_min": 50.0, "pt_max": 55.0, "eff": 0.5050350930729194}, {"eta_min": 1.2, "eta_max": 2.4, "pt_min": 50.0, "pt_max": 55.0, "eff": 0.5047318611987258}, {"eta_min": 0.0, "eta_max": 0.6, "pt_min": 55.0, "pt_max": 1300.0, "eff": 0.47271291408565536}, {"eta_min": 0.6, "eta_max": 1.2, "pt_min": 55.0, "pt_max": 1300.0, "eff": 0.4821098945554907}, {"eta_min": 1.2, "eta_max": 2.4, "pt_min": 55.0, "pt_max": 1300.0, "eff": 0.480516795865306}], "udsg": [{"eta_min": 0.0, "eta_max": 0.6, "pt_min": 20.0, "pt_max": 25.0, "eff": 0.25235440191146513}, {"eta_min": 0.6, "eta_max": 1.2, "pt_min": 20.0, "pt_max": 25.0, "eff": 0.27074454750549676}, {"eta_min": 1.2, "eta_max": 2.4, "pt_min": 20.0, "pt_max": 25.0, "eff": 0.37033737050287385}, {"eta_min": 0.0, "eta_max": 0.6, "pt_min": 25.0, "pt_max": 1300.0, "eff": 0.1036111498906754}, {"eta_min": 0.6, "eta_max": 1.2, "pt_min": 25.0, "pt_max": 1300.0, "eff": 0.1130311279438486}, {"eta_min": 1.2, "eta_max": 2.4, "pt_min": 25.0, "pt_max": 1300.0, "eff": 0.16616007764028165}]}, "TTTo2L2Nu": {"b": [{"eta_min": 0.0, "eta_max": 0.6, "pt_min": 20.0, "pt_max": 25.0, "eff": 0.9046310230275231}, {"eta_min": 0.6, "eta_max": 1.2, "pt_min": 20.0, "pt_max": 25.0, "eff": 0.9007329460784829}, {"eta_min": 1.2, "eta_max": 2.4, "pt_min": 20.0, "pt_max": 25.0, "eff": 0.8888715980989677}, {"eta_min": 0.0, "eta_max": 0.6, "pt_min": 25.0, "pt_max": 30.0, "eff": 0.9175325327961569}, {"eta_min": 0.6, "eta_max": 1.2, "pt_min": 25.0, "pt_max": 30.0, "eff": 0.913570598796223}, {"eta_min": 1.2, "eta_max": 2.4, "pt_min": 25.0, "pt_max": 30.0, "eff": 0.8994508938022528}, {"eta_min": 0.0, "eta_max": 0.6, "pt_min": 30.0, "pt_max": 35.0, "eff": 0.9239412706843748}, {"eta_min": 0.6, "eta_max": 1.2, "pt_min": 30.0, "pt_max": 35.0, "eff": 0.9189947454767203}, {"eta_min": 1.2, "eta_max": 2.4, "pt_min": 30.0, "pt_max": 35.0, "eff": 0.9056749013976214}, {"eta_min": 0.0, "eta_max": 0.6, "pt_min": 35.0, "pt_max": 40.0, "eff": 0.9291035643262335}, {"eta_min": 0.6, "eta_max": 1.2, "pt_min": 35.0, "pt_max": 40.0, "eff": 0.9234301926104369}, {"eta_min": 1.2, "eta_max": 2.4, "pt_min": 35.0, "pt_max": 40.0, "eff": 0.910053980057052}, {"eta_min": 0.0, "eta_max": 0.6, "pt_min": 40.0, "pt_max": 45.0, "eff": 0.9328697190176479}, {"eta_min": 0.6, "eta_max": 1.2, "pt_min": 40.0, "pt_max": 45.0, "eff": 0.9286487229256071}, {"eta_min": 1.2, "eta_max": 2.4, "pt_min": 40.0, "pt_max": 45.0, "eff": 0.912037816689431}, {"eta_min": 0.0, "eta_max": 0.6, "pt_min": 45.0, "pt_max": 50.0, "eff": 0.9354481423733227}, {"eta_min": 0.6, "eta_max": 1.2, "pt_min": 45.0, "pt_max": 50.0, "eff": 0.9313453744080445}, {"eta_min": 1.2, "eta_max": 2.4, "pt_min": 45.0, "pt_max": 50.0, "eff": 0.9147563919565405}, {"eta_min": 0.0, "eta_max": 0.6, "pt_min": 50.0, "pt_max": 55.0, "eff": 0.9372619134496857}, {"eta_min": 0.6, "eta_max": 1.2, "pt_min": 50.0, "pt_max": 55.0, "eff": 0.9334076124386302}, {"eta_min": 1.2, "eta_max": 2.4, "pt_min": 50.0, "pt_max": 55.0, "eff": 0.9168953167338837}, {"eta_min": 0.0, "eta_max": 0.6, "pt_min": 55.0, "pt_max": 60.0, "eff": 0.9402315643653549}, {"eta_min": 0.6, "eta_max": 1.2, "pt_min": 55.0, "pt_max": 60.0, "eff": 0.9356510325277964}, {"eta_min": 1.2, "eta_max": 2.4, "pt_min": 55.0, "pt_max": 60.0, "eff": 0.9195073435244682}, {"eta_min": 0.0, "eta_max": 0.6, "pt_min": 60.0, "pt_max": 65.0, "eff": 0.9415233787024021}, {"eta_min": 0.6, "eta_max": 1.2, "pt_min": 60.0, "pt_max": 65.0, "eff": 0.9374499497678678}, {"eta_min": 1.2, "eta_max": 2.4, "pt_min": 60.0, "pt_max": 65.0, "eff": 0.9194678702935164}, {"eta_min": 0.0, "eta_max": 0.6, "pt_min": 65.0, "pt_max": 70.0, "eff": 0.9432254058973917}, {"eta_min": 0.6, "eta_max": 1.2, "pt_min": 65.0, "pt_max": 70.0, "eff": 0.938419189523236}, {"eta_min": 1.2, "eta_max": 2.4, "pt_min": 65.0, "pt_max": 70.0, "eff": 0.9217108567788083}, {"eta_min": 0.0, "eta_max": 0.6, "pt_min": 70.0, "pt_max": 75.0, "eff": 0.9435586206897414}, {"eta_min": 0.6, "eta_max": 1.2, "pt_min": 70.0, "pt_max": 75.0, "eff": 0.9385970838260451}, {"eta_min": 1.2, "eta_max": 2.4, "pt_min": 70.0, "pt_max": 75.0, "eff": 0.9219284566537561}, {"eta_min": 0.0, "eta_max": 0.6, "pt_min": 75.0, "pt_max": 80.0, "eff": 0.9436941088554923}, {"eta_min": 0.6, "eta_max": 1.2, "pt_min": 75.0, "pt_max": 80.0, "eff": 0.9406937503458899}, {"eta_min": 1.2, "eta_max": 2.4, "pt_min": 75.0, "pt_max": 80.0, "eff": 0.9222440100093479}, {"eta_min": 0.0, "eta_max": 0.6, "pt_min": 80.0, "pt_max": 85.0, "eff": 0.9447287223876709}, {"eta_min": 0.6, "eta_max": 1.2, "pt_min": 80.0, "pt_max": 85.0, "eff": 0.9413163780348216}, {"eta_min": 1.2, "eta_max": 2.4, "pt_min": 80.0, "pt_max": 85.0, "eff": 0.9233751914697124}, {"eta_min": 0.0, "eta_max": 0.6, "pt_min": 85.0, "pt_max": 90.0, "eff": 0.9447876378204882}, {"eta_min": 0.6, "eta_max": 1.2, "pt_min": 85.0, "pt_max": 90.0, "eff": 0.9416003939065323}, {"eta_min": 1.2, "eta_max": 2.4, "pt_min": 85.0, "pt_max": 90.0, "eff": 0.924428419241376}, {"eta_min": 0.0, "eta_max": 0.6, "pt_min": 90.0, "pt_max": 95.0, "eff": 0.9466130383778631}, {"eta_min": 0.6, "eta_max": 1.2, "pt_min": 90.0, "pt_max": 95.0, "eff": 0.9420270617809942}, {"eta_min": 1.2, "eta_max": 2.4, "pt_min": 90.0, "pt_max": 95.0, "eff": 0.9260709092944913}, {"eta_min": 0.0, "eta_max": 0.6, "pt_min": 95.0, "pt_max": 100.0, "eff": 0.9463802787602739}, {"eta_min": 0.6, "eta_max": 1.2, "pt_min": 95.0, "pt_max": 100.0, "eff": 0.9423544929314974}, {"eta_min": 1.2, "eta_max": 2.4, "pt_min": 95.0, "pt_max": 100.0, "eff": 0.9245763511179411}, {"eta_min": 0.0, "eta_max": 0.6, "pt_min": 100.0, "pt_max": 105.0, "eff": 0.9471543703262498}, {"eta_min": 0.6, "eta_max": 1.2, "pt_min": 100.0, "pt_max": 105.0, "eff": 0.9435762000934053}, {"eta_min": 1.2, "eta_max": 2.4, "pt_min": 100.0, "pt_max": 105.0, "eff": 0.9260645653524457}, {"eta_min": 0.0, "eta_max": 0.6, "pt_min": 105.0, "pt_max": 110.0, "eff": 0.9482555496805832}, {"eta_min": 0.6, "eta_max": 1.2, "pt_min": 105.0, "pt_max": 110.0, "eff": 0.9448771160753896}, {"eta_min": 1.2, "eta_max": 2.4, "pt_min": 105.0, "pt_max": 110.0, "eff": 0.925368130247362}, {"eta_min": 0.0, "eta_max": 0.6, "pt_min": 110.0, "pt_max": 115.0, "eff": 0.946893494217964}, {"eta_min": 0.6, "eta_max": 1.2, "pt_min": 110.0, "pt_max": 115.0, "eff": 0.9455742098213142}, {"eta_min": 1.2, "eta_max": 2.4, "pt_min": 110.0, "pt_max": 115.0, "eff": 0.9267103225117602}, {"eta_min": 0.0, "eta_max": 0.6, "pt_min": 115.0, "pt_max": 120.0, "eff": 0.9474139442465954}, {"eta_min": 0.6, "eta_max": 1.2, "pt_min": 115.0, "pt_max": 120.0, "eff": 0.9443924747949942}, {"eta_min": 1.2, "eta_max": 2.4, "pt_min": 115.0, "pt_max": 120.0, "eff": 0.9249318515412625}, {"eta_min": 0.0, "eta_max": 0.6, "pt_min": 120.0, "pt_max": 125.0, "eff": 0.9486316405680596}, {"eta_min": 0.6, "eta_max": 1.2, "pt_min": 120.0, "pt_max": 125.0, "eff": 0.9451974170985596}, {"eta_min": 1.2, "eta_max": 2.4, "pt_min": 120.0, "pt_max": 125.0, "eff": 0.9257297622629845}, {"eta_min": 0.0, "eta_max": 0.6, "pt_min": 125.0, "pt_max": 130.0, "eff": 0.947458890461027}, {"eta_min": 0.6, "eta_max": 1.2, "pt_min": 125.0, "pt_max": 130.0, "eff": 0.9447082832675108}, {"eta_min": 1.2, "eta_max": 2.4, "pt_min": 125.0, "pt_max": 130.0, "eff": 0.9267313019390232}, {"eta_min": 0.0, "eta_max": 0.6, "pt_min": 130.0, "pt_max": 1300.0, "eff": 0.9496373799846273}, {"eta_min": 0.6, "eta_max": 1.2, "pt_min": 130.0, "pt_max": 1300.0, "eff": 0.9457466210308493}, {"eta_min": 1.2, "eta_max": 2.4, "pt_min": 130.0, "pt_max": 1300.0, "eff": 0.9291425339808483}], "c": [{"eta_min": 0.0, "eta_max": 0.6, "pt_min": 20.0, "pt_max": 25.0, "eff": 0.5193097209654882}, {"eta_min": 0.6, "eta_max": 1.2, "pt_min": 20.0, "pt_max": 25.0, "eff": 0.5123192983756513}, {"eta_min": 1.2, "eta_max": 2.4, "pt_min": 20.0, "pt_max": 25.0, "eff": 0.5305374864016672}, {"eta_min": 0.0, "eta_max": 0.6, "pt_min": 25.0, "pt_max": 30.0, "eff": 0.5045013678187485}, {"eta_min": 0.6, "eta_max": 1.2, "pt_min": 25.0, "pt_max": 30.0, "eff": 0.4956341177721787}, {"eta_min": 1.2, "eta_max": 2.4, "pt_min": 25.0, "pt_max": 30.0, "eff": 0.5059489312375067}, {"eta_min": 0.0, "eta_max": 0.6, "pt_min": 30.0, "pt_max": 1300.0, "eff": 0.46088156971747746}, {"eta_min": 0.6, "eta_max": 1.2, "pt_min": 30.0, "pt_max": 1300.0, "eff": 0.4579041204451799}, {"eta_min": 1.2, "eta_max": 2.4, "pt_min": 30.0, "pt_max": 1300.0, "eff": 0.4514737852991594}], "udsg": [{"eta_min": 0.0, "eta_max": 0.6, "pt_min": 20.0, "pt_max": 25.0, "eff": 0.2956976381233898}, {"eta_min": 0.6, "eta_max": 1.2, "pt_min": 20.0, "pt_max": 25.0, "eff": 0.3062490169617254}, {"eta_min": 1.2, "eta_max": 2.4, "pt_min": 20.0, "pt_max": 25.0, "eff": 0.3961234619082098}, {"eta_min": 0.0, "eta_max": 0.6, "pt_min": 25.0, "pt_max": 30.0, "eff": 0.2731799282290004}, {"eta_min": 0.6, "eta_max": 1.2, "pt_min": 25.0, "pt_max": 30.0, "eff": 0.2716645717370186}, {"eta_min": 1.2, "eta_max": 2.4, "pt_min": 25.0, "pt_max": 30.0, "eff": 0.310486414996692}, {"eta_min": 0.0, "eta_max": 0.6, "pt_min": 30.0, "pt_max": 35.0, "eff": 0.26696099579557975}, {"eta_min": 0.6, "eta_max": 1.2, "pt_min": 30.0, "pt_max": 35.0, "eff": 0.27103591860008325}, {"eta_min": 1.2, "eta_max": 2.4, "pt_min": 30.0, "pt_max": 35.0, "eff": 0.29014642406655095}, {"eta_min": 0.0, "eta_max": 0.6, "pt_min": 35.0, "pt_max": 40.0, "eff": 0.24404913288924177}, {"eta_min": 0.6, "eta_max": 1.2, "pt_min": 35.0, "pt_max": 40.0, "eff": 0.2511735940409233}, {"eta_min": 1.2, "eta_max": 2.4, "pt_min": 35.0, "pt_max": 40.0, "eff": 0.27372670319075537}, {"eta_min": 0.0, "eta_max": 0.6, "pt_min": 40.0, "pt_max": 45.0, "eff": 0.21726254965788122}, {"eta_min": 0.6, "eta_max": 1.2, "pt_min": 40.0, "pt_max": 45.0, "eff": 0.22472445135454613}, {"eta_min": 1.2, "eta_max": 2.4, "pt_min": 40.0, "pt_max": 45.0, "eff": 0.24843635085699578}, {"eta_min": 0.0, "eta_max": 0.6, "pt_min": 45.0, "pt_max": 1300.0, "eff": 0.1285322091274294}, {"eta_min": 0.6, "eta_max": 1.2, "pt_min": 45.0, "pt_max": 1300.0, "eff": 0.1311718533540005}, {"eta_min": 1.2, "eta_max": 2.4, "pt_min": 45.0, "pt_max": 1300.0, "eff": 0.15916311601821279}]}, "ST_tW_antitop": {"b": [{"eta_min": 0.0, "eta_max": 0.6, "pt_min": 20.0, "pt_max": 25.0, "eff": 0.8940835746793523}, {"eta_min": 0.6, "eta_max": 1.2, "pt_min": 20.0, "pt_max": 25.0, "eff": 0.8861066235864272}, {"eta_min": 1.2, "eta_max": 2.4, "pt_min": 20.0, "pt_max": 25.0, "eff": 0.8834975369458112}, {"eta_min": 0.0, "eta_max": 0.6, "pt_min": 25.0, "pt_max": 30.0, "eff": 0.9191956124314427}, {"eta_min": 0.6, "eta_max": 1.2, "pt_min": 25.0, "pt_max": 30.0, "eff": 0.8987538940809948}, {"eta_min": 1.2, "eta_max": 2.4, "pt_min": 25.0, "pt_max": 30.0, "eff": 0.898508257858283}, {"eta_min": 0.0, "eta_max": 0.6, "pt_min": 30.0, "pt_max": 35.0, "eff": 0.9335604770017024}, {"eta_min": 0.6, "eta_max": 1.2, "pt_min": 30.0, "pt_max": 35.0, "eff": 0.9188299817184628}, {"eta_min": 1.2, "eta_max": 2.4, "pt_min": 30.0, "pt_max": 35.0, "eff": 0.9033907427341213}, {"eta_min": 0.0, "eta_max": 0.6, "pt_min": 35.0, "pt_max": 40.0, "eff": 0.9236284289276795}, {"eta_min": 0.6, "eta_max": 1.2, "pt_min": 35.0, "pt_max": 40.0, "eff": 0.9284736481861725}, {"eta_min": 1.2, "eta_max": 2.4, "pt_min": 35.0, "pt_max": 40.0, "eff": 0.911748013620884}, {"eta_min": 0.0, "eta_max": 0.6, "pt_min": 40.0, "pt_max": 45.0, "eff": 0.9313415685147935}, {"eta_min": 0.6, "eta_max": 1.2, "pt_min": 40.0, "pt_max": 45.0, "eff": 0.9261402314499646}, {"eta_min": 1.2, "eta_max": 2.4, "pt_min": 40.0, "pt_max": 45.0, "eff": 0.9181084198385224}, {"eta_min": 0.0, "eta_max": 0.6, "pt_min": 45.0, "pt_max": 50.0, "eff": 0.9322333529758386}, {"eta_min": 0.6, "eta_max": 1.2, "pt_min": 45.0, "pt_max": 50.0, "eff": 0.9245537217918478}, {"eta_min": 1.2, "eta_max": 2.4, "pt_min": 45.0, "pt_max": 50.0, "eff": 0.9125373134328344}, {"eta_min": 0.0, "eta_max": 0.6, "pt_min": 50.0, "pt_max": 55.0, "eff": 0.9362841838173095}, {"eta_min": 0.6, "eta_max": 1.2, "pt_min": 50.0, "pt_max": 55.0, "eff": 0.9306136680613655}, {"eta_min": 1.2, "eta_max": 2.4, "pt_min": 50.0, "pt_max": 55.0, "eff": 0.918688937913645}, {"eta_min": 0.0, "eta_max": 0.6, "pt_min": 55.0, "pt_max": 60.0, "eff": 0.9358017318602557}, {"eta_min": 0.6, "eta_max": 1.2, "pt_min": 55.0, "pt_max": 60.0, "eff": 0.9269175108538336}, {"eta_min": 1.2, "eta_max": 2.4, "pt_min": 55.0, "pt_max": 60.0, "eff": 0.9207079646017684}, {"eta_min": 0.0, "eta_max": 0.6, "pt_min": 60.0, "pt_max": 65.0, "eff": 0.9348031496062981}, {"eta_min": 0.6, "eta_max": 1.2, "pt_min": 60.0, "pt_max": 65.0, "eff": 0.9312067640276697}, {"eta_min": 1.2, "eta_max": 2.4, "pt_min": 60.0, "pt_max": 65.0, "eff": 0.9186621056632442}, {"eta_min": 0.0, "eta_max": 0.6, "pt_min": 65.0, "pt_max": 70.0, "eff": 0.9448713665218834}, {"eta_min": 0.6, "eta_max": 1.2, "pt_min": 65.0, "pt_max": 70.0, "eff": 0.9368992895946496}, {"eta_min": 1.2, "eta_max": 2.4, "pt_min": 65.0, "pt_max": 70.0, "eff": 0.9156435643564339}, {"eta_min": 0.0, "eta_max": 0.6, "pt_min": 70.0, "pt_max": 75.0, "eff": 0.9379788398394734}, {"eta_min": 0.6, "eta_max": 1.2, "pt_min": 70.0, "pt_max": 75.0, "eff": 0.9408577878103823}, {"eta_min": 1.2, "eta_max": 2.4, "pt_min": 70.0, "pt_max": 75.0, "eff": 0.9327731092436958}, {"eta_min": 0.0, "eta_max": 0.6, "pt_min": 75.0, "pt_max": 80.0, "eff": 0.9463299131807408}, {"eta_min": 0.6, "eta_max": 1.2, "pt_min": 75.0, "pt_max": 80.0, "eff": 0.9393498301795229}, {"eta_min": 1.2, "eta_max": 2.4, "pt_min": 75.0, "pt_max": 80.0, "eff": 0.9216474133601185}, {"eta_min": 0.0, "eta_max": 0.6, "pt_min": 80.0, "pt_max": 85.0, "eff": 0.9500645716745576}, {"eta_min": 0.6, "eta_max": 1.2, "pt_min": 80.0, "pt_max": 85.0, "eff": 0.9421768707482976}, {"eta_min": 1.2, "eta_max": 2.4, "pt_min": 80.0, "pt_max": 85.0, "eff": 0.9293915040183676}, {"eta_min": 0.0, "eta_max": 0.6, "pt_min": 85.0, "pt_max": 1300.0, "eff": 0.9488013612932285}, {"eta_min": 0.6, "eta_max": 1.2, "pt_min": 85.0, "pt_max": 1300.0, "eff": 0.9467189408059642}, {"eta_min": 1.2, "eta_max": 2.4, "pt_min": 85.0, "pt_max": 1300.0, "eff": 0.9288816903482291}], "c": [{"eta_min": 0.0, "eta_max": 0.6, "pt_min": 20.0, "pt_max": 25.0, "eff": 0.5213178294573663}, {"eta_min": 0.6, "eta_max": 1.2, "pt_min": 20.0, "pt_max": 25.0, "eff": 0.4754098360655737}, {"eta_min": 1.2, "eta_max": 2.4, "pt_min": 20.0, "pt_max": 25.0, "eff": 0.5418781725888385}, {"eta_min": 0.0, "eta_max": 0.6, "pt_min": 25.0, "pt_max": 1300.0, "eff": 0.4834645669291284}, {"eta_min": 0.6, "eta_max": 1.2, "pt_min": 25.0, "pt_max": 1300.0, "eff": 0.4856390617520279}, {"eta_min": 1.2, "eta_max": 2.4, "pt_min": 25.0, "pt_max": 1300.0, "eff": 0.4777176176593028}], "udsg": [{"eta_min": 0.0, "eta_max": 0.6, "pt_min": 20.0, "pt_max": 25.0, "eff": 0.3148448480916816}, {"eta_min": 0.6, "eta_max": 1.2, "pt_min": 20.0, "pt_max": 25.0, "eff": 0.32489023978385273}, {"eta_min": 1.2, "eta_max": 2.4, "pt_min": 20.0, "pt_max": 25.0, "eff": 0.4236827123790227}, {"eta_min": 0.0, "eta_max": 0.6, "pt_min": 25.0, "pt_max": 1300.0, "eff": 0.19107820119221222}, {"eta_min": 0.6, "eta_max": 1.2, "pt_min": 25.0, "pt_max": 1300.0, "eff": 0.1955817602107374}, {"eta_min": 1.2, "eta_max": 2.4, "pt_min": 25.0, "pt_max": 1300.0, "eff": 0.22712385777637772}]}, "ST_tW_top": {"b": [{"eta_min": 0.0, "eta_max": 0.6, "pt_min": 20.0, "pt_max": 25.0, "eff": 0.9036437246963657}, {"eta_min": 0.6, "eta_max": 1.2, "pt_min": 20.0, "pt_max": 25.0, "eff": 0.8915910964550808}, {"eta_min": 1.2, "eta_max": 2.4, "pt_min": 20.0, "pt_max": 25.0, "eff": 0.8884749130650553}, {"eta_min": 0.0, "eta_max": 0.6, "pt_min": 25.0, "pt_max": 30.0, "eff": 0.9193190229459731}, {"eta_min": 0.6, "eta_max": 1.2, "pt_min": 25.0, "pt_max": 30.0, "eff": 0.9108075532342392}, {"eta_min": 1.2, "eta_max": 2.4, "pt_min": 25.0, "pt_max": 30.0, "eff": 0.9056939501779171}, {"eta_min": 0.0, "eta_max": 0.6, "pt_min": 30.0, "pt_max": 35.0, "eff": 0.9248905355338558}, {"eta_min": 0.6, "eta_max": 1.2, "pt_min": 30.0, "pt_max": 35.0, "eff": 0.9190421892816494}, {"eta_min": 1.2, "eta_max": 2.4, "pt_min": 30.0, "pt_max": 35.0, "eff": 0.91029246344205}, {"eta_min": 0.0, "eta_max": 0.6, "pt_min": 35.0, "pt_max": 40.0, "eff": 0.9157196969696907}, {"eta_min": 0.6, "eta_max": 1.2, "pt_min": 35.0, "pt_max": 40.0, "eff": 0.9223826714801512}, {"eta_min": 1.2, "eta_max": 2.4, "pt_min": 35.0, "pt_max": 40.0, "eff": 0.9169982944854846}, {"eta_min": 0.0, "eta_max": 0.6, "pt_min": 40.0, "pt_max": 45.0, "eff": 0.9291981845688183}, {"eta_min": 0.6, "eta_max": 1.2, "pt_min": 40.0, "pt_max": 45.0, "eff": 0.9286950501903832}, {"eta_min": 1.2, "eta_max": 2.4, "pt_min": 40.0, "pt_max": 45.0, "eff": 0.9135229251305665}, {"eta_min": 0.0, "eta_max": 0.6, "pt_min": 45.0, "pt_max": 50.0, "eff": 0.9303377563329147}, {"eta_min": 0.6, "eta_max": 1.2, "pt_min": 45.0, "pt_max": 50.0, "eff": 0.9300202839756649}, {"eta_min": 1.2, "eta_max": 2.4, "pt_min": 45.0, "pt_max": 50.0, "eff": 0.9156994502137896}, {"eta_min": 0.0, "eta_max": 0.6, "pt_min": 50.0, "pt_max": 55.0, "eff": 0.9451807228915533}, {"eta_min": 0.6, "eta_max": 1.2, "pt_min": 50.0, "pt_max": 55.0, "eff": 0.9295122819508782}, {"eta_min": 1.2, "eta_max": 2.4, "pt_min": 50.0, "pt_max": 55.0, "eff": 0.9102768055997421}, {"eta_min": 0.0, "eta_max": 0.6, "pt_min": 55.0, "pt_max": 60.0, "eff": 0.9413159454653094}, {"eta_min": 0.6, "eta_max": 1.2, "pt_min": 55.0, "pt_max": 60.0, "eff": 0.9310471976401241}, {"eta_min": 1.2, "eta_max": 2.4, "pt_min": 55.0, "pt_max": 60.0, "eff": 0.9207886544448354}, {"eta_min": 0.0, "eta_max": 0.6, "pt_min": 60.0, "pt_max": 65.0, "eff": 0.9430709173715036}, {"eta_min": 0.6, "eta_max": 1.2, "pt_min": 60.0, "pt_max": 65.0, "eff": 0.9371339320577958}, {"eta_min": 1.2, "eta_max": 2.4, "pt_min": 60.0, "pt_max": 65.0, "eff": 0.9166979362101388}, {"eta_min": 0.0, "eta_max": 0.6, "pt_min": 65.0, "pt_max": 70.0, "eff": 0.9440889188278927}, {"eta_min": 0.6, "eta_max": 1.2, "pt_min": 65.0, "pt_max": 70.0, "eff": 0.933791917454865}, {"eta_min": 1.2, "eta_max": 2.4, "pt_min": 65.0, "pt_max": 70.0, "eff": 0.9167013744273302}, {"eta_min": 0.0, "eta_max": 0.6, "pt_min": 70.0, "pt_max": 75.0, "eff": 0.9397499052671521}, {"eta_min": 0.6, "eta_max": 1.2, "pt_min": 70.0, "pt_max": 75.0, "eff": 0.932955618508034}, {"eta_min": 1.2, "eta_max": 2.4, "pt_min": 70.0, "pt_max": 75.0, "eff": 0.9286372007366561}, {"eta_min": 0.0, "eta_max": 0.6, "pt_min": 75.0, "pt_max": 80.0, "eff": 0.9500196772924093}, {"eta_min": 0.6, "eta_max": 1.2, "pt_min": 75.0, "pt_max": 80.0, "eff": 0.9354508196721391}, {"eta_min": 1.2, "eta_max": 2.4, "pt_min": 75.0, "pt_max": 80.0, "eff": 0.9322465613856425}, {"eta_min": 0.0, "eta_max": 0.6, "pt_min": 80.0, "pt_max": 1300.0, "eff": 0.9468070433543667}, {"eta_min": 0.6, "eta_max": 1.2, "pt_min": 80.0, "pt_max": 1300.0, "eff": 0.9433285094067082}, {"eta_min": 1.2, "eta_max": 2.4, "pt_min": 80.0, "pt_max": 1300.0, "eff": 0.9273947123688809}], "c": [{"eta_min": 0.0, "eta_max": 0.6, "pt_min": 20.0, "pt_max": 25.0, "eff": 0.5352380952380892}, {"eta_min": 0.6, "eta_max": 1.2, "pt_min": 20.0, "pt_max": 25.0, "eff": 0.5199203187250945}, {"eta_min": 1.2, "eta_max": 2.4, "pt_min": 20.0, "pt_max": 25.0, "eff": 0.5684848484848403}, {"eta_min": 0.0, "eta_max": 0.6, "pt_min": 25.0, "pt_max": 1300.0, "eff": 0.4892822025564965}, {"eta_min": 0.6, "eta_max": 1.2, "pt_min": 25.0, "pt_max": 1300.0, "eff": 0.4818763326225852}, {"eta_min": 1.2, "eta_max": 2.4, "pt_min": 25.0, "pt_max": 1300.0, "eff": 0.4859652881936697}], "udsg": [{"eta_min": 0.0, "eta_max": 0.6, "pt_min": 20.0, "pt_max": 25.0, "eff": 0.3096913914455353}, {"eta_min": 0.6, "eta_max": 1.2, "pt_min": 20.0, "pt_max": 25.0, "eff": 0.320413730393219}, {"eta_min": 1.2, "eta_max": 2.4, "pt_min": 20.0, "pt_max": 25.0, "eff": 0.41849681200498806}, {"eta_min": 0.0, "eta_max": 0.6, "pt_min": 25.0, "pt_max": 1300.0, "eff": 0.18865578149822876}, {"eta_min": 0.6, "eta_max": 1.2, "pt_min": 25.0, "pt_max": 1300.0, "eff": 0.19487362231777997}, {"eta_min": 1.2, "eta_max": 2.4, "pt_min": 25.0, "pt_max": 1300.0, "eff": 0.22748083181630888}]}, "Signal_1000_100": {"b": [{"eta_min": 0.0, "eta_max": 0.6, "pt_min": 20.0, "pt_max": 25.0, "eff": 0.8840211858397541}, {"eta_min": 0.6, "eta_max": 1.2, "pt_min": 20.0, "pt_max": 25.0, "eff": 0.8985579470013126}, {"eta_min": 1.2, "eta_max": 2.4, "pt_min": 20.0, "pt_max": 25.0, "eff": 0.8743332832171375}, {"eta_min": 0.0, "eta_max": 0.6, "pt_min": 25.0, "pt_max": 30.0, "eff": 0.915204605347625}, {"eta_min": 0.6, "eta_max": 1.2, "pt_min": 25.0, "pt_max": 30.0, "eff": 0.9054689912061711}, {"eta_min": 1.2, "eta_max": 2.4, "pt_min": 25.0, "pt_max": 30.0, "eff": 0.8912454974819647}, {"eta_min": 0.0, "eta_max": 0.6, "pt_min": 30.0, "pt_max": 35.0, "eff": 0.9108004991222957}, {"eta_min": 0.6, "eta_max": 1.2, "pt_min": 30.0, "pt_max": 35.0, "eff": 0.9075246527489754}, {"eta_min": 1.2, "eta_max": 2.4, "pt_min": 30.0, "pt_max": 35.0, "eff": 0.9050800048538875}, {"eta_min": 0.0, "eta_max": 0.6, "pt_min": 35.0, "pt_max": 40.0, "eff": 0.9229877498186335}, {"eta_min": 0.6, "eta_max": 1.2, "pt_min": 35.0, "pt_max": 40.0, "eff": 0.9155033545113314}, {"eta_min": 1.2, "eta_max": 2.4, "pt_min": 35.0, "pt_max": 40.0, "eff": 0.90094954739271}, {"eta_min": 0.0, "eta_max": 0.6, "pt_min": 40.0, "pt_max": 1300.0, "eff": 0.9400449171624488}, {"eta_min": 0.6, "eta_max": 1.2, "pt_min": 40.0, "pt_max": 1300.0, "eff": 0.936812739023983}, {"eta_min": 1.2, "eta_max": 2.4, "pt_min": 40.0, "pt_max": 1300.0, "eff": 0.9185530499617522}], "c": [{"eta_min": 0.0, "eta_max": 0.6, "pt_min": 20.0, "pt_max": 25.0, "eff": 0.49421699108848854}, {"eta_min": 0.6, "eta_max": 1.2, "pt_min": 20.0, "pt_max": 25.0, "eff": 0.49936697198323526}, {"eta_min": 1.2, "eta_max": 2.4, "pt_min": 20.0, "pt_max": 25.0, "eff": 0.518099323342941}, {"eta_min": 0.0, "eta_max": 0.6, "pt_min": 25.0, "pt_max": 1300.0, "eff": 0.4576409096841406}, {"eta_min": 0.6, "eta_max": 1.2, "pt_min": 25.0, "pt_max": 1300.0, "eff": 0.4578071360640855}, {"eta_min": 1.2, "eta_max": 2.4, "pt_min": 25.0, "pt_max": 1300.0, "eff": 0.444008362931386}], "udsg": [{"eta_min": 0.0, "eta_max": 0.6, "pt_min": 20.0, "pt_max": 25.0, "eff": 0.29199483132302545}, {"eta_min": 0.6, "eta_max": 1.2, "pt_min": 20.0, "pt_max": 25.0, "eff": 0.3052579798107239}, {"eta_min": 1.2, "eta_max": 2.4, "pt_min": 20.0, "pt_max": 25.0, "eff": 0.38342824726158814}, {"eta_min": 0.0, "eta_max": 0.6, "pt_min": 25.0, "pt_max": 1300.0, "eff": 0.1204927241829793}, {"eta_min": 0.6, "eta_max": 1.2, "pt_min": 25.0, "pt_max": 1300.0, "eff": 0.12418122517681322}, {"eta_min": 1.2, "eta_max": 2.4, "pt_min": 25.0, "pt_max": 1300.0, "eff": 0.17077064879815296}]}, "WZ": {"b": [{"eta_min": 0.0, "eta_max": 0.6, "pt_min": 20.0, "pt_max": 25.0, "eff": 0.8378378378378377}, {"eta_min": 0.6, "eta_max": 1.2, "pt_min": 20.0, "pt_max": 25.0, "eff": 0.9210526315789472}, {"eta_min": 1.2, "eta_max": 2.4, "pt_min": 20.0, "pt_max": 25.0, "eff": 0.8750000000000009}, {"eta_min": 0.0, "eta_max": 0.6, "pt_min": 25.0, "pt_max": 1300.0, "eff": 0.8531249999999991}, {"eta_min": 0.6, "eta_max": 1.2, "pt_min": 25.0, "pt_max": 1300.0, "eff": 0.878892733564013}, {"eta_min": 1.2, "eta_max": 2.4, "pt_min": 25.0, "pt_max": 1300.0, "eff": 0.8555555555555548}], "c": [{"eta_min": 0.0, "eta_max": 0.6, "pt_min": 20.0, "pt_max": 25.0, "eff": 0.5874263261296644}, {"eta_min": 0.6, "eta_max": 1.2, "pt_min": 20.0, "pt_max": 25.0, "eff": 0.5251141552511394}, {"eta_min": 1.2, "eta_max": 2.4, "pt_min": 20.0, "pt_max": 25.0, "eff": 0.5535714285714274}, {"eta_min": 0.0, "eta_max": 0.6, "pt_min": 25.0, "pt_max": 1300.0, "eff": 0.4886438809261909}, {"eta_min": 0.6, "eta_max": 1.2, "pt_min": 25.0, "pt_max": 1300.0, "eff": 0.4920634920635477}, {"eta_min": 1.2, "eta_max": 2.4, "pt_min": 25.0, "pt_max": 1300.0, "eff": 0.5067893783946693}], "udsg": [{"eta_min": 0.0, "eta_max": 0.6, "pt_min": 20.0, "pt_max": 25.0, "eff": 0.33632211131790546}, {"eta_min": 0.6, "eta_max": 1.2, "pt_min": 20.0, "pt_max": 25.0, "eff": 0.3513906562443529}, {"eta_min": 1.2, "eta_max": 2.4, "pt_min": 20.0, "pt_max": 25.0, "eff": 0.4397127250656674}, {"eta_min": 0.0, "eta_max": 0.6, "pt_min": 25.0, "pt_max": 1300.0, "eff": 0.16884088617073933}, {"eta_min": 0.6, "eta_max": 1.2, "pt_min": 25.0, "pt_max": 1300.0, "eff": 0.18279607815481982}, {"eta_min": 1.2, "eta_max": 2.4, "pt_min": 25.0, "pt_max": 1300.0, "eff": 0.22607611306138226}]}, "WWW": {"b": [{"eta_min": 0.0, "eta_max": 0.6, "pt_min": 20.0, "pt_max": 1300.0, "eff": 0.9285714285714286}, {"eta_min": 0.6, "eta_max": 1.2, "pt_min": 20.0, "pt_max": 1300.0, "eff": 1.0}, {"eta_min": 1.2, "eta_max": 2.4, "pt_min": 20.0, "pt_max": 1300.0, "eff": 0.95}], "c": [{"eta_min": 0.0, "eta_max": 0.6, "pt_min": 20.0, "pt_max": 25.0, "eff": 0.631578947368421}, {"eta_min": 0.6, "eta_max": 1.2, "pt_min": 20.0, "pt_max": 25.0, "eff": 0.3846153846153847}, {"eta_min": 1.2, "eta_max": 2.4, "pt_min": 20.0, "pt_max": 25.0, "eff": 0.5714285714285714}, {"eta_min": 0.0, "eta_max": 0.6, "pt_min": 25.0, "pt_max": 30.0, "eff": 0.6470588235294117}, {"eta_min": 0.6, "eta_max": 1.2, "pt_min": 25.0, "pt_max": 30.0, "eff": 0.5}, {"eta_min": 1.2, "eta_max": 2.4, "pt_min": 25.0, "pt_max": 30.0, "eff": 0.6}, {"eta_min": 0.0, "eta_max": 0.6, "pt_min": 30.0, "pt_max": 1300.0, "eff": 0.5204678362573111}, {"eta_min": 0.6, "eta_max": 1.2, "pt_min": 30.0, "pt_max": 1300.0, "eff": 0.5408805031446552}, {"eta_min": 1.2, "eta_max": 2.4, "pt_min": 30.0, "pt_max": 1300.0, "eff": 0.4680851063829796}], "udsg": [{"eta_min": 0.0, "eta_max": 0.6, "pt_min": 20.0, "pt_max": 25.0, "eff": 0.34640522875817087}, {"eta_min": 0.6, "eta_max": 1.2, "pt_min": 20.0, "pt_max": 25.0, "eff": 0.3465909090909102}, {"eta_min": 1.2, "eta_max": 2.4, "pt_min": 20.0, "pt_max": 25.0, "eff": 0.4079422382671485}, {"eta_min": 0.0, "eta_max": 0.6, "pt_min": 25.0, "pt_max": 1300.0, "eff": 0.14152700186219455}, {"eta_min": 0.6, "eta_max": 1.2, "pt_min": 25.0, "pt_max": 1300.0, "eff": 0.1414342629482044}, {"eta_min": 1.2, "eta_max": 2.4, "pt_min": 25.0, "pt_max": 1300.0, "eff": 0.189189189189185}]}, "WWZ": {"b": [{"eta_min": 0.0, "eta_max": 0.6, "pt_min": 20.0, "pt_max": 1300.0, "eff": 0.9271523178807943}, {"eta_min": 0.6, "eta_max": 1.2, "pt_min": 20.0, "pt_max": 1300.0, "eff": 0.9090909090909085}, {"eta_min": 1.2, "eta_max": 2.4, "pt_min": 20.0, "pt_max": 1300.0, "eff": 0.8828124999999992}], "c": [{"eta_min": 0.0, "eta_max": 0.6, "pt_min": 20.0, "pt_max": 25.0, "eff": 0.45454545454545464}, {"eta_min": 0.6, "eta_max": 1.2, "pt_min": 20.0, "pt_max": 25.0, "eff": 0.507936507936508}, {"eta_min": 1.2, "eta_max": 2.4, "pt_min": 20.0, "pt_max": 25.0, "eff": 0.6315789473684211}, {"eta_min": 0.0, "eta_max": 0.6, "pt_min": 25.0, "pt_max": 1300.0, "eff": 0.4927048260381528}, {"eta_min": 0.6, "eta_max": 1.2, "pt_min": 25.0, "pt_max": 1300.0, "eff": 0.5072655217965644}, {"eta_min": 1.2, "eta_max": 2.4, "pt_min": 25.0, "pt_max": 1300.0, "eff": 0.47987616099070324}], "udsg": [{"eta_min": 0.0, "eta_max": 0.6, "pt_min": 20.0, "pt_max": 25.0, "eff": 0.30270270270270566}, {"eta_min": 0.6, "eta_max": 1.2, "pt_min": 20.0, "pt_max": 25.0, "eff": 0.30283224400871694}, {"eta_min": 1.2, "eta_max": 2.4, "pt_min": 20.0, "pt_max": 25.0, "eff": 0.39712389380530466}, {"eta_min": 0.0, "eta_max": 0.6, "pt_min": 25.0, "pt_max": 1300.0, "eff": 0.13580246913579336}, {"eta_min": 0.6, "eta_max": 1.2, "pt_min": 25.0, "pt_max": 1300.0, "eff": 0.15154612829030709}, {"eta_min": 1.2, "eta_max": 2.4, "pt_min": 25.0, "pt_max": 1300.0, "eff": 0.19194402420573484}]}, "WZZ": {"b": [{"eta_min": 0.0, "eta_max": 0.6, "pt_min": 20.0, "pt_max": 25.0, "eff": 0.882352941176471}, {"eta_min": 0.6, "eta_max": 1.2, "pt_min": 20.0, "pt_max": 25.0, "eff": 0.9268292682926831}, {"eta_min": 1.2, "eta_max": 2.4, "pt_min": 20.0, "pt_max": 25.0, "eff": 0.9230769230769234}, {"eta_min": 0.0, "eta_max": 0.6, "pt_min": 25.0, "pt_max": 30.0, "eff": 0.8837209302325585}, {"eta_min": 0.6, "eta_max": 1.2, "pt_min": 25.0, "pt_max": 30.0, "eff": 0.8333333333333336}, {"eta_min": 1.2, "eta_max": 2.4, "pt_min": 25.0, "pt_max": 30.0, "eff": 0.9491525423728815}, {"eta_min": 0.0, "eta_max": 0.6, "pt_min": 30.0, "pt_max": 35.0, "eff": 0.9464285714285716}, {"eta_min": 0.6, "eta_max": 1.2, "pt_min": 30.0, "pt_max": 35.0, "eff": 0.8958333333333337}, {"eta_min": 1.2, "eta_max": 2.4, "pt_min": 30.0, "pt_max": 35.0, "eff": 0.9090909090909094}, {"eta_min": 0.0, "eta_max": 0.6, "pt_min": 35.0, "pt_max": 1300.0, "eff": 0.9265367316341838}, {"eta_min": 0.6, "eta_max": 1.2, "pt_min": 35.0, "pt_max": 1300.0, "eff": 0.9413735343383594}, {"eta_min": 1.2, "eta_max": 2.4, "pt_min": 35.0, "pt_max": 1300.0, "eff": 0.8942172073342749}], "c": [{"eta_min": 0.0, "eta_max": 0.6, "pt_min": 20.0, "pt_max": 25.0, "eff": 0.5739130434782614}, {"eta_min": 0.6, "eta_max": 1.2, "pt_min": 20.0, "pt_max": 25.0, "eff": 0.4204545454545464}, {"eta_min": 1.2, "eta_max": 2.4, "pt_min": 20.0, "pt_max": 25.0, "eff": 0.6153846153846159}, {"eta_min": 0.0, "eta_max": 0.6, "pt_min": 25.0, "pt_max": 30.0, "eff": 0.5543478260869573}, {"eta_min": 0.6, "eta_max": 1.2, "pt_min": 25.0, "pt_max": 30.0, "eff": 0.5744680851063837}, {"eta_min": 1.2, "eta_max": 2.4, "pt_min": 25.0, "pt_max": 30.0, "eff": 0.5303030303030308}, {"eta_min": 0.0, "eta_max": 0.6, "pt_min": 30.0, "pt_max": 35.0, "eff": 0.5247524752475256}, {"eta_min": 0.6, "eta_max": 1.2, "pt_min": 30.0, "pt_max": 35.0, "eff": 0.5063291139240517}, {"eta_min": 1.2, "eta_max": 2.4, "pt_min": 30.0, "pt_max": 35.0, "eff": 0.5203252032520331}, {"eta_min": 0.0, "eta_max": 0.6, "pt_min": 35.0, "pt_max": 40.0, "eff": 0.5312500000000008}, {"eta_min": 0.6, "eta_max": 1.2, "pt_min": 35.0, "pt_max": 40.0, "eff": 0.48235294117647154}, {"eta_min": 1.2, "eta_max": 2.4, "pt_min": 35.0, "pt_max": 40.0, "eff": 0.5193798449612409}, {"eta_min": 0.0, "eta_max": 0.6, "pt_min": 40.0, "pt_max": 45.0, "eff": 0.4891304347826096}, {"eta_min": 0.6, "eta_max": 1.2, "pt_min": 40.0, "pt_max": 45.0, "eff": 0.5569620253164567}, {"eta_min": 1.2, "eta_max": 2.4, "pt_min": 40.0, "pt_max": 45.0, "eff": 0.463157894736843}, {"eta_min": 0.0, "eta_max": 0.6, "pt_min": 45.0, "pt_max": 50.0, "eff": 0.6153846153846161}, {"eta_min": 0.6, "eta_max": 1.2, "pt_min": 45.0, "pt_max": 50.0, "eff": 0.5675675675675685}, {"eta_min": 1.2, "eta_max": 2.4, "pt_min": 45.0, "pt_max": 50.0, "eff": 0.42307692307692396}, {"eta_min": 0.0, "eta_max": 0.6, "pt_min": 50.0, "pt_max": 1300.0, "eff": 0.5043902439024432}, {"eta_min": 0.6, "eta_max": 1.2, "pt_min": 50.0, "pt_max": 1300.0, "eff": 0.5281615302869331}, {"eta_min": 1.2, "eta_max": 2.4, "pt_min": 50.0, "pt_max": 1300.0, "eff": 0.5321691176470625}], "udsg": [{"eta_min": 0.0, "eta_max": 0.6, "pt_min": 20.0, "pt_max": 25.0, "eff": 0.2848167539267063}, {"eta_min": 0.6, "eta_max": 1.2, "pt_min": 20.0, "pt_max": 25.0, "eff": 0.2820784729586472}, {"eta_min": 1.2, "eta_max": 2.4, "pt_min": 20.0, "pt_max": 25.0, "eff": 0.40584213797389995}, {"eta_min": 0.0, "eta_max": 0.6, "pt_min": 25.0, "pt_max": 1300.0, "eff": 0.1343060231949148}, {"eta_min": 0.6, "eta_max": 1.2, "pt_min": 25.0, "pt_max": 1300.0, "eff": 0.15149786019971187}, {"eta_min": 1.2, "eta_max": 2.4, "pt_min": 25.0, "pt_max": 1300.0, "eff": 0.19364743250398156}]}, "TTGamma": {"b": [{"eta_min": 0.0, "eta_max": 0.6, "pt_min": 20.0, "pt_max": 25.0, "eff": 0.9026611138561312}, {"eta_min": 0.6, "eta_max": 1.2, "pt_min": 20.0, "pt_max": 25.0, "eff": 0.898043954384095}, {"eta_min": 1.2, "eta_max": 2.4, "pt_min": 20.0, "pt_max": 25.0, "eff": 0.8853351480095144}, {"eta_min": 0.0, "eta_max": 0.6, "pt_min": 25.0, "pt_max": 30.0, "eff": 0.917965939074109}, {"eta_min": 0.6, "eta_max": 1.2, "pt_min": 25.0, "pt_max": 30.0, "eff": 0.9086720867208552}, {"eta_min": 1.2, "eta_max": 2.4, "pt_min": 25.0, "pt_max": 30.0, "eff": 0.9000540832882534}, {"eta_min": 0.0, "eta_max": 0.6, "pt_min": 30.0, "pt_max": 35.0, "eff": 0.9220862160723708}, {"eta_min": 0.6, "eta_max": 1.2, "pt_min": 30.0, "pt_max": 35.0, "eff": 0.9165034280117432}, {"eta_min": 1.2, "eta_max": 2.4, "pt_min": 30.0, "pt_max": 35.0, "eff": 0.9047396320548703}, {"eta_min": 0.0, "eta_max": 0.6, "pt_min": 35.0, "pt_max": 40.0, "eff": 0.9269852459841814}, {"eta_min": 0.6, "eta_max": 1.2, "pt_min": 35.0, "pt_max": 40.0, "eff": 0.9160639290713857}, {"eta_min": 1.2, "eta_max": 2.4, "pt_min": 35.0, "pt_max": 40.0, "eff": 0.9040380776907627}, {"eta_min": 0.0, "eta_max": 0.6, "pt_min": 40.0, "pt_max": 45.0, "eff": 0.9305367176903635}, {"eta_min": 0.6, "eta_max": 1.2, "pt_min": 40.0, "pt_max": 45.0, "eff": 0.9282396918894348}, {"eta_min": 1.2, "eta_max": 2.4, "pt_min": 40.0, "pt_max": 45.0, "eff": 0.9118483412322185}, {"eta_min": 0.0, "eta_max": 0.6, "pt_min": 45.0, "pt_max": 50.0, "eff": 0.9316016059594576}, {"eta_min": 0.6, "eta_max": 1.2, "pt_min": 45.0, "pt_max": 50.0, "eff": 0.928987659963429}, {"eta_min": 1.2, "eta_max": 2.4, "pt_min": 45.0, "pt_max": 50.0, "eff": 0.9125323554788519}, {"eta_min": 0.0, "eta_max": 0.6, "pt_min": 50.0, "pt_max": 55.0, "eff": 0.9340464361755993}, {"eta_min": 0.6, "eta_max": 1.2, "pt_min": 50.0, "pt_max": 55.0, "eff": 0.9318826868495664}, {"eta_min": 1.2, "eta_max": 2.4, "pt_min": 50.0, "pt_max": 55.0, "eff": 0.9162262006251684}, {"eta_min": 0.0, "eta_max": 0.6, "pt_min": 55.0, "pt_max": 60.0, "eff": 0.9398484614195084}, {"eta_min": 0.6, "eta_max": 1.2, "pt_min": 55.0, "pt_max": 60.0, "eff": 0.9311345809400201}, {"eta_min": 1.2, "eta_max": 2.4, "pt_min": 55.0, "pt_max": 60.0, "eff": 0.9163987138263567}, {"eta_min": 0.0, "eta_max": 0.6, "pt_min": 60.0, "pt_max": 65.0, "eff": 0.9375445914055144}, {"eta_min": 0.6, "eta_max": 1.2, "pt_min": 60.0, "pt_max": 65.0, "eff": 0.9359465891062847}, {"eta_min": 1.2, "eta_max": 2.4, "pt_min": 60.0, "pt_max": 65.0, "eff": 0.9168214380472166}, {"eta_min": 0.0, "eta_max": 0.6, "pt_min": 65.0, "pt_max": 70.0, "eff": 0.9408740359897105}, {"eta_min": 0.6, "eta_max": 1.2, "pt_min": 65.0, "pt_max": 70.0, "eff": 0.9381622978248662}, {"eta_min": 1.2, "eta_max": 2.4, "pt_min": 65.0, "pt_max": 70.0, "eff": 0.9241583159108826}, {"eta_min": 0.0, "eta_max": 0.6, "pt_min": 70.0, "pt_max": 75.0, "eff": 0.9416395901024673}, {"eta_min": 0.6, "eta_max": 1.2, "pt_min": 70.0, "pt_max": 75.0, "eff": 0.9374146563495583}, {"eta_min": 1.2, "eta_max": 2.4, "pt_min": 70.0, "pt_max": 75.0, "eff": 0.9212438471755486}, {"eta_min": 0.0, "eta_max": 0.6, "pt_min": 75.0, "pt_max": 80.0, "eff": 0.9450151057401741}, {"eta_min": 0.6, "eta_max": 1.2, "pt_min": 75.0, "pt_max": 80.0, "eff": 0.9393815445026081}, {"eta_min": 1.2, "eta_max": 2.4, "pt_min": 75.0, "pt_max": 80.0, "eff": 0.9232170744403827}, {"eta_min": 0.0, "eta_max": 0.6, "pt_min": 80.0, "pt_max": 85.0, "eff": 0.9441376837576114}, {"eta_min": 0.6, "eta_max": 1.2, "pt_min": 80.0, "pt_max": 85.0, "eff": 0.94158442251266}, {"eta_min": 1.2, "eta_max": 2.4, "pt_min": 80.0, "pt_max": 85.0, "eff": 0.9240494205535726}, {"eta_min": 0.0, "eta_max": 0.6, "pt_min": 85.0, "pt_max": 90.0, "eff": 0.9415965719726938}, {"eta_min": 0.6, "eta_max": 1.2, "pt_min": 85.0, "pt_max": 90.0, "eff": 0.9432934539441581}, {"eta_min": 1.2, "eta_max": 2.4, "pt_min": 85.0, "pt_max": 90.0, "eff": 0.925490196078416}, {"eta_min": 0.0, "eta_max": 0.6, "pt_min": 90.0, "pt_max": 95.0, "eff": 0.9450059962309314}, {"eta_min": 0.6, "eta_max": 1.2, "pt_min": 90.0, "pt_max": 95.0, "eff": 0.9419493807215819}, {"eta_min": 1.2, "eta_max": 2.4, "pt_min": 90.0, "pt_max": 95.0, "eff": 0.922012578616335}, {"eta_min": 0.0, "eta_max": 0.6, "pt_min": 95.0, "pt_max": 100.0, "eff": 0.9459121913728403}, {"eta_min": 0.6, "eta_max": 1.2, "pt_min": 95.0, "pt_max": 100.0, "eff": 0.9402446126965504}, {"eta_min": 1.2, "eta_max": 2.4, "pt_min": 95.0, "pt_max": 100.0, "eff": 0.9230073633897236}, {"eta_min": 0.0, "eta_max": 0.6, "pt_min": 100.0, "pt_max": 105.0, "eff": 0.9463682432432322}, {"eta_min": 0.6, "eta_max": 1.2, "pt_min": 100.0, "pt_max": 105.0, "eff": 0.9412743091095044}, {"eta_min": 1.2, "eta_max": 2.4, "pt_min": 100.0, "pt_max": 105.0, "eff": 0.9274753908511666}, {"eta_min": 0.0, "eta_max": 0.6, "pt_min": 105.0, "pt_max": 1300.0, "eff": 0.9500755023810112}, {"eta_min": 0.6, "eta_max": 1.2, "pt_min": 105.0, "pt_max": 1300.0, "eff": 0.9443174949506985}, {"eta_min": 1.2, "eta_max": 2.4, "pt_min": 105.0, "pt_max": 1300.0, "eff": 0.9291984250263461}], "c": [{"eta_min": 0.0, "eta_max": 0.6, "pt_min": 20.0, "pt_max": 25.0, "eff": 0.5109190172884444}, {"eta_min": 0.6, "eta_max": 1.2, "pt_min": 20.0, "pt_max": 25.0, "eff": 0.4985576923076927}, {"eta_min": 1.2, "eta_max": 2.4, "pt_min": 20.0, "pt_max": 25.0, "eff": 0.5339135654261706}, {"eta_min": 0.0, "eta_max": 0.6, "pt_min": 25.0, "pt_max": 1300.0, "eff": 0.458383401425855}, {"eta_min": 0.6, "eta_max": 1.2, "pt_min": 25.0, "pt_max": 1300.0, "eff": 0.46582100070463023}, {"eta_min": 1.2, "eta_max": 2.4, "pt_min": 25.0, "pt_max": 1300.0, "eff": 0.4562504000511389}], "udsg": [{"eta_min": 0.0, "eta_max": 0.6, "pt_min": 20.0, "pt_max": 25.0, "eff": 0.2976875309539349}, {"eta_min": 0.6, "eta_max": 1.2, "pt_min": 20.0, "pt_max": 25.0, "eff": 0.31553267588778194}, {"eta_min": 1.2, "eta_max": 2.4, "pt_min": 20.0, "pt_max": 25.0, "eff": 0.4089311984051987}, {"eta_min": 0.0, "eta_max": 0.6, "pt_min": 25.0, "pt_max": 30.0, "eff": 0.26269610539281707}, {"eta_min": 0.6, "eta_max": 1.2, "pt_min": 25.0, "pt_max": 30.0, "eff": 0.2618408772748292}, {"eta_min": 1.2, "eta_max": 2.4, "pt_min": 25.0, "pt_max": 30.0, "eff": 0.3105652559932626}, {"eta_min": 0.0, "eta_max": 0.6, "pt_min": 30.0, "pt_max": 1300.0, "eff": 0.23510195215146384}, {"eta_min": 0.6, "eta_max": 1.2, "pt_min": 30.0, "pt_max": 1300.0, "eff": 0.2323419094933708}, {"eta_min": 1.2, "eta_max": 2.4, "pt_min": 30.0, "pt_max": 1300.0, "eff": 0.23155021601044837}]}, "DYJetsToLL": {"b": [{"eta_min": 0.0, "eta_max": 0.6, "pt_min": 20.0, "pt_max": 25.0, "eff": 0.8735788994997801}, {"eta_min": 0.6, "eta_max": 1.2, "pt_min": 20.0, "pt_max": 25.0, "eff": 0.8758684576192757}, {"eta_min": 1.2, "eta_max": 2.4, "pt_min": 20.0, "pt_max": 25.0, "eff": 0.8722627737226101}, {"eta_min": 0.0, "eta_max": 0.6, "pt_min": 25.0, "pt_max": 30.0, "eff": 0.8907442748091671}, {"eta_min": 0.6, "eta_max": 1.2, "pt_min": 25.0, "pt_max": 30.0, "eff": 0.8876900441392911}, {"eta_min": 1.2, "eta_max": 2.4, "pt_min": 25.0, "pt_max": 30.0, "eff": 0.8874015748031312}, {"eta_min": 0.0, "eta_max": 0.6, "pt_min": 30.0, "pt_max": 35.0, "eff": 0.900668576886348}, {"eta_min": 0.6, "eta_max": 1.2, "pt_min": 30.0, "pt_max": 35.0, "eff": 0.9010869565217461}, {"eta_min": 1.2, "eta_max": 2.4, "pt_min": 30.0, "pt_max": 35.0, "eff": 0.8801169590643181}, {"eta_min": 0.0, "eta_max": 0.6, "pt_min": 35.0, "pt_max": 40.0, "eff": 0.9179989685404902}, {"eta_min": 0.6, "eta_max": 1.2, "pt_min": 35.0, "pt_max": 40.0, "eff": 0.9032082653616164}, {"eta_min": 1.2, "eta_max": 2.4, "pt_min": 35.0, "pt_max": 40.0, "eff": 0.9000861326442678}, {"eta_min": 0.0, "eta_max": 0.6, "pt_min": 40.0, "pt_max": 1300.0, "eff": 0.9255963650132506}, {"eta_min": 0.6, "eta_max": 1.2, "pt_min": 40.0, "pt_max": 1300.0, "eff": 0.9197275954502621}, {"eta_min": 1.2, "eta_max": 2.4, "pt_min": 40.0, "pt_max": 1300.0, "eff": 0.9071601170036857}], "c": [{"eta_min": 0.0, "eta_max": 0.6, "pt_min": 20.0, "pt_max": 25.0, "eff": 0.5049621928165912}, {"eta_min": 0.6, "eta_max": 1.2, "pt_min": 20.0, "pt_max": 25.0, "eff": 0.5204539456320563}, {"eta_min": 1.2, "eta_max": 2.4, "pt_min": 20.0, "pt_max": 25.0, "eff": 0.5399430581141867}, {"eta_min": 0.0, "eta_max": 0.6, "pt_min": 25.0, "pt_max": 1300.0, "eff": 0.47068367461117466}, {"eta_min": 0.6, "eta_max": 1.2, "pt_min": 25.0, "pt_max": 1300.0, "eff": 0.46801560369159806}, {"eta_min": 1.2, "eta_max": 2.4, "pt_min": 25.0, "pt_max": 1300.0, "eff": 0.469354284051638}], "udsg": [{"eta_min": 0.0, "eta_max": 0.6, "pt_min": 20.0, "pt_max": 25.0, "eff": 0.32554925278647945}, {"eta_min": 0.6, "eta_max": 1.2, "pt_min": 20.0, "pt_max": 25.0, "eff": 0.3409623604032009}, {"eta_min": 1.2, "eta_max": 2.4, "pt_min": 20.0, "pt_max": 25.0, "eff": 0.4447416908788399}, {"eta_min": 0.0, "eta_max": 0.6, "pt_min": 25.0, "pt_max": 30.0, "eff": 0.25714985031946136}, {"eta_min": 0.6, "eta_max": 1.2, "pt_min": 25.0, "pt_max": 30.0, "eff": 0.2687801662735626}, {"eta_min": 1.2, "eta_max": 2.4, "pt_min": 25.0, "pt_max": 30.0, "eff": 0.3300979545663639}, {"eta_min": 0.0, "eta_max": 0.6, "pt_min": 30.0, "pt_max": 1300.0, "eff": 0.1316953756562184}, {"eta_min": 0.6, "eta_max": 1.2, "pt_min": 30.0, "pt_max": 1300.0, "eff": 0.14336136480038825}, {"eta_min": 1.2, "eta_max": 2.4, "pt_min": 30.0, "pt_max": 1300.0, "eff": 0.1898602897242881}]}}