{"Signal_800_200": {"b": [{"eta_min": 0.0, "eta_max": 0.6, "pt_min": 20.0, "pt_max": 25.0, "eff": 0.8901949284056647}, {"eta_min": 0.6, "eta_max": 1.2, "pt_min": 20.0, "pt_max": 25.0, "eff": 0.878241983355645}, {"eta_min": 1.2, "eta_max": 2.4, "pt_min": 20.0, "pt_max": 25.0, "eff": 0.8726817694950363}, {"eta_min": 0.0, "eta_max": 0.6, "pt_min": 25.0, "pt_max": 30.0, "eff": 0.9057539029667725}, {"eta_min": 0.6, "eta_max": 1.2, "pt_min": 25.0, "pt_max": 30.0, "eff": 0.9064429341137671}, {"eta_min": 1.2, "eta_max": 2.4, "pt_min": 25.0, "pt_max": 30.0, "eff": 0.8848323399775355}, {"eta_min": 0.0, "eta_max": 0.6, "pt_min": 30.0, "pt_max": 35.0, "eff": 0.9101318281242423}, {"eta_min": 0.6, "eta_max": 1.2, "pt_min": 30.0, "pt_max": 35.0, "eff": 0.9197572342512081}, {"eta_min": 1.2, "eta_max": 2.4, "pt_min": 30.0, "pt_max": 35.0, "eff": 0.8929778031957637}, {"eta_min": 0.0, "eta_max": 0.6, "pt_min": 35.0, "pt_max": 40.0, "eff": 0.9187730185348777}, {"eta_min": 0.6, "eta_max": 1.2, "pt_min": 35.0, "pt_max": 40.0, "eff": 0.9110973420546751}, {"eta_min": 1.2, "eta_max": 2.4, "pt_min": 35.0, "pt_max": 40.0, "eff": 0.9072770930673211}, {"eta_min": 0.0, "eta_max": 0.6, "pt_min": 40.0, "pt_max": 45.0, "eff": 0.9242106350853005}, {"eta_min": 0.6, "eta_max": 1.2, "pt_min": 40.0, "pt_max": 45.0, "eff": 0.924746063314211}, {"eta_min": 1.2, "eta_max": 2.4, "pt_min": 40.0, "pt_max": 45.0, "eff": 0.9035154123154366}, {"eta_min": 0.0, "eta_max": 0.6, "pt_min": 45.0, "pt_max": 1200.0, "eff": 0.9405313693079675}, {"eta_min": 0.6, "eta_max": 1.2, "pt_min": 45.0, "pt_max": 1200.0, "eff": 0.9372400901515723}, {"eta_min": 1.2, "eta_max": 2.4, "pt_min": 45.0, "pt_max": 1200.0, "eff": 0.917664748713284}], "c": [{"eta_min": 0.0, "eta_max": 0.6, "pt_min": 20.0, "pt_max": 25.0, "eff": 0.4944310331554611}, {"eta_min": 0.6, "eta_max": 1.2, "pt_min": 20.0, "pt_max": 25.0, "eff": 0.5145286158492249}, {"eta_min": 1.2, "eta_max": 2.4, "pt_min": 20.0, "pt_max": 25.0, "eff": 0.518734183548015}, {"eta_min": 0.0, "eta_max": 0.6, "pt_min": 25.0, "pt_max": 1200.0, "eff": 0.44050162217839595}, {"eta_min": 0.6, "eta_max": 1.2, "pt_min": 25.0, "pt_max": 1200.0, "eff": 0.45472139692328195}, {"eta_min": 1.2, "eta_max": 2.4, "pt_min": 25.0, "pt_max": 1200.0, "eff": 0.457724125292703}], "udsg": [{"eta_min": 0.0, "eta_max": 0.6, "pt_min": 20.0, "pt_max": 25.0, "eff": 0.2840270259204794}, {"eta_min": 0.6, "eta_max": 1.2, "pt_min": 20.0, "pt_max": 25.0, "eff": 0.2984043866193505}, {"eta_min": 1.2, "eta_max": 2.4, "pt_min": 20.0, "pt_max": 25.0, "eff": 0.397780873995483}, {"eta_min": 0.0, "eta_max": 0.6, "pt_min": 25.0, "pt_max": 1200.0, "eff": 0.12201327654346769}, {"eta_min": 0.6, "eta_max": 1.2, "pt_min": 25.0, "pt_max": 1200.0, "eff": 0.12859666094900654}, {"eta_min": 1.2, "eta_max": 2.4, "pt_min": 25.0, "pt_max": 1200.0, "eff": 0.18194955864260234}]}, "Signal_400_100": {"b": [{"eta_min": 0.0, "eta_max": 0.6, "pt_min": 20.0, "pt_max": 25.0, "eff": 0.8949033602403814}, {"eta_min": 0.6, "eta_max": 1.2, "pt_min": 20.0, "pt_max": 25.0, "eff": 0.88059989758536}, {"eta_min": 1.2, "eta_max": 2.4, "pt_min": 20.0, "pt_max": 25.0, "eff": 0.8705137600412185}, {"eta_min": 0.0, "eta_max": 0.6, "pt_min": 25.0, "pt_max": 30.0, "eff": 0.8948165768612847}, {"eta_min": 0.6, "eta_max": 1.2, "pt_min": 25.0, "pt_max": 30.0, "eff": 0.9028819800591791}, {"eta_min": 1.2, "eta_max": 2.4, "pt_min": 25.0, "pt_max": 30.0, "eff": 0.8886174658853806}, {"eta_min": 0.0, "eta_max": 0.6, "pt_min": 30.0, "pt_max": 35.0, "eff": 0.9134762841878009}, {"eta_min": 0.6, "eta_max": 1.2, "pt_min": 30.0, "pt_max": 35.0, "eff": 0.9109056579253421}, {"eta_min": 1.2, "eta_max": 2.4, "pt_min": 30.0, "pt_max": 35.0, "eff": 0.8898802335847288}, {"eta_min": 0.0, "eta_max": 0.6, "pt_min": 35.0, "pt_max": 40.0, "eff": 0.9177039910438971}, {"eta_min": 0.6, "eta_max": 1.2, "pt_min": 35.0, "pt_max": 40.0, "eff": 0.9137229359396849}, {"eta_min": 1.2, "eta_max": 2.4, "pt_min": 35.0, "pt_max": 40.0, "eff": 0.9021260291366954}, {"eta_min": 0.0, "eta_max": 0.6, "pt_min": 40.0, "pt_max": 1200.0, "eff": 0.9362228135901891}, {"eta_min": 0.6, "eta_max": 1.2, "pt_min": 40.0, "pt_max": 1200.0, "eff": 0.9336447669997396}, {"eta_min": 1.2, "eta_max": 2.4, "pt_min": 40.0, "pt_max": 1200.0, "eff": 0.9155052713849049}], "c": [{"eta_min": 0.0, "eta_max": 0.6, "pt_min": 20.0, "pt_max": 25.0, "eff": 0.4993135376805651}, {"eta_min": 0.6, "eta_max": 1.2, "pt_min": 20.0, "pt_max": 25.0, "eff": 0.4736367272442117}, {"eta_min": 1.2, "eta_max": 2.4, "pt_min": 20.0, "pt_max": 25.0, "eff": 0.529721609612063}, {"eta_min": 0.0, "eta_max": 0.6, "pt_min": 25.0, "pt_max": 1200.0, "eff": 0.4227947749141982}, {"eta_min": 0.6, "eta_max": 1.2, "pt_min": 25.0, "pt_max": 1200.0, "eff": 0.45210785765490924}, {"eta_min": 1.2, "eta_max": 2.4, "pt_min": 25.0, "pt_max": 1200.0, "eff": 0.45704629260315655}], "udsg": [{"eta_min": 0.0, "eta_max": 0.6, "pt_min": 20.0, "pt_max": 25.0, "eff": 0.2952676843629798}, {"eta_min": 0.6, "eta_max": 1.2, "pt_min": 20.0, "pt_max": 25.0, "eff": 0.3082663463637118}, {"eta_min": 1.2, "eta_max": 2.4, "pt_min": 20.0, "pt_max": 25.0, "eff": 0.41611855259681474}, {"eta_min": 0.0, "eta_max": 0.6, "pt_min": 25.0, "pt_max": 1200.0, "eff": 0.15280128150022507}, {"eta_min": 0.6, "eta_max": 1.2, "pt_min": 25.0, "pt_max": 1200.0, "eff": 0.1599054126801691}, {"eta_min": 1.2, "eta_max": 2.4, "pt_min": 25.0, "pt_max": 1200.0, "eff": 0.2083249579177057}]}, "ZGToLLG": {"b": [{"eta_min": 0.0, "eta_max": 0.6, "pt_min": 20.0, "pt_max": 25.0, "eff": 0.8600405679513189}, {"eta_min": 0.6, "eta_max": 1.2, "pt_min": 20.0, "pt_max": 25.0, "eff": 0.8764478764478768}, {"eta_min": 1.2, "eta_max": 2.4, "pt_min": 20.0, "pt_max": 25.0, "eff": 0.8473945409429224}, {"eta_min": 0.0, "eta_max": 0.6, "pt_min": 25.0, "pt_max": 1200.0, "eff": 0.9154046198562091}, {"eta_min": 0.6, "eta_max": 1.2, "pt_min": 25.0, "pt_max": 1200.0, "eff": 0.9160558464223454}, {"eta_min": 1.2, "eta_max": 2.4, "pt_min": 25.0, "pt_max": 1200.0, "eff": 0.902841302841309}], "c": [{"eta_min": 0.0, "eta_max": 0.6, "pt_min": 20.0, "pt_max": 25.0, "eff": 0.48124999999998946}, {"eta_min": 0.6, "eta_max": 1.2, "pt_min": 20.0, "pt_max": 25.0, "eff": 0.47647498132933885}, {"eta_min": 1.2, "eta_max": 2.4, "pt_min": 20.0, "pt_max": 25.0, "eff": 0.5034965034965193}, {"eta_min": 0.0, "eta_max": 0.6, "pt_min": 25.0, "pt_max": 1200.0, "eff": 0.47829919978281654}, {"eta_min": 0.6, "eta_max": 1.2, "pt_min": 25.0, "pt_max": 1200.0, "eff": 0.46609841146829073}, {"eta_min": 1.2, "eta_max": 2.4, "pt_min": 25.0, "pt_max": 1200.0, "eff": 0.47152469061616115}], "udsg": [{"eta_min": 0.0, "eta_max": 0.6, "pt_min": 20.0, "pt_max": 25.0, "eff": 0.2866764470523713}, {"eta_min": 0.6, "eta_max": 1.2, "pt_min": 20.0, "pt_max": 25.0, "eff": 0.3100590453153195}, {"eta_min": 1.2, "eta_max": 2.4, "pt_min": 20.0, "pt_max": 25.0, "eff": 0.4311305316673183}, {"eta_min": 0.0, "eta_max": 0.6, "pt_min": 25.0, "pt_max": 1200.0, "eff": 0.16424752110180235}, {"eta_min": 0.6, "eta_max": 1.2, "pt_min": 25.0, "pt_max": 1200.0, "eff": 0.17968323934746594}, {"eta_min": 1.2, "eta_max": 2.4, "pt_min": 25.0, "pt_max": 1200.0, "eff": 0.2226034860552899}]}, "ZZZ": {"b": [{"eta_min": 0.0, "eta_max": 0.6, "pt_min": 20.0, "pt_max": 25.0, "eff": 0.963414634731405}, {"eta_min": 0.6, "eta_max": 1.2, "pt_min": 20.0, "pt_max": 25.0, "eff": 0.9610389602237878}, {"eta_min": 1.2, "eta_max": 2.4, "pt_min": 20.0, "pt_max": 25.0, "eff": 0.897959180583781}, {"eta_min": 0.0, "eta_max": 0.6, "pt_min": 25.0, "pt_max": 1200.0, "eff": 0.9364754101652714}, {"eta_min": 0.6, "eta_max": 1.2, "pt_min": 25.0, "pt_max": 1200.0, "eff": 0.9235095614644068}, {"eta_min": 1.2, "eta_max": 2.4, "pt_min": 25.0, "pt_max": 1200.0, "eff": 0.9092542678739524}], "c": [{"eta_min": 0.0, "eta_max": 0.6, "pt_min": 20.0, "pt_max": 25.0, "eff": 0.6164383505328274}, {"eta_min": 0.6, "eta_max": 1.2, "pt_min": 20.0, "pt_max": 25.0, "eff": 0.47826086935274287}, {"eta_min": 1.2, "eta_max": 2.4, "pt_min": 20.0, "pt_max": 25.0, "eff": 0.538461539459163}, {"eta_min": 0.0, "eta_max": 0.6, "pt_min": 25.0, "pt_max": 1200.0, "eff": 0.5038419311748711}, {"eta_min": 0.6, "eta_max": 1.2, "pt_min": 25.0, "pt_max": 1200.0, "eff": 0.48399014704851645}, {"eta_min": 1.2, "eta_max": 2.4, "pt_min": 25.0, "pt_max": 1200.0, "eff": 0.5063538616945618}], "udsg": [{"eta_min": 0.0, "eta_max": 0.6, "pt_min": 20.0, "pt_max": 25.0, "eff": 0.25335320183547666}, {"eta_min": 0.6, "eta_max": 1.2, "pt_min": 20.0, "pt_max": 25.0, "eff": 0.27941176401311035}, {"eta_min": 1.2, "eta_max": 2.4, "pt_min": 20.0, "pt_max": 25.0, "eff": 0.3831217338313642}, {"eta_min": 0.0, "eta_max": 0.6, "pt_min": 25.0, "pt_max": 1200.0, "eff": 0.13265925177745233}, {"eta_min": 0.6, "eta_max": 1.2, "pt_min": 25.0, "pt_max": 1200.0, "eff": 0.14591139533818034}, {"eta_min": 1.2, "eta_max": 2.4, "pt_min": 25.0, "pt_max": 1200.0, "eff": 0.1948115517963323}]}, "ZZ": {"b": [{"eta_min": 0.0, "eta_max": 0.6, "pt_min": 20.0, "pt_max": 25.0, "eff": 0.902834008097165}, {"eta_min": 0.6, "eta_max": 1.2, "pt_min": 20.0, "pt_max": 25.0, "eff": 0.9047619047619037}, {"eta_min": 1.2, "eta_max": 2.4, "pt_min": 20.0, "pt_max": 25.0, "eff": 0.8683385579937294}, {"eta_min": 0.0, "eta_max": 0.6, "pt_min": 25.0, "pt_max": 30.0, "eff": 0.9061224489795909}, {"eta_min": 0.6, "eta_max": 1.2, "pt_min": 25.0, "pt_max": 30.0, "eff": 0.9126213592232999}, {"eta_min": 1.2, "eta_max": 2.4, "pt_min": 25.0, "pt_max": 30.0, "eff": 0.8821656050955404}, {"eta_min": 0.0, "eta_max": 0.6, "pt_min": 30.0, "pt_max": 35.0, "eff": 0.8870292887029277}, {"eta_min": 0.6, "eta_max": 1.2, "pt_min": 30.0, "pt_max": 35.0, "eff": 0.9323671497584533}, {"eta_min": 1.2, "eta_max": 2.4, "pt_min": 30.0, "pt_max": 35.0, "eff": 0.9133126934984513}, {"eta_min": 0.0, "eta_max": 0.6, "pt_min": 35.0, "pt_max": 1200.0, "eff": 0.9362962962962966}, {"eta_min": 0.6, "eta_max": 1.2, "pt_min": 35.0, "pt_max": 1200.0, "eff": 0.931123770067323}, {"eta_min": 1.2, "eta_max": 2.4, "pt_min": 35.0, "pt_max": 1200.0, "eff": 0.9135177249707834}], "c": [{"eta_min": 0.0, "eta_max": 0.6, "pt_min": 20.0, "pt_max": 25.0, "eff": 0.5068965517241354}, {"eta_min": 0.6, "eta_max": 1.2, "pt_min": 20.0, "pt_max": 25.0, "eff": 0.5395683453237384}, {"eta_min": 1.2, "eta_max": 2.4, "pt_min": 20.0, "pt_max": 25.0, "eff": 0.5456790123456794}, {"eta_min": 0.0, "eta_max": 0.6, "pt_min": 25.0, "pt_max": 1200.0, "eff": 0.4829821717990298}, {"eta_min": 0.6, "eta_max": 1.2, "pt_min": 25.0, "pt_max": 1200.0, "eff": 0.48818546589389455}, {"eta_min": 1.2, "eta_max": 2.4, "pt_min": 25.0, "pt_max": 1200.0, "eff": 0.505846976277971}], "udsg": [{"eta_min": 0.0, "eta_max": 0.6, "pt_min": 20.0, "pt_max": 25.0, "eff": 0.3141646489103977}, {"eta_min": 0.6, "eta_max": 1.2, "pt_min": 20.0, "pt_max": 25.0, "eff": 0.33786346396964734}, {"eta_min": 1.2, "eta_max": 2.4, "pt_min": 20.0, "pt_max": 25.0, "eff": 0.4506351039260314}, {"eta_min": 0.0, "eta_max": 0.6, "pt_min": 25.0, "pt_max": 1200.0, "eff": 0.1559593570237784}, {"eta_min": 0.6, "eta_max": 1.2, "pt_min": 25.0, "pt_max": 1200.0, "eff": 0.17289995280788792}, {"eta_min": 1.2, "eta_max": 2.4, "pt_min": 25.0, "pt_max": 1200.0, "eff": 0.2312307442841286}]}, "WW": {"b": [{"eta_min": 0.0, "eta_max": 0.6, "pt_min": 20.0, "pt_max": 25.0, "eff": 0.8620689655172414}, {"eta_min": 0.6, "eta_max": 1.2, "pt_min": 20.0, "pt_max": 25.0, "eff": 0.9}, {"eta_min": 1.2, "eta_max": 2.4, "pt_min": 20.0, "pt_max": 25.0, "eff": 0.8200000000000001}, {"eta_min": 0.0, "eta_max": 0.6, "pt_min": 25.0, "pt_max": 1200.0, "eff": 0.8841201716738208}, {"eta_min": 0.6, "eta_max": 1.2, "pt_min": 25.0, "pt_max": 1200.0, "eff": 0.9029126213592243}, {"eta_min": 1.2, "eta_max": 2.4, "pt_min": 25.0, "pt_max": 1200.0, "eff": 0.8892733564013849}], "c": [{"eta_min": 0.0, "eta_max": 0.6, "pt_min": 20.0, "pt_max": 25.0, "eff": 0.48684210526315796}, {"eta_min": 0.6, "eta_max": 1.2, "pt_min": 20.0, "pt_max": 25.0, "eff": 0.5632183908045973}, {"eta_min": 1.2, "eta_max": 2.4, "pt_min": 20.0, "pt_max": 25.0, "eff": 0.45086705202311983}, {"eta_min": 0.0, "eta_max": 0.6, "pt_min": 25.0, "pt_max": 1200.0, "eff": 0.45050215208033745}, {"eta_min": 0.6, "eta_max": 1.2, "pt_min": 25.0, "pt_max": 1200.0, "eff": 0.4461028192371422}, {"eta_min": 1.2, "eta_max": 2.4, "pt_min": 25.0, "pt_max": 1200.0, "eff": 0.49718785151855494}], "udsg": [{"eta_min": 0.0, "eta_max": 0.6, "pt_min": 20.0, "pt_max": 25.0, "eff": 0.3347145488029632}, {"eta_min": 0.6, "eta_max": 1.2, "pt_min": 20.0, "pt_max": 25.0, "eff": 0.3889156626506207}, {"eta_min": 1.2, "eta_max": 2.4, "pt_min": 20.0, "pt_max": 25.0, "eff": 0.4831340734415223}, {"eta_min": 0.0, "eta_max": 0.6, "pt_min": 25.0, "pt_max": 1200.0, "eff": 0.1997662413558138}, {"eta_min": 0.6, "eta_max": 1.2, "pt_min": 25.0, "pt_max": 1200.0, "eff": 0.21650807227628968}, {"eta_min": 1.2, "eta_max": 2.4, "pt_min": 25.0, "pt_max": 1200.0, "eff": 0.2788133749183303}]}, "Signal_500_200": {"b": [{"eta_min": 0.0, "eta_max": 0.6, "pt_min": 20.0, "pt_max": 25.0, "eff": 0.8890242383712798}, {"eta_min": 0.6, "eta_max": 1.2, "pt_min": 20.0, "pt_max": 25.0, "eff": 0.8771171140892915}, {"eta_min": 1.2, "eta_max": 2.4, "pt_min": 20.0, "pt_max": 25.0, "eff": 0.8730443030211341}, {"eta_min": 0.0, "eta_max": 0.6, "pt_min": 25.0, "pt_max": 30.0, "eff": 0.8984126839102323}, {"eta_min": 0.6, "eta_max": 1.2, "pt_min": 25.0, "pt_max": 30.0, "eff": 0.8993100394133623}, {"eta_min": 1.2, "eta_max": 2.4, "pt_min": 25.0, "pt_max": 30.0, "eff": 0.8883358500904182}, {"eta_min": 0.0, "eta_max": 0.6, "pt_min": 30.0, "pt_max": 35.0, "eff": 0.9122840320998543}, {"eta_min": 0.6, "eta_max": 1.2, "pt_min": 30.0, "pt_max": 35.0, "eff": 0.9071670443781241}, {"eta_min": 1.2, "eta_max": 2.4, "pt_min": 30.0, "pt_max": 35.0, "eff": 0.895073531838972}, {"eta_min": 0.0, "eta_max": 0.6, "pt_min": 35.0, "pt_max": 1200.0, "eff": 0.9364967331057015}, {"eta_min": 0.6, "eta_max": 1.2, "pt_min": 35.0, "pt_max": 1200.0, "eff": 0.9287932495562726}, {"eta_min": 1.2, "eta_max": 2.4, "pt_min": 35.0, "pt_max": 1200.0, "eff": 0.9132577029722777}], "c": [{"eta_min": 0.0, "eta_max": 0.6, "pt_min": 20.0, "pt_max": 25.0, "eff": 0.5182192326732254}, {"eta_min": 0.6, "eta_max": 1.2, "pt_min": 20.0, "pt_max": 25.0, "eff": 0.47305121284916185}, {"eta_min": 1.2, "eta_max": 2.4, "pt_min": 20.0, "pt_max": 25.0, "eff": 0.517235596027608}, {"eta_min": 0.0, "eta_max": 0.6, "pt_min": 25.0, "pt_max": 1200.0, "eff": 0.45469473544953903}, {"eta_min": 0.6, "eta_max": 1.2, "pt_min": 25.0, "pt_max": 1200.0, "eff": 0.4436162994070279}, {"eta_min": 1.2, "eta_max": 2.4, "pt_min": 25.0, "pt_max": 1200.0, "eff": 0.44398589960400014}], "udsg": [{"eta_min": 0.0, "eta_max": 0.6, "pt_min": 20.0, "pt_max": 25.0, "eff": 0.292069454801878}, {"eta_min": 0.6, "eta_max": 1.2, "pt_min": 20.0, "pt_max": 25.0, "eff": 0.3046682834977436}, {"eta_min": 1.2, "eta_max": 2.4, "pt_min": 20.0, "pt_max": 25.0, "eff": 0.40992374653233943}, {"eta_min": 0.0, "eta_max": 0.6, "pt_min": 25.0, "pt_max": 1200.0, "eff": 0.14354337163860975}, {"eta_min": 0.6, "eta_max": 1.2, "pt_min": 25.0, "pt_max": 1200.0, "eff": 0.1486663589308503}, {"eta_min": 1.2, "eta_max": 2.4, "pt_min": 25.0, "pt_max": 1200.0, "eff": 0.1978840435804182}]}, "Signal_1000_400": {"b": [{"eta_min": 0.0, "eta_max": 0.6, "pt_min": 20.0, "pt_max": 25.0, "eff": 0.8849183311303628}, {"eta_min": 0.6, "eta_max": 1.2, "pt_min": 20.0, "pt_max": 25.0, "eff": 0.8847270708716726}, {"eta_min": 1.2, "eta_max": 2.4, "pt_min": 20.0, "pt_max": 25.0, "eff": 0.8696123252694242}, {"eta_min": 0.0, "eta_max": 0.6, "pt_min": 25.0, "pt_max": 30.0, "eff": 0.9093703490473228}, {"eta_min": 0.6, "eta_max": 1.2, "pt_min": 25.0, "pt_max": 30.0, "eff": 0.9140954245296466}, {"eta_min": 1.2, "eta_max": 2.4, "pt_min": 25.0, "pt_max": 30.0, "eff": 0.8869520090416039}, {"eta_min": 0.0, "eta_max": 0.6, "pt_min": 30.0, "pt_max": 35.0, "eff": 0.9119811668956622}, {"eta_min": 0.6, "eta_max": 1.2, "pt_min": 30.0, "pt_max": 35.0, "eff": 0.9107367022022084}, {"eta_min": 1.2, "eta_max": 2.4, "pt_min": 30.0, "pt_max": 35.0, "eff": 0.8888373789168763}, {"eta_min": 0.0, "eta_max": 0.6, "pt_min": 35.0, "pt_max": 40.0, "eff": 0.9262144907083595}, {"eta_min": 0.6, "eta_max": 1.2, "pt_min": 35.0, "pt_max": 40.0, "eff": 0.9194424825996284}, {"eta_min": 1.2, "eta_max": 2.4, "pt_min": 35.0, "pt_max": 40.0, "eff": 0.901727979527586}, {"eta_min": 0.0, "eta_max": 0.6, "pt_min": 40.0, "pt_max": 1200.0, "eff": 0.9412323923748587}, {"eta_min": 0.6, "eta_max": 1.2, "pt_min": 40.0, "pt_max": 1200.0, "eff": 0.9358392042680845}, {"eta_min": 1.2, "eta_max": 2.4, "pt_min": 40.0, "pt_max": 1200.0, "eff": 0.918446320176914}], "c": [{"eta_min": 0.0, "eta_max": 0.6, "pt_min": 20.0, "pt_max": 25.0, "eff": 0.5173843765694469}, {"eta_min": 0.6, "eta_max": 1.2, "pt_min": 20.0, "pt_max": 25.0, "eff": 0.508438683745329}, {"eta_min": 1.2, "eta_max": 2.4, "pt_min": 20.0, "pt_max": 25.0, "eff": 0.5104471828843695}, {"eta_min": 0.0, "eta_max": 0.6, "pt_min": 25.0, "pt_max": 1200.0, "eff": 0.45814400629206564}, {"eta_min": 0.6, "eta_max": 1.2, "pt_min": 25.0, "pt_max": 1200.0, "eff": 0.4550187116956572}, {"eta_min": 1.2, "eta_max": 2.4, "pt_min": 25.0, "pt_max": 1200.0, "eff": 0.4492340568091046}], "udsg": [{"eta_min": 0.0, "eta_max": 0.6, "pt_min": 20.0, "pt_max": 25.0, "eff": 0.2853774344150152}, {"eta_min": 0.6, "eta_max": 1.2, "pt_min": 20.0, "pt_max": 25.0, "eff": 0.29451411535377714}, {"eta_min": 1.2, "eta_max": 2.4, "pt_min": 20.0, "pt_max": 25.0, "eff": 0.40410735518077223}, {"eta_min": 0.0, "eta_max": 0.6, "pt_min": 25.0, "pt_max": 1200.0, "eff": 0.1144014400980583}, {"eta_min": 0.6, "eta_max": 1.2, "pt_min": 25.0, "pt_max": 1200.0, "eff": 0.12357385397268818}, {"eta_min": 1.2, "eta_max": 2.4, "pt_min": 25.0, "pt_max": 1200.0, "eff": 0.17644395795812942}]}, "Signal_600_100": {"b": [{"eta_min": 0.0, "eta_max": 0.6, "pt_min": 20.0, "pt_max": 25.0, "eff": 0.8929817625040645}, {"eta_min": 0.6, "eta_max": 1.2, "pt_min": 20.0, "pt_max": 25.0, "eff": 0.886191177378856}, {"eta_min": 1.2, "eta_max": 2.4, "pt_min": 20.0, "pt_max": 25.0, "eff": 0.8672013804544337}, {"eta_min": 0.0, "eta_max": 0.6, "pt_min": 25.0, "pt_max": 30.0, "eff": 0.9070956778549526}, {"eta_min": 0.6, "eta_max": 1.2, "pt_min": 25.0, "pt_max": 30.0, "eff": 0.9028735955039056}, {"eta_min": 1.2, "eta_max": 2.4, "pt_min": 25.0, "pt_max": 30.0, "eff": 0.8804707626762494}, {"eta_min": 0.0, "eta_max": 0.6, "pt_min": 30.0, "pt_max": 35.0, "eff": 0.9058007743470149}, {"eta_min": 0.6, "eta_max": 1.2, "pt_min": 30.0, "pt_max": 35.0, "eff": 0.9130205296754189}, {"eta_min": 1.2, "eta_max": 2.4, "pt_min": 30.0, "pt_max": 35.0, "eff": 0.8993419409212099}, {"eta_min": 0.0, "eta_max": 0.6, "pt_min": 35.0, "pt_max": 40.0, "eff": 0.921554236719724}, {"eta_min": 0.6, "eta_max": 1.2, "pt_min": 35.0, "pt_max": 40.0, "eff": 0.9222596549706406}, {"eta_min": 1.2, "eta_max": 2.4, "pt_min": 35.0, "pt_max": 40.0, "eff": 0.8997123632624794}, {"eta_min": 0.0, "eta_max": 0.6, "pt_min": 40.0, "pt_max": 1200.0, "eff": 0.9392889112442138}, {"eta_min": 0.6, "eta_max": 1.2, "pt_min": 40.0, "pt_max": 1200.0, "eff": 0.9326315168012226}, {"eta_min": 1.2, "eta_max": 2.4, "pt_min": 40.0, "pt_max": 1200.0, "eff": 0.9153536975290147}], "c": [{"eta_min": 0.0, "eta_max": 0.6, "pt_min": 20.0, "pt_max": 25.0, "eff": 0.4946845983468764}, {"eta_min": 0.6, "eta_max": 1.2, "pt_min": 20.0, "pt_max": 25.0, "eff": 0.5300876518312866}, {"eta_min": 1.2, "eta_max": 2.4, "pt_min": 20.0, "pt_max": 25.0, "eff": 0.5225275982592069}, {"eta_min": 0.0, "eta_max": 0.6, "pt_min": 25.0, "pt_max": 1200.0, "eff": 0.46547943836452665}, {"eta_min": 0.6, "eta_max": 1.2, "pt_min": 25.0, "pt_max": 1200.0, "eff": 0.45586272038155357}, {"eta_min": 1.2, "eta_max": 2.4, "pt_min": 25.0, "pt_max": 1200.0, "eff": 0.43846715222159355}], "udsg": [{"eta_min": 0.0, "eta_max": 0.6, "pt_min": 20.0, "pt_max": 25.0, "eff": 0.28725192660530074}, {"eta_min": 0.6, "eta_max": 1.2, "pt_min": 20.0, "pt_max": 25.0, "eff": 0.3021864116022148}, {"eta_min": 1.2, "eta_max": 2.4, "pt_min": 20.0, "pt_max": 25.0, "eff": 0.4093340247646664}, {"eta_min": 0.0, "eta_max": 0.6, "pt_min": 25.0, "pt_max": 1200.0, "eff": 0.12702418019842268}, {"eta_min": 0.6, "eta_max": 1.2, "pt_min": 25.0, "pt_max": 1200.0, "eff": 0.13641608383093407}, {"eta_min": 1.2, "eta_max": 2.4, "pt_min": 25.0, "pt_max": 1200.0, "eff": 0.18735391150779326}]}, "TTGJets": {"b": [{"eta_min": 0.0, "eta_max": 0.6, "pt_min": 20.0, "pt_max": 25.0, "eff": 0.9030303030303033}, {"eta_min": 0.6, "eta_max": 1.2, "pt_min": 20.0, "pt_max": 25.0, "eff": 0.8826815642458103}, {"eta_min": 1.2, "eta_max": 2.4, "pt_min": 20.0, "pt_max": 25.0, "eff": 0.9279661016949154}, {"eta_min": 0.0, "eta_max": 0.6, "pt_min": 25.0, "pt_max": 30.0, "eff": 0.9328063241106721}, {"eta_min": 0.6, "eta_max": 1.2, "pt_min": 25.0, "pt_max": 30.0, "eff": 0.879581151832461}, {"eta_min": 1.2, "eta_max": 2.4, "pt_min": 25.0, "pt_max": 30.0, "eff": 0.9134199134199136}, {"eta_min": 0.0, "eta_max": 0.6, "pt_min": 30.0, "pt_max": 35.0, "eff": 0.888429752066116}, {"eta_min": 0.6, "eta_max": 1.2, "pt_min": 30.0, "pt_max": 35.0, "eff": 0.9014778325123155}, {"eta_min": 1.2, "eta_max": 2.4, "pt_min": 30.0, "pt_max": 35.0, "eff": 0.9126637554585154}, {"eta_min": 0.0, "eta_max": 0.6, "pt_min": 35.0, "pt_max": 40.0, "eff": 0.8999999999999992}, {"eta_min": 0.6, "eta_max": 1.2, "pt_min": 35.0, "pt_max": 40.0, "eff": 0.9392523364485983}, {"eta_min": 1.2, "eta_max": 2.4, "pt_min": 35.0, "pt_max": 40.0, "eff": 0.925925925925926}, {"eta_min": 0.0, "eta_max": 0.6, "pt_min": 40.0, "pt_max": 45.0, "eff": 0.9280000000000002}, {"eta_min": 0.6, "eta_max": 1.2, "pt_min": 40.0, "pt_max": 45.0, "eff": 0.9527559055118111}, {"eta_min": 1.2, "eta_max": 2.4, "pt_min": 40.0, "pt_max": 45.0, "eff": 0.9206896551724119}, {"eta_min": 0.0, "eta_max": 0.6, "pt_min": 45.0, "pt_max": 50.0, "eff": 0.9131944444444423}, {"eta_min": 0.6, "eta_max": 1.2, "pt_min": 45.0, "pt_max": 50.0, "eff": 0.9269230769230771}, {"eta_min": 1.2, "eta_max": 2.4, "pt_min": 45.0, "pt_max": 50.0, "eff": 0.8893129770992366}, {"eta_min": 0.0, "eta_max": 0.6, "pt_min": 50.0, "pt_max": 55.0, "eff": 0.9520000000000001}, {"eta_min": 0.6, "eta_max": 1.2, "pt_min": 50.0, "pt_max": 55.0, "eff": 0.9121338912133893}, {"eta_min": 1.2, "eta_max": 2.4, "pt_min": 50.0, "pt_max": 55.0, "eff": 0.9433962264150931}, {"eta_min": 0.0, "eta_max": 0.6, "pt_min": 55.0, "pt_max": 60.0, "eff": 0.8687782805429867}, {"eta_min": 0.6, "eta_max": 1.2, "pt_min": 55.0, "pt_max": 60.0, "eff": 0.9141914191419122}, {"eta_min": 1.2, "eta_max": 2.4, "pt_min": 55.0, "pt_max": 60.0, "eff": 0.9859154929577465}, {"eta_min": 0.0, "eta_max": 0.6, "pt_min": 60.0, "pt_max": 65.0, "eff": 0.9712918660287082}, {"eta_min": 0.6, "eta_max": 1.2, "pt_min": 60.0, "pt_max": 65.0, "eff": 0.9322033898305087}, {"eta_min": 1.2, "eta_max": 2.4, "pt_min": 60.0, "pt_max": 65.0, "eff": 0.9380952380952382}, {"eta_min": 0.0, "eta_max": 0.6, "pt_min": 65.0, "pt_max": 70.0, "eff": 0.9391891891891877}, {"eta_min": 0.6, "eta_max": 1.2, "pt_min": 65.0, "pt_max": 70.0, "eff": 0.9261363636363639}, {"eta_min": 1.2, "eta_max": 2.4, "pt_min": 65.0, "pt_max": 70.0, "eff": 0.9389671361502349}, {"eta_min": 0.0, "eta_max": 0.6, "pt_min": 70.0, "pt_max": 75.0, "eff": 0.9489361702127661}, {"eta_min": 0.6, "eta_max": 1.2, "pt_min": 70.0, "pt_max": 75.0, "eff": 0.8632075471698116}, {"eta_min": 1.2, "eta_max": 2.4, "pt_min": 70.0, "pt_max": 75.0, "eff": 0.877358490566038}, {"eta_min": 0.0, "eta_max": 0.6, "pt_min": 75.0, "pt_max": 80.0, "eff": 0.9567307692307693}, {"eta_min": 0.6, "eta_max": 1.2, "pt_min": 75.0, "pt_max": 80.0, "eff": 0.9336492890995262}, {"eta_min": 1.2, "eta_max": 2.4, "pt_min": 75.0, "pt_max": 80.0, "eff": 0.9119496855345914}, {"eta_min": 0.0, "eta_max": 0.6, "pt_min": 80.0, "pt_max": 1200.0, "eff": 0.9353140278300003}, {"eta_min": 0.6, "eta_max": 1.2, "pt_min": 80.0, "pt_max": 1200.0, "eff": 0.9412034910427096}, {"eta_min": 1.2, "eta_max": 2.4, "pt_min": 80.0, "pt_max": 1200.0, "eff": 0.9271894093686363}], "c": [{"eta_min": 0.0, "eta_max": 0.6, "pt_min": 20.0, "pt_max": 25.0, "eff": 0.49253731343283574}, {"eta_min": 0.6, "eta_max": 1.2, "pt_min": 20.0, "pt_max": 25.0, "eff": 0.6249999999999999}, {"eta_min": 1.2, "eta_max": 2.4, "pt_min": 20.0, "pt_max": 25.0, "eff": 0.6111111111111123}, {"eta_min": 0.0, "eta_max": 0.6, "pt_min": 25.0, "pt_max": 1200.0, "eff": 0.519108280254777}, {"eta_min": 0.6, "eta_max": 1.2, "pt_min": 25.0, "pt_max": 1200.0, "eff": 0.4922279792746082}, {"eta_min": 1.2, "eta_max": 2.4, "pt_min": 25.0, "pt_max": 1200.0, "eff": 0.5085803432137288}], "udsg": [{"eta_min": 0.0, "eta_max": 0.6, "pt_min": 20.0, "pt_max": 25.0, "eff": 0.25153374233129017}, {"eta_min": 0.6, "eta_max": 1.2, "pt_min": 20.0, "pt_max": 25.0, "eff": 0.2959641255605397}, {"eta_min": 1.2, "eta_max": 2.4, "pt_min": 20.0, "pt_max": 25.0, "eff": 0.3830486202365401}, {"eta_min": 0.0, "eta_max": 0.6, "pt_min": 25.0, "pt_max": 1200.0, "eff": 0.14323990107170817}, {"eta_min": 0.6, "eta_max": 1.2, "pt_min": 25.0, "pt_max": 1200.0, "eff": 0.16711711711710092}, {"eta_min": 1.2, "eta_max": 2.4, "pt_min": 25.0, "pt_max": 1200.0, "eff": 0.2103151010701238}]}, "TTToSemiLeptonic": {"b": [{"eta_min": 0.0, "eta_max": 0.6, "pt_min": 20.0, "pt_max": 25.0, "eff": 0.9047345767574906}, {"eta_min": 0.6, "eta_max": 1.2, "pt_min": 20.0, "pt_max": 25.0, "eff": 0.9012063906096978}, {"eta_min": 1.2, "eta_max": 2.4, "pt_min": 20.0, "pt_max": 25.0, "eff": 0.8858442024649578}, {"eta_min": 0.0, "eta_max": 0.6, "pt_min": 25.0, "pt_max": 30.0, "eff": 0.9121974948315374}, {"eta_min": 0.6, "eta_max": 1.2, "pt_min": 25.0, "pt_max": 30.0, "eff": 0.9144144144143788}, {"eta_min": 1.2, "eta_max": 2.4, "pt_min": 25.0, "pt_max": 30.0, "eff": 0.8873446327683228}, {"eta_min": 0.0, "eta_max": 0.6, "pt_min": 30.0, "pt_max": 35.0, "eff": 0.9205575592162742}, {"eta_min": 0.6, "eta_max": 1.2, "pt_min": 30.0, "pt_max": 35.0, "eff": 0.9196537565197819}, {"eta_min": 1.2, "eta_max": 2.4, "pt_min": 30.0, "pt_max": 35.0, "eff": 0.9006265060240671}, {"eta_min": 0.0, "eta_max": 0.6, "pt_min": 35.0, "pt_max": 40.0, "eff": 0.927227603874854}, {"eta_min": 0.6, "eta_max": 1.2, "pt_min": 35.0, "pt_max": 40.0, "eff": 0.9225972120322601}, {"eta_min": 1.2, "eta_max": 2.4, "pt_min": 35.0, "pt_max": 40.0, "eff": 0.9162397332683195}, {"eta_min": 0.0, "eta_max": 0.6, "pt_min": 40.0, "pt_max": 45.0, "eff": 0.9305993690852306}, {"eta_min": 0.6, "eta_max": 1.2, "pt_min": 40.0, "pt_max": 45.0, "eff": 0.9295467399208753}, {"eta_min": 1.2, "eta_max": 2.4, "pt_min": 40.0, "pt_max": 45.0, "eff": 0.9136675081140306}, {"eta_min": 0.0, "eta_max": 0.6, "pt_min": 45.0, "pt_max": 50.0, "eff": 0.9328760097448907}, {"eta_min": 0.6, "eta_max": 1.2, "pt_min": 45.0, "pt_max": 50.0, "eff": 0.9328512396694809}, {"eta_min": 1.2, "eta_max": 2.4, "pt_min": 45.0, "pt_max": 50.0, "eff": 0.9165038075342679}, {"eta_min": 0.0, "eta_max": 0.6, "pt_min": 50.0, "pt_max": 55.0, "eff": 0.9372691492582956}, {"eta_min": 0.6, "eta_max": 1.2, "pt_min": 50.0, "pt_max": 55.0, "eff": 0.9322033898305678}, {"eta_min": 1.2, "eta_max": 2.4, "pt_min": 50.0, "pt_max": 55.0, "eff": 0.9229024943311274}, {"eta_min": 0.0, "eta_max": 0.6, "pt_min": 55.0, "pt_max": 60.0, "eff": 0.9380425022448813}, {"eta_min": 0.6, "eta_max": 1.2, "pt_min": 55.0, "pt_max": 60.0, "eff": 0.9382716049383256}, {"eta_min": 1.2, "eta_max": 2.4, "pt_min": 55.0, "pt_max": 60.0, "eff": 0.9229562964478709}, {"eta_min": 0.0, "eta_max": 0.6, "pt_min": 60.0, "pt_max": 65.0, "eff": 0.9380452085323618}, {"eta_min": 0.6, "eta_max": 1.2, "pt_min": 60.0, "pt_max": 65.0, "eff": 0.9368968636912512}, {"eta_min": 1.2, "eta_max": 2.4, "pt_min": 60.0, "pt_max": 65.0, "eff": 0.9231856405908361}, {"eta_min": 0.0, "eta_max": 0.6, "pt_min": 65.0, "pt_max": 70.0, "eff": 0.9411459347219976}, {"eta_min": 0.6, "eta_max": 1.2, "pt_min": 65.0, "pt_max": 70.0, "eff": 0.939754353233887}, {"eta_min": 1.2, "eta_max": 2.4, "pt_min": 65.0, "pt_max": 70.0, "eff": 0.9229723606706632}, {"eta_min": 0.0, "eta_max": 0.6, "pt_min": 70.0, "pt_max": 75.0, "eff": 0.9442902592567973}, {"eta_min": 0.6, "eta_max": 1.2, "pt_min": 70.0, "pt_max": 75.0, "eff": 0.9389632793888494}, {"eta_min": 1.2, "eta_max": 2.4, "pt_min": 70.0, "pt_max": 75.0, "eff": 0.9250771981147872}, {"eta_min": 0.0, "eta_max": 0.6, "pt_min": 75.0, "pt_max": 80.0, "eff": 0.9400000000000519}, {"eta_min": 0.6, "eta_max": 1.2, "pt_min": 75.0, "pt_max": 80.0, "eff": 0.9456008396011749}, {"eta_min": 1.2, "eta_max": 2.4, "pt_min": 75.0, "pt_max": 80.0, "eff": 0.9292050944224668}, {"eta_min": 0.0, "eta_max": 0.6, "pt_min": 80.0, "pt_max": 85.0, "eff": 0.9447933627976011}, {"eta_min": 0.6, "eta_max": 1.2, "pt_min": 80.0, "pt_max": 85.0, "eff": 0.9353420043042765}, {"eta_min": 1.2, "eta_max": 2.4, "pt_min": 80.0, "pt_max": 85.0, "eff": 0.924599434495737}, {"eta_min": 0.0, "eta_max": 0.6, "pt_min": 85.0, "pt_max": 90.0, "eff": 0.9422225864612778}, {"eta_min": 0.6, "eta_max": 1.2, "pt_min": 85.0, "pt_max": 90.0, "eff": 0.9399958830794377}, {"eta_min": 1.2, "eta_max": 2.4, "pt_min": 85.0, "pt_max": 90.0, "eff": 0.9252159258478799}, {"eta_min": 0.0, "eta_max": 0.6, "pt_min": 90.0, "pt_max": 95.0, "eff": 0.9443256725458605}, {"eta_min": 0.6, "eta_max": 1.2, "pt_min": 90.0, "pt_max": 95.0, "eff": 0.9422299879873128}, {"eta_min": 1.2, "eta_max": 2.4, "pt_min": 90.0, "pt_max": 95.0, "eff": 0.9276999548124468}, {"eta_min": 0.0, "eta_max": 0.6, "pt_min": 95.0, "pt_max": 100.0, "eff": 0.9407760381211533}, {"eta_min": 0.6, "eta_max": 1.2, "pt_min": 95.0, "pt_max": 100.0, "eff": 0.9381249264792155}, {"eta_min": 1.2, "eta_max": 2.4, "pt_min": 95.0, "pt_max": 100.0, "eff": 0.9242330145323275}, {"eta_min": 0.0, "eta_max": 0.6, "pt_min": 100.0, "pt_max": 105.0, "eff": 0.943578947368403}, {"eta_min": 0.6, "eta_max": 1.2, "pt_min": 100.0, "pt_max": 105.0, "eff": 0.9429569266588832}, {"eta_min": 1.2, "eta_max": 2.4, "pt_min": 100.0, "pt_max": 105.0, "eff": 0.9268493150684626}, {"eta_min": 0.0, "eta_max": 0.6, "pt_min": 105.0, "pt_max": 110.0, "eff": 0.9449321628092386}, {"eta_min": 0.6, "eta_max": 1.2, "pt_min": 105.0, "pt_max": 110.0, "eff": 0.9409371492704574}, {"eta_min": 1.2, "eta_max": 2.4, "pt_min": 105.0, "pt_max": 110.0, "eff": 0.9334643883259938}, {"eta_min": 0.0, "eta_max": 0.6, "pt_min": 110.0, "pt_max": 115.0, "eff": 0.9461883408071544}, {"eta_min": 0.6, "eta_max": 1.2, "pt_min": 110.0, "pt_max": 115.0, "eff": 0.9499921862790822}, {"eta_min": 1.2, "eta_max": 2.4, "pt_min": 110.0, "pt_max": 115.0, "eff": 0.9332878348404745}, {"eta_min": 0.0, "eta_max": 0.6, "pt_min": 115.0, "pt_max": 1200.0, "eff": 0.9457325268818554}, {"eta_min": 0.6, "eta_max": 1.2, "pt_min": 115.0, "pt_max": 1200.0, "eff": 0.9463698663746147}, {"eta_min": 1.2, "eta_max": 2.4, "pt_min": 115.0, "pt_max": 1200.0, "eff": 0.9327955915827363}], "c": [{"eta_min": 0.0, "eta_max": 0.6, "pt_min": 20.0, "pt_max": 25.0, "eff": 0.5492592592593184}, {"eta_min": 0.6, "eta_max": 1.2, "pt_min": 20.0, "pt_max": 25.0, "eff": 0.5511811023622538}, {"eta_min": 1.2, "eta_max": 2.4, "pt_min": 20.0, "pt_max": 25.0, "eff": 0.5507850493260841}, {"eta_min": 0.0, "eta_max": 0.6, "pt_min": 25.0, "pt_max": 30.0, "eff": 0.5407322215833422}, {"eta_min": 0.6, "eta_max": 1.2, "pt_min": 25.0, "pt_max": 30.0, "eff": 0.5298114861903055}, {"eta_min": 1.2, "eta_max": 2.4, "pt_min": 25.0, "pt_max": 30.0, "eff": 0.5323494079286645}, {"eta_min": 0.0, "eta_max": 0.6, "pt_min": 30.0, "pt_max": 35.0, "eff": 0.5373938263932516}, {"eta_min": 0.6, "eta_max": 1.2, "pt_min": 30.0, "pt_max": 35.0, "eff": 0.5325661680092378}, {"eta_min": 1.2, "eta_max": 2.4, "pt_min": 30.0, "pt_max": 35.0, "eff": 0.5330601601788629}, {"eta_min": 0.0, "eta_max": 0.6, "pt_min": 35.0, "pt_max": 40.0, "eff": 0.5457516339869781}, {"eta_min": 0.6, "eta_max": 1.2, "pt_min": 35.0, "pt_max": 40.0, "eff": 0.5358481724461405}, {"eta_min": 1.2, "eta_max": 2.4, "pt_min": 35.0, "pt_max": 40.0, "eff": 0.533387456870355}, {"eta_min": 0.0, "eta_max": 0.6, "pt_min": 40.0, "pt_max": 45.0, "eff": 0.5039468217698785}, {"eta_min": 0.6, "eta_max": 1.2, "pt_min": 40.0, "pt_max": 45.0, "eff": 0.5169636319258204}, {"eta_min": 1.2, "eta_max": 2.4, "pt_min": 40.0, "pt_max": 45.0, "eff": 0.5125799573561155}, {"eta_min": 0.0, "eta_max": 0.6, "pt_min": 45.0, "pt_max": 50.0, "eff": 0.5143171806167749}, {"eta_min": 0.6, "eta_max": 1.2, "pt_min": 45.0, "pt_max": 50.0, "eff": 0.5087719298245706}, {"eta_min": 1.2, "eta_max": 2.4, "pt_min": 45.0, "pt_max": 50.0, "eff": 0.5173116089613352}, {"eta_min": 0.0, "eta_max": 0.6, "pt_min": 50.0, "pt_max": 55.0, "eff": 0.4952999104745148}, {"eta_min": 0.6, "eta_max": 1.2, "pt_min": 50.0, "pt_max": 55.0, "eff": 0.506881329524809}, {"eta_min": 1.2, "eta_max": 2.4, "pt_min": 50.0, "pt_max": 55.0, "eff": 0.49541511771996605}, {"eta_min": 0.0, "eta_max": 0.6, "pt_min": 55.0, "pt_max": 1200.0, "eff": 0.46382865740327495}, {"eta_min": 0.6, "eta_max": 1.2, "pt_min": 55.0, "pt_max": 1200.0, "eff": 0.47833798369082414}, {"eta_min": 1.2, "eta_max": 2.4, "pt_min": 55.0, "pt_max": 1200.0, "eff": 0.48935560648753024}], "udsg": [{"eta_min": 0.0, "eta_max": 0.6, "pt_min": 20.0, "pt_max": 25.0, "eff": 0.2389076452843142}, {"eta_min": 0.6, "eta_max": 1.2, "pt_min": 20.0, "pt_max": 25.0, "eff": 0.26034667958452856}, {"eta_min": 1.2, "eta_max": 2.4, "pt_min": 20.0, "pt_max": 25.0, "eff": 0.3794831636654451}, {"eta_min": 0.0, "eta_max": 0.6, "pt_min": 25.0, "pt_max": 30.0, "eff": 0.17150381302455509}, {"eta_min": 0.6, "eta_max": 1.2, "pt_min": 25.0, "pt_max": 30.0, "eff": 0.18865341112030734}, {"eta_min": 1.2, "eta_max": 2.4, "pt_min": 25.0, "pt_max": 30.0, "eff": 0.2822458557262171}, {"eta_min": 0.0, "eta_max": 0.6, "pt_min": 30.0, "pt_max": 1200.0, "eff": 0.0894752320082002}, {"eta_min": 0.6, "eta_max": 1.2, "pt_min": 30.0, "pt_max": 1200.0, "eff": 0.10114080378113703}, {"eta_min": 1.2, "eta_max": 2.4, "pt_min": 30.0, "pt_max": 1200.0, "eff": 0.15140893787812784}]}, "TTTo2L2Nu": {"b": [{"eta_min": 0.0, "eta_max": 0.6, "pt_min": 20.0, "pt_max": 25.0, "eff": 0.9025941717248649}, {"eta_min": 0.6, "eta_max": 1.2, "pt_min": 20.0, "pt_max": 25.0, "eff": 0.8983576025774276}, {"eta_min": 1.2, "eta_max": 2.4, "pt_min": 20.0, "pt_max": 25.0, "eff": 0.884034378336501}, {"eta_min": 0.0, "eta_max": 0.6, "pt_min": 25.0, "pt_max": 30.0, "eff": 0.9171130514821462}, {"eta_min": 0.6, "eta_max": 1.2, "pt_min": 25.0, "pt_max": 30.0, "eff": 0.9123246102250248}, {"eta_min": 1.2, "eta_max": 2.4, "pt_min": 25.0, "pt_max": 30.0, "eff": 0.8963896615030749}, {"eta_min": 0.0, "eta_max": 0.6, "pt_min": 30.0, "pt_max": 35.0, "eff": 0.9242425090852572}, {"eta_min": 0.6, "eta_max": 1.2, "pt_min": 30.0, "pt_max": 35.0, "eff": 0.920666849143976}, {"eta_min": 1.2, "eta_max": 2.4, "pt_min": 30.0, "pt_max": 35.0, "eff": 0.9050023404913744}, {"eta_min": 0.0, "eta_max": 0.6, "pt_min": 35.0, "pt_max": 40.0, "eff": 0.9298012839484712}, {"eta_min": 0.6, "eta_max": 1.2, "pt_min": 35.0, "pt_max": 40.0, "eff": 0.9256622633928032}, {"eta_min": 1.2, "eta_max": 2.4, "pt_min": 35.0, "pt_max": 40.0, "eff": 0.9097123341379683}, {"eta_min": 0.0, "eta_max": 0.6, "pt_min": 40.0, "pt_max": 45.0, "eff": 0.93281026337505}, {"eta_min": 0.6, "eta_max": 1.2, "pt_min": 40.0, "pt_max": 45.0, "eff": 0.9297512653320328}, {"eta_min": 1.2, "eta_max": 2.4, "pt_min": 40.0, "pt_max": 45.0, "eff": 0.9125245292470473}, {"eta_min": 0.0, "eta_max": 0.6, "pt_min": 45.0, "pt_max": 50.0, "eff": 0.9365168079169792}, {"eta_min": 0.6, "eta_max": 1.2, "pt_min": 45.0, "pt_max": 50.0, "eff": 0.9327533465199387}, {"eta_min": 1.2, "eta_max": 2.4, "pt_min": 45.0, "pt_max": 50.0, "eff": 0.9144942142790025}, {"eta_min": 0.0, "eta_max": 0.6, "pt_min": 50.0, "pt_max": 55.0, "eff": 0.9390563118509729}, {"eta_min": 0.6, "eta_max": 1.2, "pt_min": 50.0, "pt_max": 55.0, "eff": 0.9346134464612875}, {"eta_min": 1.2, "eta_max": 2.4, "pt_min": 50.0, "pt_max": 55.0, "eff": 0.9176661818802299}, {"eta_min": 0.0, "eta_max": 0.6, "pt_min": 55.0, "pt_max": 60.0, "eff": 0.9404448346501689}, {"eta_min": 0.6, "eta_max": 1.2, "pt_min": 55.0, "pt_max": 60.0, "eff": 0.9353884515717532}, {"eta_min": 1.2, "eta_max": 2.4, "pt_min": 55.0, "pt_max": 60.0, "eff": 0.9199686270693119}, {"eta_min": 0.0, "eta_max": 0.6, "pt_min": 60.0, "pt_max": 65.0, "eff": 0.9423025392026488}, {"eta_min": 0.6, "eta_max": 1.2, "pt_min": 60.0, "pt_max": 65.0, "eff": 0.9382189504296017}, {"eta_min": 1.2, "eta_max": 2.4, "pt_min": 60.0, "pt_max": 65.0, "eff": 0.9195035437654782}, {"eta_min": 0.0, "eta_max": 0.6, "pt_min": 65.0, "pt_max": 70.0, "eff": 0.9426621043820658}, {"eta_min": 0.6, "eta_max": 1.2, "pt_min": 65.0, "pt_max": 70.0, "eff": 0.9384999133897639}, {"eta_min": 1.2, "eta_max": 2.4, "pt_min": 65.0, "pt_max": 70.0, "eff": 0.9238240499587921}, {"eta_min": 0.0, "eta_max": 0.6, "pt_min": 70.0, "pt_max": 75.0, "eff": 0.9441362649459021}, {"eta_min": 0.6, "eta_max": 1.2, "pt_min": 70.0, "pt_max": 75.0, "eff": 0.9409193986812632}, {"eta_min": 1.2, "eta_max": 2.4, "pt_min": 70.0, "pt_max": 75.0, "eff": 0.9235379802753481}, {"eta_min": 0.0, "eta_max": 0.6, "pt_min": 75.0, "pt_max": 80.0, "eff": 0.9455517128786107}, {"eta_min": 0.6, "eta_max": 1.2, "pt_min": 75.0, "pt_max": 80.0, "eff": 0.9406887124928237}, {"eta_min": 1.2, "eta_max": 2.4, "pt_min": 75.0, "pt_max": 80.0, "eff": 0.9253575410654057}, {"eta_min": 0.0, "eta_max": 0.6, "pt_min": 80.0, "pt_max": 85.0, "eff": 0.9467621351014156}, {"eta_min": 0.6, "eta_max": 1.2, "pt_min": 80.0, "pt_max": 85.0, "eff": 0.9412784890581919}, {"eta_min": 1.2, "eta_max": 2.4, "pt_min": 80.0, "pt_max": 85.0, "eff": 0.9262111162728281}, {"eta_min": 0.0, "eta_max": 0.6, "pt_min": 85.0, "pt_max": 90.0, "eff": 0.946907212346855}, {"eta_min": 0.6, "eta_max": 1.2, "pt_min": 85.0, "pt_max": 90.0, "eff": 0.9411983737217077}, {"eta_min": 1.2, "eta_max": 2.4, "pt_min": 85.0, "pt_max": 90.0, "eff": 0.9240965057126821}, {"eta_min": 0.0, "eta_max": 0.6, "pt_min": 90.0, "pt_max": 95.0, "eff": 0.9462628105380022}, {"eta_min": 0.6, "eta_max": 1.2, "pt_min": 90.0, "pt_max": 95.0, "eff": 0.9432552954289788}, {"eta_min": 1.2, "eta_max": 2.4, "pt_min": 90.0, "pt_max": 95.0, "eff": 0.925130208332993}, {"eta_min": 0.0, "eta_max": 0.6, "pt_min": 95.0, "pt_max": 100.0, "eff": 0.9474157881201506}, {"eta_min": 0.6, "eta_max": 1.2, "pt_min": 95.0, "pt_max": 100.0, "eff": 0.9441817638858716}, {"eta_min": 1.2, "eta_max": 2.4, "pt_min": 95.0, "pt_max": 100.0, "eff": 0.9263943022176103}, {"eta_min": 0.0, "eta_max": 0.6, "pt_min": 100.0, "pt_max": 105.0, "eff": 0.9478571980695576}, {"eta_min": 0.6, "eta_max": 1.2, "pt_min": 100.0, "pt_max": 105.0, "eff": 0.9440689234857844}, {"eta_min": 1.2, "eta_max": 2.4, "pt_min": 100.0, "pt_max": 105.0, "eff": 0.9272678177164556}, {"eta_min": 0.0, "eta_max": 0.6, "pt_min": 105.0, "pt_max": 110.0, "eff": 0.9473496055224467}, {"eta_min": 0.6, "eta_max": 1.2, "pt_min": 105.0, "pt_max": 110.0, "eff": 0.9448680716246056}, {"eta_min": 1.2, "eta_max": 2.4, "pt_min": 105.0, "pt_max": 110.0, "eff": 0.9272147336553251}, {"eta_min": 0.0, "eta_max": 0.6, "pt_min": 110.0, "pt_max": 115.0, "eff": 0.9487495328911103}, {"eta_min": 0.6, "eta_max": 1.2, "pt_min": 110.0, "pt_max": 115.0, "eff": 0.945108322627215}, {"eta_min": 1.2, "eta_max": 2.4, "pt_min": 110.0, "pt_max": 115.0, "eff": 0.9295186791948775}, {"eta_min": 0.0, "eta_max": 0.6, "pt_min": 115.0, "pt_max": 120.0, "eff": 0.9494504119952726}, {"eta_min": 0.6, "eta_max": 1.2, "pt_min": 115.0, "pt_max": 120.0, "eff": 0.944837926884625}, {"eta_min": 1.2, "eta_max": 2.4, "pt_min": 115.0, "pt_max": 120.0, "eff": 0.9264345613870092}, {"eta_min": 0.0, "eta_max": 0.6, "pt_min": 120.0, "pt_max": 125.0, "eff": 0.9490589488636525}, {"eta_min": 0.6, "eta_max": 1.2, "pt_min": 120.0, "pt_max": 125.0, "eff": 0.9446719446719671}, {"eta_min": 1.2, "eta_max": 2.4, "pt_min": 120.0, "pt_max": 125.0, "eff": 0.9277489695519556}, {"eta_min": 0.0, "eta_max": 0.6, "pt_min": 125.0, "pt_max": 130.0, "eff": 0.9512224642943773}, {"eta_min": 0.6, "eta_max": 1.2, "pt_min": 125.0, "pt_max": 130.0, "eff": 0.9451716600231704}, {"eta_min": 1.2, "eta_max": 2.4, "pt_min": 125.0, "pt_max": 130.0, "eff": 0.9272687798524069}, {"eta_min": 0.0, "eta_max": 0.6, "pt_min": 130.0, "pt_max": 135.0, "eff": 0.9493414842450871}, {"eta_min": 0.6, "eta_max": 1.2, "pt_min": 130.0, "pt_max": 135.0, "eff": 0.9458317550045446}, {"eta_min": 1.2, "eta_max": 2.4, "pt_min": 130.0, "pt_max": 135.0, "eff": 0.9284987545171133}, {"eta_min": 0.0, "eta_max": 0.6, "pt_min": 135.0, "pt_max": 140.0, "eff": 0.9508473708463693}, {"eta_min": 0.6, "eta_max": 1.2, "pt_min": 135.0, "pt_max": 140.0, "eff": 0.948131347993325}, {"eta_min": 1.2, "eta_max": 2.4, "pt_min": 135.0, "pt_max": 140.0, "eff": 0.9329065715906815}, {"eta_min": 0.0, "eta_max": 0.6, "pt_min": 140.0, "pt_max": 1200.0, "eff": 0.9509066286675484}, {"eta_min": 0.6, "eta_max": 1.2, "pt_min": 140.0, "pt_max": 1200.0, "eff": 0.946471577417583}, {"eta_min": 1.2, "eta_max": 2.4, "pt_min": 140.0, "pt_max": 1200.0, "eff": 0.9309599021029337}], "c": [{"eta_min": 0.0, "eta_max": 0.6, "pt_min": 20.0, "pt_max": 25.0, "eff": 0.5103860294119026}, {"eta_min": 0.6, "eta_max": 1.2, "pt_min": 20.0, "pt_max": 25.0, "eff": 0.5080567348515104}, {"eta_min": 1.2, "eta_max": 2.4, "pt_min": 20.0, "pt_max": 25.0, "eff": 0.5166046575722376}, {"eta_min": 0.0, "eta_max": 0.6, "pt_min": 25.0, "pt_max": 30.0, "eff": 0.5009477743641788}, {"eta_min": 0.6, "eta_max": 1.2, "pt_min": 25.0, "pt_max": 30.0, "eff": 0.493834080717294}, {"eta_min": 1.2, "eta_max": 2.4, "pt_min": 25.0, "pt_max": 30.0, "eff": 0.50324633443712}, {"eta_min": 0.0, "eta_max": 0.6, "pt_min": 30.0, "pt_max": 1200.0, "eff": 0.4539345002245687}, {"eta_min": 0.6, "eta_max": 1.2, "pt_min": 30.0, "pt_max": 1200.0, "eff": 0.45419529916305035}, {"eta_min": 1.2, "eta_max": 2.4, "pt_min": 30.0, "pt_max": 1200.0, "eff": 0.45270960945577576}], "udsg": [{"eta_min": 0.0, "eta_max": 0.6, "pt_min": 20.0, "pt_max": 25.0, "eff": 0.2843428997216478}, {"eta_min": 0.6, "eta_max": 1.2, "pt_min": 20.0, "pt_max": 25.0, "eff": 0.29991272689509524}, {"eta_min": 1.2, "eta_max": 2.4, "pt_min": 20.0, "pt_max": 25.0, "eff": 0.4067635896736568}, {"eta_min": 0.0, "eta_max": 0.6, "pt_min": 25.0, "pt_max": 30.0, "eff": 0.2669214818964628}, {"eta_min": 0.6, "eta_max": 1.2, "pt_min": 25.0, "pt_max": 30.0, "eff": 0.2718757086268968}, {"eta_min": 1.2, "eta_max": 2.4, "pt_min": 25.0, "pt_max": 30.0, "eff": 0.3200330034392952}, {"eta_min": 0.0, "eta_max": 0.6, "pt_min": 30.0, "pt_max": 35.0, "eff": 0.26005453682333873}, {"eta_min": 0.6, "eta_max": 1.2, "pt_min": 30.0, "pt_max": 35.0, "eff": 0.268778363988519}, {"eta_min": 1.2, "eta_max": 2.4, "pt_min": 30.0, "pt_max": 35.0, "eff": 0.2945387770311797}, {"eta_min": 0.0, "eta_max": 0.6, "pt_min": 35.0, "pt_max": 40.0, "eff": 0.233644482882728}, {"eta_min": 0.6, "eta_max": 1.2, "pt_min": 35.0, "pt_max": 40.0, "eff": 0.24221129069933944}, {"eta_min": 1.2, "eta_max": 2.4, "pt_min": 35.0, "pt_max": 40.0, "eff": 0.27523022178038614}, {"eta_min": 0.0, "eta_max": 0.6, "pt_min": 40.0, "pt_max": 1200.0, "eff": 0.13378540832004485}, {"eta_min": 0.6, "eta_max": 1.2, "pt_min": 40.0, "pt_max": 1200.0, "eff": 0.13992906649787334}, {"eta_min": 1.2, "eta_max": 2.4, "pt_min": 40.0, "pt_max": 1200.0, "eff": 0.175300445701767}]}, "Signal_500_100": {"b": [{"eta_min": 0.0, "eta_max": 0.6, "pt_min": 20.0, "pt_max": 25.0, "eff": 0.891302954465457}, {"eta_min": 0.6, "eta_max": 1.2, "pt_min": 20.0, "pt_max": 25.0, "eff": 0.8865799891882625}, {"eta_min": 1.2, "eta_max": 2.4, "pt_min": 20.0, "pt_max": 25.0, "eff": 0.8676319283940845}, {"eta_min": 0.0, "eta_max": 0.6, "pt_min": 25.0, "pt_max": 30.0, "eff": 0.9073458735679945}, {"eta_min": 0.6, "eta_max": 1.2, "pt_min": 25.0, "pt_max": 30.0, "eff": 0.8998972570886176}, {"eta_min": 1.2, "eta_max": 2.4, "pt_min": 25.0, "pt_max": 30.0, "eff": 0.8860627016403928}, {"eta_min": 0.0, "eta_max": 0.6, "pt_min": 30.0, "pt_max": 35.0, "eff": 0.9079803884377416}, {"eta_min": 0.6, "eta_max": 1.2, "pt_min": 30.0, "pt_max": 35.0, "eff": 0.9156692152050137}, {"eta_min": 1.2, "eta_max": 2.4, "pt_min": 30.0, "pt_max": 35.0, "eff": 0.8991651787286699}, {"eta_min": 0.0, "eta_max": 0.6, "pt_min": 35.0, "pt_max": 40.0, "eff": 0.9246316386119062}, {"eta_min": 0.6, "eta_max": 1.2, "pt_min": 35.0, "pt_max": 40.0, "eff": 0.9127141113739362}, {"eta_min": 1.2, "eta_max": 2.4, "pt_min": 35.0, "pt_max": 40.0, "eff": 0.9035215737387853}, {"eta_min": 0.0, "eta_max": 0.6, "pt_min": 40.0, "pt_max": 1200.0, "eff": 0.9393752953933556}, {"eta_min": 0.6, "eta_max": 1.2, "pt_min": 40.0, "pt_max": 1200.0, "eff": 0.9344322812445846}, {"eta_min": 1.2, "eta_max": 2.4, "pt_min": 40.0, "pt_max": 1200.0, "eff": 0.9154571635637635}], "c": [{"eta_min": 0.0, "eta_max": 0.6, "pt_min": 20.0, "pt_max": 25.0, "eff": 0.4983757268532746}, {"eta_min": 0.6, "eta_max": 1.2, "pt_min": 20.0, "pt_max": 25.0, "eff": 0.4887792358505228}, {"eta_min": 1.2, "eta_max": 2.4, "pt_min": 20.0, "pt_max": 25.0, "eff": 0.5160800347540397}, {"eta_min": 0.0, "eta_max": 0.6, "pt_min": 25.0, "pt_max": 1200.0, "eff": 0.4431309495644666}, {"eta_min": 0.6, "eta_max": 1.2, "pt_min": 25.0, "pt_max": 1200.0, "eff": 0.43465663802501064}, {"eta_min": 1.2, "eta_max": 2.4, "pt_min": 25.0, "pt_max": 1200.0, "eff": 0.4527546576485639}], "udsg": [{"eta_min": 0.0, "eta_max": 0.6, "pt_min": 20.0, "pt_max": 25.0, "eff": 0.29251904452623656}, {"eta_min": 0.6, "eta_max": 1.2, "pt_min": 20.0, "pt_max": 25.0, "eff": 0.3024950875819539}, {"eta_min": 1.2, "eta_max": 2.4, "pt_min": 20.0, "pt_max": 25.0, "eff": 0.41294778953846245}, {"eta_min": 0.0, "eta_max": 0.6, "pt_min": 25.0, "pt_max": 1200.0, "eff": 0.13625931884668863}, {"eta_min": 0.6, "eta_max": 1.2, "pt_min": 25.0, "pt_max": 1200.0, "eff": 0.14886711481932605}, {"eta_min": 1.2, "eta_max": 2.4, "pt_min": 25.0, "pt_max": 1200.0, "eff": 0.19654108587170113}]}, "ST_tW_antitop": {"b": [{"eta_min": 0.0, "eta_max": 0.6, "pt_min": 20.0, "pt_max": 25.0, "eff": 0.898186073727327}, {"eta_min": 0.6, "eta_max": 1.2, "pt_min": 20.0, "pt_max": 25.0, "eff": 0.8990719257540613}, {"eta_min": 1.2, "eta_max": 2.4, "pt_min": 20.0, "pt_max": 25.0, "eff": 0.8820129207752472}, {"eta_min": 0.0, "eta_max": 0.6, "pt_min": 25.0, "pt_max": 30.0, "eff": 0.9192849404117017}, {"eta_min": 0.6, "eta_max": 1.2, "pt_min": 25.0, "pt_max": 30.0, "eff": 0.9043331457512671}, {"eta_min": 1.2, "eta_max": 2.4, "pt_min": 25.0, "pt_max": 30.0, "eff": 0.8882164471342121}, {"eta_min": 0.0, "eta_max": 0.6, "pt_min": 30.0, "pt_max": 35.0, "eff": 0.9180087847730607}, {"eta_min": 0.6, "eta_max": 1.2, "pt_min": 30.0, "pt_max": 35.0, "eff": 0.9159891598915997}, {"eta_min": 1.2, "eta_max": 2.4, "pt_min": 30.0, "pt_max": 35.0, "eff": 0.9078179696616109}, {"eta_min": 0.0, "eta_max": 0.6, "pt_min": 35.0, "pt_max": 40.0, "eff": 0.9266096352994152}, {"eta_min": 0.6, "eta_max": 1.2, "pt_min": 35.0, "pt_max": 40.0, "eff": 0.9149038461538468}, {"eta_min": 1.2, "eta_max": 2.4, "pt_min": 35.0, "pt_max": 40.0, "eff": 0.900076277650649}, {"eta_min": 0.0, "eta_max": 0.6, "pt_min": 40.0, "pt_max": 45.0, "eff": 0.930890924229809}, {"eta_min": 0.6, "eta_max": 1.2, "pt_min": 40.0, "pt_max": 45.0, "eff": 0.9194536033914279}, {"eta_min": 1.2, "eta_max": 2.4, "pt_min": 40.0, "pt_max": 45.0, "eff": 0.9120000000000006}, {"eta_min": 0.0, "eta_max": 0.6, "pt_min": 45.0, "pt_max": 50.0, "eff": 0.9388341543513962}, {"eta_min": 0.6, "eta_max": 1.2, "pt_min": 45.0, "pt_max": 50.0, "eff": 0.9246901811248814}, {"eta_min": 1.2, "eta_max": 2.4, "pt_min": 45.0, "pt_max": 50.0, "eff": 0.9151958674128289}, {"eta_min": 0.0, "eta_max": 0.6, "pt_min": 50.0, "pt_max": 55.0, "eff": 0.9381907490790017}, {"eta_min": 0.6, "eta_max": 1.2, "pt_min": 50.0, "pt_max": 55.0, "eff": 0.9187437686939189}, {"eta_min": 1.2, "eta_max": 2.4, "pt_min": 50.0, "pt_max": 55.0, "eff": 0.9286694101508922}, {"eta_min": 0.0, "eta_max": 0.6, "pt_min": 55.0, "pt_max": 60.0, "eff": 0.9423484527342099}, {"eta_min": 0.6, "eta_max": 1.2, "pt_min": 55.0, "pt_max": 60.0, "eff": 0.9463190184049084}, {"eta_min": 1.2, "eta_max": 2.4, "pt_min": 55.0, "pt_max": 60.0, "eff": 0.9191210846189815}, {"eta_min": 0.0, "eta_max": 0.6, "pt_min": 60.0, "pt_max": 65.0, "eff": 0.9361322018758379}, {"eta_min": 0.6, "eta_max": 1.2, "pt_min": 60.0, "pt_max": 65.0, "eff": 0.9372937293729379}, {"eta_min": 1.2, "eta_max": 2.4, "pt_min": 60.0, "pt_max": 65.0, "eff": 0.9194312796208538}, {"eta_min": 0.0, "eta_max": 0.6, "pt_min": 65.0, "pt_max": 70.0, "eff": 0.9322441134070164}, {"eta_min": 0.6, "eta_max": 1.2, "pt_min": 65.0, "pt_max": 70.0, "eff": 0.940841865756542}, {"eta_min": 1.2, "eta_max": 2.4, "pt_min": 65.0, "pt_max": 70.0, "eff": 0.9217545939537648}, {"eta_min": 0.0, "eta_max": 0.6, "pt_min": 70.0, "pt_max": 75.0, "eff": 0.9421443736730366}, {"eta_min": 0.6, "eta_max": 1.2, "pt_min": 70.0, "pt_max": 75.0, "eff": 0.9332084893882654}, {"eta_min": 1.2, "eta_max": 2.4, "pt_min": 70.0, "pt_max": 75.0, "eff": 0.9279796048438503}, {"eta_min": 0.0, "eta_max": 0.6, "pt_min": 75.0, "pt_max": 1200.0, "eff": 0.948257960313785}, {"eta_min": 0.6, "eta_max": 1.2, "pt_min": 75.0, "pt_max": 1200.0, "eff": 0.9445416120098936}, {"eta_min": 1.2, "eta_max": 2.4, "pt_min": 75.0, "pt_max": 1200.0, "eff": 0.9303152789005416}], "c": [{"eta_min": 0.0, "eta_max": 0.6, "pt_min": 20.0, "pt_max": 25.0, "eff": 0.53717026378897}, {"eta_min": 0.6, "eta_max": 1.2, "pt_min": 20.0, "pt_max": 25.0, "eff": 0.5064599483204131}, {"eta_min": 1.2, "eta_max": 2.4, "pt_min": 20.0, "pt_max": 25.0, "eff": 0.5248000000000084}, {"eta_min": 0.0, "eta_max": 0.6, "pt_min": 25.0, "pt_max": 1200.0, "eff": 0.4770541357515825}, {"eta_min": 0.6, "eta_max": 1.2, "pt_min": 25.0, "pt_max": 1200.0, "eff": 0.47064709806537985}, {"eta_min": 1.2, "eta_max": 2.4, "pt_min": 25.0, "pt_max": 1200.0, "eff": 0.4752996199941563}], "udsg": [{"eta_min": 0.0, "eta_max": 0.6, "pt_min": 20.0, "pt_max": 25.0, "eff": 0.2984897838317898}, {"eta_min": 0.6, "eta_max": 1.2, "pt_min": 20.0, "pt_max": 25.0, "eff": 0.3086816720257162}, {"eta_min": 1.2, "eta_max": 2.4, "pt_min": 20.0, "pt_max": 25.0, "eff": 0.4225145124548352}, {"eta_min": 0.0, "eta_max": 0.6, "pt_min": 25.0, "pt_max": 1200.0, "eff": 0.1779422788605787}, {"eta_min": 0.6, "eta_max": 1.2, "pt_min": 25.0, "pt_max": 1200.0, "eff": 0.1892031556826102}, {"eta_min": 1.2, "eta_max": 2.4, "pt_min": 25.0, "pt_max": 1200.0, "eff": 0.22998096911157143}]}, "ST_tW_top": {"b": [{"eta_min": 0.0, "eta_max": 0.6, "pt_min": 20.0, "pt_max": 25.0, "eff": 0.8994860079954303}, {"eta_min": 0.6, "eta_max": 1.2, "pt_min": 20.0, "pt_max": 25.0, "eff": 0.8955555555555547}, {"eta_min": 1.2, "eta_max": 2.4, "pt_min": 20.0, "pt_max": 25.0, "eff": 0.8835978835978829}, {"eta_min": 0.0, "eta_max": 0.6, "pt_min": 25.0, "pt_max": 30.0, "eff": 0.91317365269461}, {"eta_min": 0.6, "eta_max": 1.2, "pt_min": 25.0, "pt_max": 30.0, "eff": 0.9086161879895553}, {"eta_min": 1.2, "eta_max": 2.4, "pt_min": 25.0, "pt_max": 30.0, "eff": 0.9057071960297761}, {"eta_min": 0.0, "eta_max": 0.6, "pt_min": 30.0, "pt_max": 35.0, "eff": 0.9198292220113845}, {"eta_min": 0.6, "eta_max": 1.2, "pt_min": 30.0, "pt_max": 35.0, "eff": 0.9131551901336066}, {"eta_min": 1.2, "eta_max": 2.4, "pt_min": 30.0, "pt_max": 35.0, "eff": 0.8905082212257093}, {"eta_min": 0.0, "eta_max": 0.6, "pt_min": 35.0, "pt_max": 40.0, "eff": 0.935497835497835}, {"eta_min": 0.6, "eta_max": 1.2, "pt_min": 35.0, "pt_max": 40.0, "eff": 0.9259615384615378}, {"eta_min": 1.2, "eta_max": 2.4, "pt_min": 35.0, "pt_max": 40.0, "eff": 0.9032874617736997}, {"eta_min": 0.0, "eta_max": 0.6, "pt_min": 40.0, "pt_max": 45.0, "eff": 0.9385567010309274}, {"eta_min": 0.6, "eta_max": 1.2, "pt_min": 40.0, "pt_max": 45.0, "eff": 0.9249882794186586}, {"eta_min": 1.2, "eta_max": 2.4, "pt_min": 40.0, "pt_max": 45.0, "eff": 0.9157325086973322}, {"eta_min": 0.0, "eta_max": 0.6, "pt_min": 45.0, "pt_max": 50.0, "eff": 0.9394308943089427}, {"eta_min": 0.6, "eta_max": 1.2, "pt_min": 45.0, "pt_max": 50.0, "eff": 0.9304837952090178}, {"eta_min": 1.2, "eta_max": 2.4, "pt_min": 45.0, "pt_max": 50.0, "eff": 0.9101941747572809}, {"eta_min": 0.0, "eta_max": 0.6, "pt_min": 50.0, "pt_max": 55.0, "eff": 0.9361963190184045}, {"eta_min": 0.6, "eta_max": 1.2, "pt_min": 50.0, "pt_max": 55.0, "eff": 0.9336658354114707}, {"eta_min": 1.2, "eta_max": 2.4, "pt_min": 50.0, "pt_max": 55.0, "eff": 0.9245196706312895}, {"eta_min": 0.0, "eta_max": 0.6, "pt_min": 55.0, "pt_max": 60.0, "eff": 0.938417618270799}, {"eta_min": 0.6, "eta_max": 1.2, "pt_min": 55.0, "pt_max": 60.0, "eff": 0.9344344344344339}, {"eta_min": 1.2, "eta_max": 2.4, "pt_min": 55.0, "pt_max": 60.0, "eff": 0.9133112269066785}, {"eta_min": 0.0, "eta_max": 0.6, "pt_min": 60.0, "pt_max": 65.0, "eff": 0.9492187499999997}, {"eta_min": 0.6, "eta_max": 1.2, "pt_min": 60.0, "pt_max": 65.0, "eff": 0.9357749469214431}, {"eta_min": 1.2, "eta_max": 2.4, "pt_min": 60.0, "pt_max": 65.0, "eff": 0.9181494661921701}, {"eta_min": 0.0, "eta_max": 0.6, "pt_min": 65.0, "pt_max": 70.0, "eff": 0.9391705069124419}, {"eta_min": 0.6, "eta_max": 1.2, "pt_min": 65.0, "pt_max": 70.0, "eff": 0.9381502890173404}, {"eta_min": 1.2, "eta_max": 2.4, "pt_min": 65.0, "pt_max": 70.0, "eff": 0.9357384441939114}, {"eta_min": 0.0, "eta_max": 0.6, "pt_min": 70.0, "pt_max": 75.0, "eff": 0.9355498721227615}, {"eta_min": 0.6, "eta_max": 1.2, "pt_min": 70.0, "pt_max": 75.0, "eff": 0.9385542168674693}, {"eta_min": 1.2, "eta_max": 2.4, "pt_min": 70.0, "pt_max": 75.0, "eff": 0.9291640076579444}, {"eta_min": 0.0, "eta_max": 0.6, "pt_min": 75.0, "pt_max": 1200.0, "eff": 0.9467281413176347}, {"eta_min": 0.6, "eta_max": 1.2, "pt_min": 75.0, "pt_max": 1200.0, "eff": 0.9443364797334858}, {"eta_min": 1.2, "eta_max": 2.4, "pt_min": 75.0, "pt_max": 1200.0, "eff": 0.9289898098371244}], "c": [{"eta_min": 0.0, "eta_max": 0.6, "pt_min": 20.0, "pt_max": 25.0, "eff": 0.5217391304347839}, {"eta_min": 0.6, "eta_max": 1.2, "pt_min": 20.0, "pt_max": 25.0, "eff": 0.48062015503876115}, {"eta_min": 1.2, "eta_max": 2.4, "pt_min": 20.0, "pt_max": 25.0, "eff": 0.5297709923664039}, {"eta_min": 0.0, "eta_max": 0.6, "pt_min": 25.0, "pt_max": 1200.0, "eff": 0.48316096526122637}, {"eta_min": 0.6, "eta_max": 1.2, "pt_min": 25.0, "pt_max": 1200.0, "eff": 0.4798011187072689}, {"eta_min": 1.2, "eta_max": 2.4, "pt_min": 25.0, "pt_max": 1200.0, "eff": 0.4814601897096964}], "udsg": [{"eta_min": 0.0, "eta_max": 0.6, "pt_min": 20.0, "pt_max": 25.0, "eff": 0.303812146687982}, {"eta_min": 0.6, "eta_max": 1.2, "pt_min": 20.0, "pt_max": 25.0, "eff": 0.3218981411516366}, {"eta_min": 1.2, "eta_max": 2.4, "pt_min": 20.0, "pt_max": 25.0, "eff": 0.4236599695365677}, {"eta_min": 0.0, "eta_max": 0.6, "pt_min": 25.0, "pt_max": 1200.0, "eff": 0.17936245717074834}, {"eta_min": 0.6, "eta_max": 1.2, "pt_min": 25.0, "pt_max": 1200.0, "eff": 0.18825158762325714}, {"eta_min": 1.2, "eta_max": 2.4, "pt_min": 25.0, "pt_max": 1200.0, "eff": 0.2310096905280604}]}, "Signal_1000_100": {"b": [{"eta_min": 0.0, "eta_max": 0.6, "pt_min": 20.0, "pt_max": 25.0, "eff": 0.8820157721463343}, {"eta_min": 0.6, "eta_max": 1.2, "pt_min": 20.0, "pt_max": 25.0, "eff": 0.8835598422117535}, {"eta_min": 1.2, "eta_max": 2.4, "pt_min": 20.0, "pt_max": 25.0, "eff": 0.8703680250036802}, {"eta_min": 0.0, "eta_max": 0.6, "pt_min": 25.0, "pt_max": 30.0, "eff": 0.9017398660758125}, {"eta_min": 0.6, "eta_max": 1.2, "pt_min": 25.0, "pt_max": 30.0, "eff": 0.9064288992812883}, {"eta_min": 1.2, "eta_max": 2.4, "pt_min": 25.0, "pt_max": 30.0, "eff": 0.8908399835366422}, {"eta_min": 0.0, "eta_max": 0.6, "pt_min": 30.0, "pt_max": 35.0, "eff": 0.9299324284583169}, {"eta_min": 0.6, "eta_max": 1.2, "pt_min": 30.0, "pt_max": 35.0, "eff": 0.9098686094451768}, {"eta_min": 1.2, "eta_max": 2.4, "pt_min": 30.0, "pt_max": 35.0, "eff": 0.9017550278570134}, {"eta_min": 0.0, "eta_max": 0.6, "pt_min": 35.0, "pt_max": 40.0, "eff": 0.930871036181059}, {"eta_min": 0.6, "eta_max": 1.2, "pt_min": 35.0, "pt_max": 40.0, "eff": 0.9126423005624839}, {"eta_min": 1.2, "eta_max": 2.4, "pt_min": 35.0, "pt_max": 40.0, "eff": 0.903602256296728}, {"eta_min": 0.0, "eta_max": 0.6, "pt_min": 40.0, "pt_max": 45.0, "eff": 0.932360978845026}, {"eta_min": 0.6, "eta_max": 1.2, "pt_min": 40.0, "pt_max": 45.0, "eff": 0.9191180133899745}, {"eta_min": 1.2, "eta_max": 2.4, "pt_min": 40.0, "pt_max": 45.0, "eff": 0.9085618575468544}, {"eta_min": 0.0, "eta_max": 0.6, "pt_min": 45.0, "pt_max": 1200.0, "eff": 0.941099057613004}, {"eta_min": 0.6, "eta_max": 1.2, "pt_min": 45.0, "pt_max": 1200.0, "eff": 0.9395156346990842}, {"eta_min": 1.2, "eta_max": 2.4, "pt_min": 45.0, "pt_max": 1200.0, "eff": 0.9168809398338574}], "c": [{"eta_min": 0.0, "eta_max": 0.6, "pt_min": 20.0, "pt_max": 25.0, "eff": 0.5048405980525571}, {"eta_min": 0.6, "eta_max": 1.2, "pt_min": 20.0, "pt_max": 25.0, "eff": 0.48860334842309705}, {"eta_min": 1.2, "eta_max": 2.4, "pt_min": 20.0, "pt_max": 25.0, "eff": 0.5080612724155337}, {"eta_min": 0.0, "eta_max": 0.6, "pt_min": 25.0, "pt_max": 1200.0, "eff": 0.4679004420524592}, {"eta_min": 0.6, "eta_max": 1.2, "pt_min": 25.0, "pt_max": 1200.0, "eff": 0.45888715102769567}, {"eta_min": 1.2, "eta_max": 2.4, "pt_min": 25.0, "pt_max": 1200.0, "eff": 0.4439767973576192}], "udsg": [{"eta_min": 0.0, "eta_max": 0.6, "pt_min": 20.0, "pt_max": 25.0, "eff": 0.2782137383550694}, {"eta_min": 0.6, "eta_max": 1.2, "pt_min": 20.0, "pt_max": 25.0, "eff": 0.29363782165967384}, {"eta_min": 1.2, "eta_max": 2.4, "pt_min": 20.0, "pt_max": 25.0, "eff": 0.39940982957681365}, {"eta_min": 0.0, "eta_max": 0.6, "pt_min": 25.0, "pt_max": 1200.0, "eff": 0.11220520563770134}, {"eta_min": 0.6, "eta_max": 1.2, "pt_min": 25.0, "pt_max": 1200.0, "eff": 0.1203368288124801}, {"eta_min": 1.2, "eta_max": 2.4, "pt_min": 25.0, "pt_max": 1200.0, "eff": 0.1747121230019716}]}, "WZ": {"b": [{"eta_min": 0.0, "eta_max": 0.6, "pt_min": 20.0, "pt_max": 25.0, "eff": 0.930232558139535}, {"eta_min": 0.6, "eta_max": 1.2, "pt_min": 20.0, "pt_max": 25.0, "eff": 0.7812500000000002}, {"eta_min": 1.2, "eta_max": 2.4, "pt_min": 20.0, "pt_max": 25.0, "eff": 0.6911764705882355}, {"eta_min": 0.0, "eta_max": 0.6, "pt_min": 25.0, "pt_max": 30.0, "eff": 0.9629629629629629}, {"eta_min": 0.6, "eta_max": 1.2, "pt_min": 25.0, "pt_max": 30.0, "eff": 0.9655172413793104}, {"eta_min": 1.2, "eta_max": 2.4, "pt_min": 25.0, "pt_max": 30.0, "eff": 0.8780487804878051}, {"eta_min": 0.0, "eta_max": 0.6, "pt_min": 30.0, "pt_max": 1200.0, "eff": 0.8918032786885227}, {"eta_min": 0.6, "eta_max": 1.2, "pt_min": 30.0, "pt_max": 1200.0, "eff": 0.9017094017094005}, {"eta_min": 1.2, "eta_max": 2.4, "pt_min": 30.0, "pt_max": 1200.0, "eff": 0.8242811501597415}], "c": [{"eta_min": 0.0, "eta_max": 0.6, "pt_min": 20.0, "pt_max": 25.0, "eff": 0.5414012738853468}, {"eta_min": 0.6, "eta_max": 1.2, "pt_min": 20.0, "pt_max": 25.0, "eff": 0.5032397408207298}, {"eta_min": 1.2, "eta_max": 2.4, "pt_min": 20.0, "pt_max": 25.0, "eff": 0.5586907449210013}, {"eta_min": 0.0, "eta_max": 0.6, "pt_min": 25.0, "pt_max": 1200.0, "eff": 0.491513601487987}, {"eta_min": 0.6, "eta_max": 1.2, "pt_min": 25.0, "pt_max": 1200.0, "eff": 0.4907740234842636}, {"eta_min": 1.2, "eta_max": 2.4, "pt_min": 25.0, "pt_max": 1200.0, "eff": 0.49294278342689823}], "udsg": [{"eta_min": 0.0, "eta_max": 0.6, "pt_min": 20.0, "pt_max": 25.0, "eff": 0.3264645776566379}, {"eta_min": 0.6, "eta_max": 1.2, "pt_min": 20.0, "pt_max": 25.0, "eff": 0.3448457223001023}, {"eta_min": 1.2, "eta_max": 2.4, "pt_min": 20.0, "pt_max": 25.0, "eff": 0.44741012594891527}, {"eta_min": 0.0, "eta_max": 0.6, "pt_min": 25.0, "pt_max": 1200.0, "eff": 0.16610754649382}, {"eta_min": 0.6, "eta_max": 1.2, "pt_min": 25.0, "pt_max": 1200.0, "eff": 0.17770329864169257}, {"eta_min": 1.2, "eta_max": 2.4, "pt_min": 25.0, "pt_max": 1200.0, "eff": 0.23197740113004922}]}, "WWW": {"b": [{"eta_min": 0.0, "eta_max": 0.6, "pt_min": 20.0, "pt_max": 1200.0, "eff": 1.0}, {"eta_min": 0.6, "eta_max": 1.2, "pt_min": 20.0, "pt_max": 1200.0, "eff": 1.0}, {"eta_min": 1.2, "eta_max": 2.4, "pt_min": 20.0, "pt_max": 1200.0, "eff": 0.923076923076923}], "c": [{"eta_min": 0.0, "eta_max": 0.6, "pt_min": 20.0, "pt_max": 1200.0, "eff": 0.4494382022471908}, {"eta_min": 0.6, "eta_max": 1.2, "pt_min": 20.0, "pt_max": 1200.0, "eff": 0.53846153846154}, {"eta_min": 1.2, "eta_max": 2.4, "pt_min": 20.0, "pt_max": 1200.0, "eff": 0.5260663507108987}], "udsg": [{"eta_min": 0.0, "eta_max": 0.6, "pt_min": 20.0, "pt_max": 25.0, "eff": 0.2752293577981654}, {"eta_min": 0.6, "eta_max": 1.2, "pt_min": 20.0, "pt_max": 25.0, "eff": 0.29629629629629656}, {"eta_min": 1.2, "eta_max": 2.4, "pt_min": 20.0, "pt_max": 25.0, "eff": 0.44725738396624287}, {"eta_min": 0.0, "eta_max": 0.6, "pt_min": 25.0, "pt_max": 30.0, "eff": 0.23636363636363664}, {"eta_min": 0.6, "eta_max": 1.2, "pt_min": 25.0, "pt_max": 30.0, "eff": 0.2592592592592595}, {"eta_min": 1.2, "eta_max": 2.4, "pt_min": 25.0, "pt_max": 30.0, "eff": 0.24137931034482785}, {"eta_min": 0.0, "eta_max": 0.6, "pt_min": 30.0, "pt_max": 1200.0, "eff": 0.10465116279069708}, {"eta_min": 0.6, "eta_max": 1.2, "pt_min": 30.0, "pt_max": 1200.0, "eff": 0.11908177905308442}, {"eta_min": 1.2, "eta_max": 2.4, "pt_min": 30.0, "pt_max": 1200.0, "eff": 0.1772540983606535}]}, "WWZ": {"b": [{"eta_min": 0.0, "eta_max": 0.6, "pt_min": 20.0, "pt_max": 1200.0, "eff": 0.9456521739130436}, {"eta_min": 0.6, "eta_max": 1.2, "pt_min": 20.0, "pt_max": 1200.0, "eff": 0.9142857142857143}, {"eta_min": 1.2, "eta_max": 2.4, "pt_min": 20.0, "pt_max": 1200.0, "eff": 0.8878504672897196}], "c": [{"eta_min": 0.0, "eta_max": 0.6, "pt_min": 20.0, "pt_max": 25.0, "eff": 0.5555555555555556}, {"eta_min": 0.6, "eta_max": 1.2, "pt_min": 20.0, "pt_max": 25.0, "eff": 0.5813953488372092}, {"eta_min": 1.2, "eta_max": 2.4, "pt_min": 20.0, "pt_max": 25.0, "eff": 0.5172413793103449}, {"eta_min": 0.0, "eta_max": 0.6, "pt_min": 25.0, "pt_max": 1200.0, "eff": 0.5016556291390759}, {"eta_min": 0.6, "eta_max": 1.2, "pt_min": 25.0, "pt_max": 1200.0, "eff": 0.4990990990991024}, {"eta_min": 1.2, "eta_max": 2.4, "pt_min": 25.0, "pt_max": 1200.0, "eff": 0.5167785234899352}], "udsg": [{"eta_min": 0.0, "eta_max": 0.6, "pt_min": 20.0, "pt_max": 25.0, "eff": 0.32352941176470945}, {"eta_min": 0.6, "eta_max": 1.2, "pt_min": 20.0, "pt_max": 25.0, "eff": 0.29927007299270403}, {"eta_min": 1.2, "eta_max": 2.4, "pt_min": 20.0, "pt_max": 25.0, "eff": 0.4248985115020326}, {"eta_min": 0.0, "eta_max": 0.6, "pt_min": 25.0, "pt_max": 1200.0, "eff": 0.13376784605834985}, {"eta_min": 0.6, "eta_max": 1.2, "pt_min": 25.0, "pt_max": 1200.0, "eff": 0.14689462665736328}, {"eta_min": 1.2, "eta_max": 2.4, "pt_min": 25.0, "pt_max": 1200.0, "eff": 0.19622440840202152}]}, "WZZ": {"b": [{"eta_min": 0.0, "eta_max": 0.6, "pt_min": 20.0, "pt_max": 25.0, "eff": 0.9107142857142856}, {"eta_min": 0.6, "eta_max": 1.2, "pt_min": 20.0, "pt_max": 25.0, "eff": 0.8936170212765956}, {"eta_min": 1.2, "eta_max": 2.4, "pt_min": 20.0, "pt_max": 25.0, "eff": 0.8405797101449274}, {"eta_min": 0.0, "eta_max": 0.6, "pt_min": 25.0, "pt_max": 1200.0, "eff": 0.9275167785234882}, {"eta_min": 0.6, "eta_max": 1.2, "pt_min": 25.0, "pt_max": 1200.0, "eff": 0.9309859154929561}, {"eta_min": 1.2, "eta_max": 2.4, "pt_min": 25.0, "pt_max": 1200.0, "eff": 0.9144385026737948}], "c": [{"eta_min": 0.0, "eta_max": 0.6, "pt_min": 20.0, "pt_max": 25.0, "eff": 0.5339805825242716}, {"eta_min": 0.6, "eta_max": 1.2, "pt_min": 20.0, "pt_max": 25.0, "eff": 0.48623853211009144}, {"eta_min": 1.2, "eta_max": 2.4, "pt_min": 20.0, "pt_max": 25.0, "eff": 0.5217391304347824}, {"eta_min": 0.0, "eta_max": 0.6, "pt_min": 25.0, "pt_max": 1200.0, "eff": 0.49770491803280154}, {"eta_min": 0.6, "eta_max": 1.2, "pt_min": 25.0, "pt_max": 1200.0, "eff": 0.49531250000000776}, {"eta_min": 1.2, "eta_max": 2.4, "pt_min": 25.0, "pt_max": 1200.0, "eff": 0.5127445168939134}], "udsg": [{"eta_min": 0.0, "eta_max": 0.6, "pt_min": 20.0, "pt_max": 25.0, "eff": 0.28542713567839073}, {"eta_min": 0.6, "eta_max": 1.2, "pt_min": 20.0, "pt_max": 25.0, "eff": 0.29449838187702004}, {"eta_min": 1.2, "eta_max": 2.4, "pt_min": 20.0, "pt_max": 25.0, "eff": 0.40393013100438097}, {"eta_min": 0.0, "eta_max": 0.6, "pt_min": 25.0, "pt_max": 1200.0, "eff": 0.12830721808372852}, {"eta_min": 0.6, "eta_max": 1.2, "pt_min": 25.0, "pt_max": 1200.0, "eff": 0.13216306397793837}, {"eta_min": 1.2, "eta_max": 2.4, "pt_min": 25.0, "pt_max": 1200.0, "eff": 0.18948056190784918}]}, "TTGamma": {"b": [{"eta_min": 0.0, "eta_max": 0.6, "pt_min": 20.0, "pt_max": 25.0, "eff": 0.8991327689448838}, {"eta_min": 0.6, "eta_max": 1.2, "pt_min": 20.0, "pt_max": 25.0, "eff": 0.8960018225310569}, {"eta_min": 1.2, "eta_max": 2.4, "pt_min": 20.0, "pt_max": 25.0, "eff": 0.8778034300791702}, {"eta_min": 0.0, "eta_max": 0.6, "pt_min": 25.0, "pt_max": 30.0, "eff": 0.9170033374319444}, {"eta_min": 0.6, "eta_max": 1.2, "pt_min": 25.0, "pt_max": 30.0, "eff": 0.9120453190220758}, {"eta_min": 1.2, "eta_max": 2.4, "pt_min": 25.0, "pt_max": 30.0, "eff": 0.8903714107365915}, {"eta_min": 0.0, "eta_max": 0.6, "pt_min": 30.0, "pt_max": 35.0, "eff": 0.9177985396875338}, {"eta_min": 0.6, "eta_max": 1.2, "pt_min": 30.0, "pt_max": 35.0, "eff": 0.9225326885187275}, {"eta_min": 1.2, "eta_max": 2.4, "pt_min": 30.0, "pt_max": 35.0, "eff": 0.9006434236121609}, {"eta_min": 0.0, "eta_max": 0.6, "pt_min": 35.0, "pt_max": 40.0, "eff": 0.9286614757137636}, {"eta_min": 0.6, "eta_max": 1.2, "pt_min": 35.0, "pt_max": 40.0, "eff": 0.9239213683941885}, {"eta_min": 1.2, "eta_max": 2.4, "pt_min": 35.0, "pt_max": 40.0, "eff": 0.9107529288859136}, {"eta_min": 0.0, "eta_max": 0.6, "pt_min": 40.0, "pt_max": 45.0, "eff": 0.9321420820371914}, {"eta_min": 0.6, "eta_max": 1.2, "pt_min": 40.0, "pt_max": 45.0, "eff": 0.9323295965960312}, {"eta_min": 1.2, "eta_max": 2.4, "pt_min": 40.0, "pt_max": 45.0, "eff": 0.9066809684339667}, {"eta_min": 0.0, "eta_max": 0.6, "pt_min": 45.0, "pt_max": 50.0, "eff": 0.9373622467117021}, {"eta_min": 0.6, "eta_max": 1.2, "pt_min": 45.0, "pt_max": 50.0, "eff": 0.9279643187747288}, {"eta_min": 1.2, "eta_max": 2.4, "pt_min": 45.0, "pt_max": 50.0, "eff": 0.9115336266499157}, {"eta_min": 0.0, "eta_max": 0.6, "pt_min": 50.0, "pt_max": 55.0, "eff": 0.9364412914434698}, {"eta_min": 0.6, "eta_max": 1.2, "pt_min": 50.0, "pt_max": 55.0, "eff": 0.9370071841598117}, {"eta_min": 1.2, "eta_max": 2.4, "pt_min": 50.0, "pt_max": 55.0, "eff": 0.9169504194003919}, {"eta_min": 0.0, "eta_max": 0.6, "pt_min": 55.0, "pt_max": 60.0, "eff": 0.9372302566820694}, {"eta_min": 0.6, "eta_max": 1.2, "pt_min": 55.0, "pt_max": 60.0, "eff": 0.9321555413896819}, {"eta_min": 1.2, "eta_max": 2.4, "pt_min": 55.0, "pt_max": 60.0, "eff": 0.9180705798900618}, {"eta_min": 0.0, "eta_max": 0.6, "pt_min": 60.0, "pt_max": 65.0, "eff": 0.9402435116949764}, {"eta_min": 0.6, "eta_max": 1.2, "pt_min": 60.0, "pt_max": 65.0, "eff": 0.9336147352264097}, {"eta_min": 1.2, "eta_max": 2.4, "pt_min": 60.0, "pt_max": 65.0, "eff": 0.9133948093925396}, {"eta_min": 0.0, "eta_max": 0.6, "pt_min": 65.0, "pt_max": 70.0, "eff": 0.941034482758628}, {"eta_min": 0.6, "eta_max": 1.2, "pt_min": 65.0, "pt_max": 70.0, "eff": 0.9337484687627701}, {"eta_min": 1.2, "eta_max": 2.4, "pt_min": 65.0, "pt_max": 70.0, "eff": 0.9191666666666788}, {"eta_min": 0.0, "eta_max": 0.6, "pt_min": 70.0, "pt_max": 75.0, "eff": 0.9434268699810594}, {"eta_min": 0.6, "eta_max": 1.2, "pt_min": 70.0, "pt_max": 75.0, "eff": 0.9406170518633291}, {"eta_min": 1.2, "eta_max": 2.4, "pt_min": 70.0, "pt_max": 75.0, "eff": 0.9201193618730763}, {"eta_min": 0.0, "eta_max": 0.6, "pt_min": 75.0, "pt_max": 80.0, "eff": 0.944198227236108}, {"eta_min": 0.6, "eta_max": 1.2, "pt_min": 75.0, "pt_max": 80.0, "eff": 0.9368220288473107}, {"eta_min": 1.2, "eta_max": 2.4, "pt_min": 75.0, "pt_max": 80.0, "eff": 0.9233215115568191}, {"eta_min": 0.0, "eta_max": 0.6, "pt_min": 80.0, "pt_max": 85.0, "eff": 0.9451395572666109}, {"eta_min": 0.6, "eta_max": 1.2, "pt_min": 80.0, "pt_max": 85.0, "eff": 0.9395632960748748}, {"eta_min": 1.2, "eta_max": 2.4, "pt_min": 80.0, "pt_max": 85.0, "eff": 0.926685815893873}, {"eta_min": 0.0, "eta_max": 0.6, "pt_min": 85.0, "pt_max": 90.0, "eff": 0.9479768786127253}, {"eta_min": 0.6, "eta_max": 1.2, "pt_min": 85.0, "pt_max": 90.0, "eff": 0.9380844431850508}, {"eta_min": 1.2, "eta_max": 2.4, "pt_min": 85.0, "pt_max": 90.0, "eff": 0.9193101324299532}, {"eta_min": 0.0, "eta_max": 0.6, "pt_min": 90.0, "pt_max": 1200.0, "eff": 0.9490509613961093}, {"eta_min": 0.6, "eta_max": 1.2, "pt_min": 90.0, "pt_max": 1200.0, "eff": 0.946086136434981}, {"eta_min": 1.2, "eta_max": 2.4, "pt_min": 90.0, "pt_max": 1200.0, "eff": 0.9290062751707676}], "c": [{"eta_min": 0.0, "eta_max": 0.6, "pt_min": 20.0, "pt_max": 25.0, "eff": 0.519785378940309}, {"eta_min": 0.6, "eta_max": 1.2, "pt_min": 20.0, "pt_max": 25.0, "eff": 0.5262789067974777}, {"eta_min": 1.2, "eta_max": 2.4, "pt_min": 20.0, "pt_max": 25.0, "eff": 0.5343827671913666}, {"eta_min": 0.0, "eta_max": 0.6, "pt_min": 25.0, "pt_max": 1200.0, "eff": 0.46649544711658825}, {"eta_min": 0.6, "eta_max": 1.2, "pt_min": 25.0, "pt_max": 1200.0, "eff": 0.4568123393316845}, {"eta_min": 1.2, "eta_max": 2.4, "pt_min": 25.0, "pt_max": 1200.0, "eff": 0.45730157235672514}], "udsg": [{"eta_min": 0.0, "eta_max": 0.6, "pt_min": 20.0, "pt_max": 25.0, "eff": 0.2769870812348809}, {"eta_min": 0.6, "eta_max": 1.2, "pt_min": 20.0, "pt_max": 25.0, "eff": 0.29833234067899234}, {"eta_min": 1.2, "eta_max": 2.4, "pt_min": 20.0, "pt_max": 25.0, "eff": 0.40984077540639463}, {"eta_min": 0.0, "eta_max": 0.6, "pt_min": 25.0, "pt_max": 30.0, "eff": 0.2434371127051896}, {"eta_min": 0.6, "eta_max": 1.2, "pt_min": 25.0, "pt_max": 30.0, "eff": 0.25354310781175426}, {"eta_min": 1.2, "eta_max": 2.4, "pt_min": 25.0, "pt_max": 30.0, "eff": 0.31957562769520165}, {"eta_min": 0.0, "eta_max": 0.6, "pt_min": 30.0, "pt_max": 1200.0, "eff": 0.2282091531904231}, {"eta_min": 0.6, "eta_max": 1.2, "pt_min": 30.0, "pt_max": 1200.0, "eff": 0.22610219580110236}, {"eta_min": 1.2, "eta_max": 2.4, "pt_min": 30.0, "pt_max": 1200.0, "eff": 0.23525586971387405}]}, "DYJetsToLL": {"b": [{"eta_min": 0.0, "eta_max": 0.6, "pt_min": 20.0, "pt_max": 25.0, "eff": 0.878408582923543}, {"eta_min": 0.6, "eta_max": 1.2, "pt_min": 20.0, "pt_max": 25.0, "eff": 0.8698955365621857}, {"eta_min": 1.2, "eta_max": 2.4, "pt_min": 20.0, "pt_max": 25.0, "eff": 0.8468018720748695}, {"eta_min": 0.0, "eta_max": 0.6, "pt_min": 25.0, "pt_max": 30.0, "eff": 0.8969521044992602}, {"eta_min": 0.6, "eta_max": 1.2, "pt_min": 25.0, "pt_max": 30.0, "eff": 0.9060402684563621}, {"eta_min": 1.2, "eta_max": 2.4, "pt_min": 25.0, "pt_max": 30.0, "eff": 0.8727010457987608}, {"eta_min": 0.0, "eta_max": 0.6, "pt_min": 30.0, "pt_max": 35.0, "eff": 0.9112781954887091}, {"eta_min": 0.6, "eta_max": 1.2, "pt_min": 30.0, "pt_max": 35.0, "eff": 0.8990280777537643}, {"eta_min": 1.2, "eta_max": 2.4, "pt_min": 30.0, "pt_max": 35.0, "eff": 0.8855468749999873}, {"eta_min": 0.0, "eta_max": 0.6, "pt_min": 35.0, "pt_max": 40.0, "eff": 0.9131751640585438}, {"eta_min": 0.6, "eta_max": 1.2, "pt_min": 35.0, "pt_max": 40.0, "eff": 0.9006550218340458}, {"eta_min": 1.2, "eta_max": 2.4, "pt_min": 35.0, "pt_max": 40.0, "eff": 0.9006479481641347}, {"eta_min": 0.0, "eta_max": 0.6, "pt_min": 40.0, "pt_max": 45.0, "eff": 0.9057398630858206}, {"eta_min": 0.6, "eta_max": 1.2, "pt_min": 40.0, "pt_max": 45.0, "eff": 0.9077380952380918}, {"eta_min": 1.2, "eta_max": 2.4, "pt_min": 40.0, "pt_max": 45.0, "eff": 0.9048757170171955}, {"eta_min": 0.0, "eta_max": 0.6, "pt_min": 45.0, "pt_max": 1200.0, "eff": 0.9300719219540029}, {"eta_min": 0.6, "eta_max": 1.2, "pt_min": 45.0, "pt_max": 1200.0, "eff": 0.9268539610225316}, {"eta_min": 1.2, "eta_max": 2.4, "pt_min": 45.0, "pt_max": 1200.0, "eff": 0.9086294416243718}], "c": [{"eta_min": 0.0, "eta_max": 0.6, "pt_min": 20.0, "pt_max": 25.0, "eff": 0.505871301080329}, {"eta_min": 0.6, "eta_max": 1.2, "pt_min": 20.0, "pt_max": 25.0, "eff": 0.5012781186094005}, {"eta_min": 1.2, "eta_max": 2.4, "pt_min": 20.0, "pt_max": 25.0, "eff": 0.5222592368262315}, {"eta_min": 0.0, "eta_max": 0.6, "pt_min": 25.0, "pt_max": 1200.0, "eff": 0.4617705953687016}, {"eta_min": 0.6, "eta_max": 1.2, "pt_min": 25.0, "pt_max": 1200.0, "eff": 0.4635532017330702}, {"eta_min": 1.2, "eta_max": 2.4, "pt_min": 25.0, "pt_max": 1200.0, "eff": 0.46983689290038627}], "udsg": [{"eta_min": 0.0, "eta_max": 0.6, "pt_min": 20.0, "pt_max": 25.0, "eff": 0.31085297231035836}, {"eta_min": 0.6, "eta_max": 1.2, "pt_min": 20.0, "pt_max": 25.0, "eff": 0.3323358589579619}, {"eta_min": 1.2, "eta_max": 2.4, "pt_min": 20.0, "pt_max": 25.0, "eff": 0.4478245069669386}, {"eta_min": 0.0, "eta_max": 0.6, "pt_min": 25.0, "pt_max": 30.0, "eff": 0.2527083753410998}, {"eta_min": 0.6, "eta_max": 1.2, "pt_min": 25.0, "pt_max": 30.0, "eff": 0.26733116354725}, {"eta_min": 1.2, "eta_max": 2.4, "pt_min": 25.0, "pt_max": 30.0, "eff": 0.336689775153517}, {"eta_min": 0.0, "eta_max": 0.6, "pt_min": 30.0, "pt_max": 1200.0, "eff": 0.12434271162361883}, {"eta_min": 0.6, "eta_max": 1.2, "pt_min": 30.0, "pt_max": 1200.0, "eff": 0.13984993138823534}, {"eta_min": 1.2, "eta_max": 2.4, "pt_min": 30.0, "pt_max": 1200.0, "eff": 0.19379614616775342}]}}