{
    "DoubleEl": [
        {
            "SF": 0.0,
            "SF_err": 0.0,
            "lep0_pt_max": 30.0,
            "lep0_pt_min": 20.0,
            "lep1_pt_max": 30.0,
            "lep1_pt_min": 20.0
        },
        {
            "SF": 0.0,
            "SF_err": 0.0,
            "lep0_pt_max": 30.0,
            "lep0_pt_min": 20.0,
            "lep1_pt_max": 40.0,
            "lep1_pt_min": 30.0
        },
        {
            "SF": 0.0,
            "SF_err": 0.0,
            "lep0_pt_max": 30.0,
            "lep0_pt_min": 20.0,
            "lep1_pt_max": 60.0,
            "lep1_pt_min": 40.0
        },
        {
            "SF": 0.0,
            "SF_err": 0.0,
            "lep0_pt_max": 30.0,
            "lep0_pt_min": 20.0,
            "lep1_pt_max": 100.0,
            "lep1_pt_min": 60.0
        },
        {
            "SF": 0.0,
            "SF_err": 0.0,
            "lep0_pt_max": 40.0,
            "lep0_pt_min": 30.0,
            "lep1_pt_max": 30.0,
            "lep1_pt_min": 20.0
        },
        {
            "SF": 0.0,
            "SF_err": 0.0,
            "lep0_pt_max": 40.0,
            "lep0_pt_min": 30.0,
            "lep1_pt_max": 40.0,
            "lep1_pt_min": 30.0
        },
        {
            "SF": 0.0,
            "SF_err": 0.0,
            "lep0_pt_max": 40.0,
            "lep0_pt_min": 30.0,
            "lep1_pt_max": 60.0,
            "lep1_pt_min": 40.0
        },
        {
            "SF": 0.0,
            "SF_err": 0.0,
            "lep0_pt_max": 40.0,
            "lep0_pt_min": 30.0,
            "lep1_pt_max": 100.0,
            "lep1_pt_min": 60.0
        },
        {
            "SF": 0.9950471281496025,
            "SF_err": 0.023480181005047673,
            "lep0_pt_max": 60.0,
            "lep0_pt_min": 40.0,
            "lep1_pt_max": 30.0,
            "lep1_pt_min": 20.0
        },
        {
            "SF": 0.9810013720585374,
            "SF_err": 0.023007031621643415,
            "lep0_pt_max": 60.0,
            "lep0_pt_min": 40.0,
            "lep1_pt_max": 40.0,
            "lep1_pt_min": 30.0
        },
        {
            "SF": 1.001416330915674,
            "SF_err": 0.013965253423960822,
            "lep0_pt_max": 60.0,
            "lep0_pt_min": 40.0,
            "lep1_pt_max": 60.0,
            "lep1_pt_min": 40.0
        },
        {
            "SF": 0.0,
            "SF_err": 0.0,
            "lep0_pt_max": 60.0,
            "lep0_pt_min": 40.0,
            "lep1_pt_max": 100.0,
            "lep1_pt_min": 60.0
        },
        {
            "SF": 0.9948534820074074,
            "SF_err": 0.008729110256452954,
            "lep0_pt_max": 100.0,
            "lep0_pt_min": 60.0,
            "lep1_pt_max": 30.0,
            "lep1_pt_min": 20.0
        },
        {
            "SF": 0.9988468692462071,
            "SF_err": 0.007834243746639102,
            "lep0_pt_max": 100.0,
            "lep0_pt_min": 60.0,
            "lep1_pt_max": 40.0,
            "lep1_pt_min": 30.0
        },
        {
            "SF": 0.9919935471292277,
            "SF_err": 0.008915452189582784,
            "lep0_pt_max": 100.0,
            "lep0_pt_min": 60.0,
            "lep1_pt_max": 60.0,
            "lep1_pt_min": 40.0
        },
        {
            "SF": 1.0010836180528675,
            "SF_err": 0.004292214445403286,
            "lep0_pt_max": 100.0,
            "lep0_pt_min": 60.0,
            "lep1_pt_max": 100.0,
            "lep1_pt_min": 60.0
        }
    ],
    "DoubleMu": [
        {
            "SF": 0.0,
            "SF_err": 0.0,
            "lep0_pt_max": 30.0,
            "lep0_pt_min": 20.0,
            "lep1_pt_max": 30.0,
            "lep1_pt_min": 20.0
        },
        {
            "SF": 0.0,
            "SF_err": 0.0,
            "lep0_pt_max": 30.0,
            "lep0_pt_min": 20.0,
            "lep1_pt_max": 40.0,
            "lep1_pt_min": 30.0
        },
        {
            "SF": 0.0,
            "SF_err": 0.0,
            "lep0_pt_max": 30.0,
            "lep0_pt_min": 20.0,
            "lep1_pt_max": 60.0,
            "lep1_pt_min": 40.0
        },
        {
            "SF": 0.0,
            "SF_err": 0.0,
            "lep0_pt_max": 30.0,
            "lep0_pt_min": 20.0,
            "lep1_pt_max": 100.0,
            "lep1_pt_min": 60.0
        },
        {
            "SF": 0.0,
            "SF_err": 0.0,
            "lep0_pt_max": 40.0,
            "lep0_pt_min": 30.0,
            "lep1_pt_max": 30.0,
            "lep1_pt_min": 20.0
        },
        {
            "SF": 0.0,
            "SF_err": 0.0,
            "lep0_pt_max": 40.0,
            "lep0_pt_min": 30.0,
            "lep1_pt_max": 40.0,
            "lep1_pt_min": 30.0
        },
        {
            "SF": 0.0,
            "SF_err": 0.0,
            "lep0_pt_max": 40.0,
            "lep0_pt_min": 30.0,
            "lep1_pt_max": 60.0,
            "lep1_pt_min": 40.0
        },
        {
            "SF": 0.0,
            "SF_err": 0.0,
            "lep0_pt_max": 40.0,
            "lep0_pt_min": 30.0,
            "lep1_pt_max": 100.0,
            "lep1_pt_min": 60.0
        },
        {
            "SF": 0.9902026908243424,
            "SF_err": 0.015224801868129911,
            "lep0_pt_max": 60.0,
            "lep0_pt_min": 40.0,
            "lep1_pt_max": 30.0,
            "lep1_pt_min": 20.0
        },
        {
            "SF": 0.9989933351415136,
            "SF_err": 0.00793742896673233,
            "lep0_pt_max": 60.0,
            "lep0_pt_min": 40.0,
            "lep1_pt_max": 40.0,
            "lep1_pt_min": 30.0
        },
        {
            "SF": 0.9965023645023655,
            "SF_err": 0.007314617929612077,
            "lep0_pt_max": 60.0,
            "lep0_pt_min": 40.0,
            "lep1_pt_max": 60.0,
            "lep1_pt_min": 40.0
        },
        {
            "SF": 0.0,
            "SF_err": 0.0,
            "lep0_pt_max": 60.0,
            "lep0_pt_min": 40.0,
            "lep1_pt_max": 100.0,
            "lep1_pt_min": 60.0
        },
        {
            "SF": 0.9980790607138018,
            "SF_err": 0.0019987718674975286,
            "lep0_pt_max": 100.0,
            "lep0_pt_min": 60.0,
            "lep1_pt_max": 30.0,
            "lep1_pt_min": 20.0
        },
        {
            "SF": 0.9994491521543291,
            "SF_err": 0.0012880735104112695,
            "lep0_pt_max": 100.0,
            "lep0_pt_min": 60.0,
            "lep1_pt_max": 40.0,
            "lep1_pt_min": 30.0
        },
        {
            "SF": 0.9995909970305936,
            "SF_err": 0.0009810040367469464,
            "lep0_pt_max": 100.0,
            "lep0_pt_min": 60.0,
            "lep1_pt_max": 60.0,
            "lep1_pt_min": 40.0
        },
        {
            "SF": 0.999896285088646,
            "SF_err": 0.0008844307382290806,
            "lep0_pt_max": 100.0,
            "lep0_pt_min": 60.0,
            "lep1_pt_max": 100.0,
            "lep1_pt_min": 60.0
        }
    ],
    "ElMu": [
        {
            "SF": 0.9882981488685348,
            "SF_err": 0.006495644349533203,
            "lep0_pt_max": 60.0,
            "lep0_pt_min": 40.0,
            "lep1_pt_max": 60.0,
            "lep1_pt_min": 40.0
        },
        {
            "SF": 0.9937004491882003,
            "SF_err": 0.006889865148110408,
            "lep0_pt_max": 60.0,
            "lep0_pt_min": 40.0,
            "lep1_pt_max": 80.0,
            "lep1_pt_min": 60.0
        },
        {
            "SF": 0.9981977009344855,
            "SF_err": 0.0058498048031728755,
            "lep0_pt_max": 60.0,
            "lep0_pt_min": 40.0,
            "lep1_pt_max": 120.0,
            "lep1_pt_min": 80.0
        },
        {
            "SF": 0.9984076508846667,
            "SF_err": 0.009595067686216097,
            "lep0_pt_max": 60.0,
            "lep0_pt_min": 40.0,
            "lep1_pt_max": 200.0,
            "lep1_pt_min": 120.0
        },
        {
            "SF": 0.9895610748928665,
            "SF_err": 0.008240108007939728,
            "lep0_pt_max": 80.0,
            "lep0_pt_min": 60.0,
            "lep1_pt_max": 60.0,
            "lep1_pt_min": 40.0
        },
        {
            "SF": 0.9712044931937955,
            "SF_err": 0.037834061423487886,
            "lep0_pt_max": 80.0,
            "lep0_pt_min": 60.0,
            "lep1_pt_max": 80.0,
            "lep1_pt_min": 60.0
        },
        {
            "SF": 0.9894796520520022,
            "SF_err": 0.05262980387963179,
            "lep0_pt_max": 80.0,
            "lep0_pt_min": 60.0,
            "lep1_pt_max": 120.0,
            "lep1_pt_min": 80.0
        },
        {
            "SF": 1.0,
            "SF_err": 0.13204642399393163,
            "lep0_pt_max": 80.0,
            "lep0_pt_min": 60.0,
            "lep1_pt_max": 200.0,
            "lep1_pt_min": 120.0
        },
        {
            "SF": 0.9803402878915046,
            "SF_err": 0.009348053250983757,
            "lep0_pt_max": 120.0,
            "lep0_pt_min": 80.0,
            "lep1_pt_max": 60.0,
            "lep1_pt_min": 40.0
        },
        {
            "SF": 1.002133317360219,
            "SF_err": 0.035454683823546995,
            "lep0_pt_max": 120.0,
            "lep0_pt_min": 80.0,
            "lep1_pt_max": 80.0,
            "lep1_pt_min": 60.0
        },
        {
            "SF": 0.9598026584689042,
            "SF_err": 0.07262647632281505,
            "lep0_pt_max": 120.0,
            "lep0_pt_min": 80.0,
            "lep1_pt_max": 120.0,
            "lep1_pt_min": 80.0
        },
        {
            "SF": 1.0,
            "SF_err": 0.18499249773992377,
            "lep0_pt_max": 120.0,
            "lep0_pt_min": 80.0,
            "lep1_pt_max": 200.0,
            "lep1_pt_min": 120.0
        },
        {
            "SF": 0.9860784489914018,
            "SF_err": 0.014693147562467535,
            "lep0_pt_max": 200.0,
            "lep0_pt_min": 120.0,
            "lep1_pt_max": 60.0,
            "lep1_pt_min": 40.0
        },
        {
            "SF": 1.0,
            "SF_err": 0.07384089108037595,
            "lep0_pt_max": 200.0,
            "lep0_pt_min": 120.0,
            "lep1_pt_max": 80.0,
            "lep1_pt_min": 60.0
        },
        {
            "SF": 1.0,
            "SF_err": 0.08027705593250423,
            "lep0_pt_max": 200.0,
            "lep0_pt_min": 120.0,
            "lep1_pt_max": 120.0,
            "lep1_pt_min": 80.0
        },
        {
            "SF": 1.0,
            "SF_err": 0.18499249773992377,
            "lep0_pt_max": 200.0,
            "lep0_pt_min": 120.0,
            "lep1_pt_max": 200.0,
            "lep1_pt_min": 120.0
        }
    ]
}